{
    "asset": {
        "format": "jpg",
        "id": "0b0a6df33d9819e3de3a5aaadc2c3424",
        "name": "71662801_p0_master1200.jpg",
        "size": {
            "height": 739,
            "width": 600
        }
    },
    "dataset": {
        "average_hash": "e7e3c3cbcbdfe3e3",
        "split": "train",
        "version": "v2"
    },
    "regions": [
        {
            "boundingBox": {
                "height": 101.40322164887364,
                "left": 238.32672240724602,
                "top": 225.048234661806,
                "width": 185.9760664373755
            },
            "id": "CzVdGavDn",
            "points": [
                {
                    "x": 238.32672240724602,
                    "y": 225.048234661806
                },
                {
                    "x": 424.30278884462155,
                    "y": 225.048234661806
                },
                {
                    "x": 424.30278884462155,
                    "y": 326.45145631067965
                },
                {
                    "x": 238.32672240724602,
                    "y": 326.45145631067965
                }
            ]
        }
    ]
}