{
    "asset": {
        "format": "jpg",
        "id": "ac29b9507768b2abcff38b0247cdbe30",
        "name": "71667354_p4_master1200.jpg",
        "size": {
            "height": 879,
            "width": 484
        }
    },
    "dataset": {
        "average_hash": "fffbffdb99808101",
        "split": "train",
        "version": "v3"
    },
    "regions": [
        {
            "boundingBox": {
                "height": 218.29470198675494,
                "left": 75.28434684684686,
                "top": 493.3460264900662,
                "width": 324.12012012012013
            },
            "id": "vpI_uCDhb",
            "points": [
                {
                    "x": 75.28434684684686,
                    "y": 493.3460264900662
                },
                {
                    "x": 399.404466966967,
                    "y": 493.3460264900662
                },
                {
                    "x": 399.404466966967,
                    "y": 711.6407284768212
                },
                {
                    "x": 75.28434684684686,
                    "y": 711.6407284768212
                }
            ]
        }
    ]
}