{
    "asset": {
        "format": "jpg",
        "id": "59ce06f02720243dfe253c1d08740e0e",
        "name": "71667354_p0_master1200.jpg",
        "size": {
            "height": 459,
            "width": 600
        }
    },
    "dataset": {
        "average_hash": "fcf7ffbf26220040",
        "split": "train",
        "version": "v2"
    },
    "regions": [
        {
            "boundingBox": {
                "height": 131.20001220703125,
                "left": 188.60003662109375,
                "top": 261,
                "width": 237.60003662109375
            },
            "id": "t457eezW8",
            "points": [
                {
                    "x": 188.60003662109375,
                    "y": 261
                },
                {
                    "x": 426.2000732421875,
                    "y": 261
                },
                {
                    "x": 426.2000732421875,
                    "y": 392.20001220703125
                },
                {
                    "x": 188.60003662109375,
                    "y": 392.20001220703125
                }
            ]
        },
        {
            "boundingBox": {
                "height": 62.4000244140625,
                "left": 451,
                "top": 356.20001220703125,
                "width": 103.2000732421875
            },
            "id": "TsoIK8kcd",
            "points": [
                {
                    "x": 451,
                    "y": 356.20001220703125
                },
                {
                    "x": 554.2000732421875,
                    "y": 356.20001220703125
                },
                {
                    "x": 554.2000732421875,
                    "y": 418.60003662109375
                },
                {
                    "x": 451,
                    "y": 418.60003662109375
                }
            ]
        }
    ]
}