{
    "asset": {
        "format": "jpg",
        "id": "43c67b6cbe1ffd60d874076a815107e3",
        "name": "71663665_p0_master1200.jpg",
        "size": {
            "height": 800,
            "width": 600
        }
    },
    "dataset": {
        "average_hash": "e3c3e1c3c7c381dd",
        "split": "train",
        "version": "v2"
    },
    "regions": [
        {
            "boundingBox": {
                "height": 173.98057462328075,
                "left": 130.62633407296167,
                "top": 352.10355987055016,
                "width": 272.6566191110961
            },
            "id": "qRz9BOZUB",
            "points": [
                {
                    "x": 130.62633407296167,
                    "y": 352.10355987055016
                },
                {
                    "x": 403.2829531840578,
                    "y": 352.10355987055016
                },
                {
                    "x": 403.2829531840578,
                    "y": 526.0841344938309
                },
                {
                    "x": 130.62633407296167,
                    "y": 526.0841344938309
                }
            ]
        }
    ]
}