{
    "asset": {
        "format": "jpg",
        "id": "0170cdeb1a64168be8d05b1f268205e0",
        "name": "71669577_p0_master1200.jpg",
        "size": {
            "height": 960,
            "width": 600
        }
    },
    "dataset": {
        "average_hash": "18b8e0e0889f92b6",
        "split": "train",
        "version": "v2"
    },
    "regions": [
        {
            "boundingBox": {
                "height": 107.19998168945312,
                "left": 236.60003662109375,
                "top": 294.20001220703125,
                "width": 186.39996337890625
            },
            "id": "iaHNHBemw",
            "points": [
                {
                    "x": 236.60003662109375,
                    "y": 294.20001220703125
                },
                {
                    "x": 423,
                    "y": 294.20001220703125
                },
                {
                    "x": 423,
                    "y": 401.3999938964844
                },
                {
                    "x": 236.60003662109375,
                    "y": 401.3999938964844
                }
            ]
        }
    ]
}