{
    "asset": {
        "format": "jpg",
        "id": "97db70361cad3316902dcffb1b555bd3",
        "name": "71663461_p0_master1200.jpg",
        "size": {
            "height": 800,
            "width": 600
        }
    },
    "dataset": {
        "average_hash": "f7d79f89201824a4",
        "split": "train",
        "version": "v2"
    },
    "regions": [
        {
            "boundingBox": {
                "height": 130.48546059617718,
                "left": 211.49029659658478,
                "top": 315.8576051779935,
                "width": 236.3715219188715
            },
            "id": "I6akgZPEO",
            "points": [
                {
                    "x": 211.49029659658478,
                    "y": 315.8576051779935
                },
                {
                    "x": 447.86181851545626,
                    "y": 315.8576051779935
                },
                {
                    "x": 447.86181851545626,
                    "y": 446.34306577417067
                },
                {
                    "x": 211.49029659658478,
                    "y": 446.34306577417067
                }
            ]
        }
    ]
}