{
    "asset": {
        "format": "jpg",
        "id": "2a807e0024b9f4a14ded2e64399d5296",
        "name": "71664558_p0_master1200.jpg",
        "size": {
            "height": 946,
            "width": 600
        }
    },
    "dataset": {
        "average_hash": "ff07818181c3f1f9",
        "split": "train",
        "version": "v2"
    },
    "regions": [
        {
            "boundingBox": {
                "height": 73.4757281553398,
                "left": 213.06124317402742,
                "top": 161.64661128466955,
                "width": 186.12241161112883
            },
            "id": "Uul-xjDnu",
            "points": [
                {
                    "x": 213.06124317402742,
                    "y": 161.64661128466955
                },
                {
                    "x": 399.18365478515625,
                    "y": 161.64661128466955
                },
                {
                    "x": 399.18365478515625,
                    "y": 235.12233944000934
                },
                {
                    "x": 213.06124317402742,
                    "y": 235.12233944000934
                }
            ]
        }
    ]
}