{
    "asset": {
        "format": "jpg",
        "id": "241bf1a10b07245028a8e803f7806823",
        "name": "71665965_p0_master1200.jpg",
        "size": {
            "height": 425,
            "width": 600
        }
    },
    "dataset": {
        "average_hash": "ff7f7f7f3c180008",
        "split": "train",
        "version": "v2"
    },
    "regions": [
        {
            "boundingBox": {
                "height": 32.79998779296875,
                "left": 125.60000610351562,
                "top": 149.10000610351562,
                "width": 68.80001831054688
            },
            "id": "Otnc4gesi",
            "points": [
                {
                    "x": 125.60000610351562,
                    "y": 149.10000610351562
                },
                {
                    "x": 194.4000244140625,
                    "y": 149.10000610351562
                },
                {
                    "x": 194.4000244140625,
                    "y": 181.89999389648438
                },
                {
                    "x": 125.60000610351562,
                    "y": 181.89999389648438
                }
            ]
        }
    ]
}