{
    "asset": {
        "format": "jpg",
        "id": "fe523a9ee669c0728191af0165d56b28",
        "name": "71667354_p2_master1200.jpg",
        "size": {
            "height": 619,
            "width": 432
        }
    },
    "dataset": {
        "average_hash": "ffe1e8e9f9c1c181",
        "split": "train",
        "version": "v3"
    },
    "regions": [
        {
            "boundingBox": {
                "height": 133.22847682119206,
                "left": 84.23104265402843,
                "top": 397.63576158940396,
                "width": 181.19431279620852
            },
            "id": "Yr7arxZau",
            "points": [
                {
                    "x": 84.23104265402843,
                    "y": 397.63576158940396
                },
                {
                    "x": 265.42535545023696,
                    "y": 397.63576158940396
                },
                {
                    "x": 265.42535545023696,
                    "y": 530.864238410596
                },
                {
                    "x": 84.23104265402843,
                    "y": 530.864238410596
                }
            ]
        }
    ]
}