{
    "asset": {
        "format": "jpg",
        "id": "93f4acaac5e780253587b44014a79048",
        "name": "71665656_p0_master1200.jpg",
        "size": {
            "height": 841,
            "width": 600
        }
    },
    "dataset": {
        "average_hash": "fc3eef6f818180a0",
        "split": "test",
        "version": "v2"
    },
    "regions": [
        {
            "boundingBox": {
                "height": 175.27635879269695,
                "left": 26.39454951902636,
                "top": 295.0304456297248,
                "width": 276.46264316273385
            },
            "id": "bUGnFn2O8",
            "points": [
                {
                    "x": 26.39454951902636,
                    "y": 295.0304456297248
                },
                {
                    "x": 302.8571926817602,
                    "y": 295.0304456297248
                },
                {
                    "x": 302.8571926817602,
                    "y": 470.30680442242175
                },
                {
                    "x": 26.39454951902636,
                    "y": 470.30680442242175
                }
            ]
        }
    ]
}