{
    "asset": {
        "format": "jpg",
        "id": "a24510d43b701b5cb8e87658ad09f1dc",
        "name": "71662978_p0_master1200.jpg",
        "size": {
            "height": 1050,
            "width": 600
        }
    },
    "dataset": {
        "average_hash": "e0c687df86f7702c",
        "split": "train",
        "version": "v2"
    },
    "regions": [
        {
            "boundingBox": {
                "height": 160.3883391445123,
                "left": 98.2436053138279,
                "top": 468.9320388349514,
                "width": 278.75354107648724
            },
            "id": "AsiYZ1-Db",
            "points": [
                {
                    "x": 98.2436053138279,
                    "y": 468.9320388349514
                },
                {
                    "x": 376.99714639031515,
                    "y": 468.9320388349514
                },
                {
                    "x": 376.99714639031515,
                    "y": 629.3203779794637
                },
                {
                    "x": 98.2436053138279,
                    "y": 629.3203779794637
                }
            ]
        }
    ]
}