{
    "asset": {
        "format": "jpg",
        "id": "dda8c00791d213c33bd406f4ddae3b93",
        "name": "71667070_p0_master1200.jpg",
        "size": {
            "height": 750,
            "width": 600
        }
    },
    "dataset": {
        "average_hash": "000c4ccc590fd7db",
        "split": "train",
        "version": "v2"
    },
    "regions": [
        {
            "boundingBox": {
                "height": 132.03885717299377,
                "left": 209.14981239720393,
                "top": 352.42717705884024,
                "width": 260.4048879523026
            },
            "id": "7e-qr5r3W",
            "points": [
                {
                    "x": 209.14981239720393,
                    "y": 352.42717705884024
                },
                {
                    "x": 469.55470034950656,
                    "y": 352.42717705884024
                },
                {
                    "x": 469.55470034950656,
                    "y": 484.466034231834
                },
                {
                    "x": 209.14981239720393,
                    "y": 484.466034231834
                }
            ]
        }
    ]
}