{
    "asset": {
        "format": "jpg",
        "id": "5e9a0246a12190c583b54f8d8dbb689d",
        "name": "71662978_p1_master1200.jpg",
        "size": {
            "height": 1050,
            "width": 600
        }
    },
    "dataset": {
        "average_hash": "00c7c3c3c7f7c3e5",
        "split": "train",
        "version": "v3"
    },
    "regions": [
        {
            "boundingBox": {
                "height": 132.11920529801324,
                "left": 106.22282608695652,
                "top": 483.2781456953643,
                "width": 234.78260869565216
            },
            "id": "EU2xgOKXu",
            "points": [
                {
                    "x": 106.22282608695652,
                    "y": 483.2781456953643
                },
                {
                    "x": 341.0054347826087,
                    "y": 483.2781456953643
                },
                {
                    "x": 341.0054347826087,
                    "y": 615.3973509933775
                },
                {
                    "x": 106.22282608695652,
                    "y": 615.3973509933775
                }
            ]
        }
    ]
}