{
    "asset": {
        "format": "jpg",
        "id": "5d04e96f5541ccb98419f3d642a5bf63",
        "name": "71667354_p3_master1200.jpg",
        "size": {
            "height": 865,
            "width": 490
        }
    },
    "dataset": {
        "average_hash": "e79dc5e1c1919181",
        "split": "train",
        "version": "v3"
    },
    "regions": [
        {
            "boundingBox": {
                "height": 189.03973509933775,
                "left": 32.34877558479533,
                "top": 653.046357615894,
                "width": 100.29239766081872
            },
            "id": "MB4MjmNjE",
            "points": [
                {
                    "x": 32.34877558479533,
                    "y": 653.046357615894
                },
                {
                    "x": 132.64117324561406,
                    "y": 653.046357615894
                },
                {
                    "x": 132.64117324561406,
                    "y": 842.0860927152318
                },
                {
                    "x": 32.34877558479533,
                    "y": 842.0860927152318
                }
            ]
        }
    ]
}