{
    "asset": {
        "format": "jpg",
        "id": "15b40ca8a928c6fed3f790d853704022",
        "name": "71663327_p0_master1200.jpg",
        "size": {
            "height": 686,
            "width": 600
        }
    },
    "dataset": {
        "average_hash": "cf878783c383e3ff",
        "split": "train",
        "version": "v2"
    },
    "regions": [
        {
            "boundingBox": {
                "height": 178.49319033329542,
                "left": 176.88890245225696,
                "top": 465.3255798932418,
                "width": 340.88887532552087
            },
            "id": "OP_9MGr8j",
            "points": [
                {
                    "x": 176.88890245225696,
                    "y": 465.3255798932418
                },
                {
                    "x": 517.7777777777778,
                    "y": 465.3255798932418
                },
                {
                    "x": 517.7777777777778,
                    "y": 643.8187702265373
                },
                {
                    "x": 176.88890245225696,
                    "y": 643.8187702265373
                }
            ]
        }
    ]
}