{
    "asset": {
        "format": "jpg",
        "id": "49a9ee536e616d36f6660cffe76f2e8d",
        "name": "71663314_p0_master1200.jpg",
        "size": {
            "height": 601,
            "width": 600
        }
    },
    "dataset": {
        "average_hash": "e7c3c3da989cfce6",
        "split": "train",
        "version": "v2"
    },
    "regions": [
        {
            "boundingBox": {
                "height": 163.199951171875,
                "left": 149.60003662109375,
                "top": 425.10003662109375,
                "width": 301.5999755859375
            },
            "id": "xTaK8g2HF",
            "points": [
                {
                    "x": 149.60003662109375,
                    "y": 425.10003662109375
                },
                {
                    "x": 451.20001220703125,
                    "y": 425.10003662109375
                },
                {
                    "x": 451.20001220703125,
                    "y": 588.2999877929688
                },
                {
                    "x": 149.60003662109375,
                    "y": 588.2999877929688
                }
            ]
        }
    ]
}