{
    "asset": {
        "format": "jpg",
        "id": "b4fe604dd4402ac3f24e3343d226d175",
        "name": "71661892_p0_master1200.jpg",
        "size": {
            "height": 677,
            "width": 600
        }
    },
    "dataset": {
        "average_hash": "30206e6f36f6c060",
        "split": "train",
        "version": "v2"
    },
    "regions": [
        {
            "boundingBox": {
                "height": 227.85763860906212,
                "left": 18.866558179558957,
                "top": 391.7398125114564,
                "width": 326.4350737688528
            },
            "id": "gsjm79KIb",
            "points": [
                {
                    "x": 18.866558179558957,
                    "y": 391.7398125114564
                },
                {
                    "x": 345.3016319484118,
                    "y": 391.7398125114564
                },
                {
                    "x": 345.3016319484118,
                    "y": 619.5974511205186
                },
                {
                    "x": 18.866558179558957,
                    "y": 619.5974511205186
                }
            ]
        }
    ]
}