{
    "asset": {
        "format": "jpg",
        "id": "95d65b89098ec91118c37e7e0138fdb4",
        "name": "71666382_p0_master1200.jpg",
        "size": {
            "height": 888,
            "width": 600
        }
    },
    "dataset": {
        "average_hash": "dfbb1a1a9800c081",
        "split": "test",
        "version": "v2"
    },
    "regions": [
        {
            "boundingBox": {
                "height": 67.82137676350122,
                "left": 232.82298402923146,
                "top": 305.4835039157312,
                "width": 140.09565873579544
            },
            "id": "imlMnvx-W",
            "points": [
                {
                    "x": 232.82298402923146,
                    "y": 305.4835039157312
                },
                {
                    "x": 372.9186427650269,
                    "y": 305.4835039157312
                },
                {
                    "x": 372.9186427650269,
                    "y": 373.3048806792324
                },
                {
                    "x": 232.82298402923146,
                    "y": 373.3048806792324
                }
            ]
        }
    ]
}