{
    "asset": {
        "format": "jpg",
        "id": "64cac0060da0ccd4a70cfe5e56036f33",
        "name": "71667276_p0_master1200.jpg",
        "size": {
            "height": 534,
            "width": 600
        }
    },
    "dataset": {
        "average_hash": "fffff1f19193f1f1",
        "split": "test",
        "version": "v2"
    },
    "regions": [
        {
            "boundingBox": {
                "height": 98.4000244140625,
                "left": 310.2000732421875,
                "top": 410,
                "width": 176
            },
            "id": "x6kCQZTEW",
            "points": [
                {
                    "x": 310.2000732421875,
                    "y": 410
                },
                {
                    "x": 486.2000732421875,
                    "y": 410
                },
                {
                    "x": 486.2000732421875,
                    "y": 508.4000244140625
                },
                {
                    "x": 310.2000732421875,
                    "y": 508.4000244140625
                }
            ]
        }
    ]
}