{
    "asset": {
        "format": "jpg",
        "id": "6f794b9fed5a98e6cecd15dacfc02b2f",
        "name": "71663461_p1_master1200.jpg",
        "size": {
            "height": 800,
            "width": 600
        }
    },
    "dataset": {
        "average_hash": "e7c78f83e180013f",
        "split": "train",
        "version": "v3"
    },
    "regions": [
        {
            "boundingBox": {
                "height": 90.06622516556293,
                "left": 237.0860927152318,
                "top": 341.72185430463577,
                "width": 190.72847682119206
            },
            "id": "qtr3pcYBb",
            "points": [
                {
                    "x": 237.0860927152318,
                    "y": 341.72185430463577
                },
                {
                    "x": 427.81456953642385,
                    "y": 341.72185430463577
                },
                {
                    "x": 427.81456953642385,
                    "y": 431.7880794701987
                },
                {
                    "x": 237.0860927152318,
                    "y": 431.7880794701987
                }
            ]
        }
    ]
}