{
    "asset": {
        "format": "jpg",
        "id": "772ac438596553e284d4978b33015c20",
        "name": "71673449_p6_master1200.jpg",
        "size": {
            "height": 338,
            "width": 600
        }
    },
    "dataset": {
        "average_hash": "000c0c2436363213",
        "split": "train",
        "version": "v3"
    },
    "regions": [
        {
            "boundingBox": {
                "height": 37.08723958333333,
                "left": 387.3417721518987,
                "top": 176.32942708333331,
                "width": 65.09945750452086
            },
            "id": "ahOxFiLVP",
            "points": [
                {
                    "x": 387.3417721518987,
                    "y": 176.32942708333331
                },
                {
                    "x": 452.4412296564195,
                    "y": 176.32942708333331
                },
                {
                    "x": 452.4412296564195,
                    "y": 213.41666666666666
                },
                {
                    "x": 387.3417721518987,
                    "y": 213.41666666666666
                }
            ]
        },
        {
            "boundingBox": {
                "height": 59.58333333333333,
                "left": 179.02350813743217,
                "top": 174.16276041666666,
                "width": 111.75406871609401
            },
            "id": "VLXNpEn75",
            "points": [
                {
                    "x": 179.02350813743217,
                    "y": 174.16276041666666
                },
                {
                    "x": 290.7775768535262,
                    "y": 174.16276041666666
                },
                {
                    "x": 290.7775768535262,
                    "y": 233.74609374999997
                },
                {
                    "x": 179.02350813743217,
                    "y": 233.74609374999997
                }
            ]
        }
    ]
}