{
    "asset": {
        "format": "jpg",
        "id": "35092e39b2f6d0ddae4a8e5e05aadad4",
        "name": "71672588_p0_master1200.jpg",
        "size": {
            "height": 933,
            "width": 600
        }
    },
    "dataset": {
        "average_hash": "ffe3c3c3c3b9bdff",
        "split": "train",
        "version": "v2"
    },
    "regions": [
        {
            "boundingBox": {
                "height": 73.60000610351562,
                "left": 223.79998779296875,
                "top": 288.3999938964844,
                "width": 135.20001220703125
            },
            "id": "q9oTB-Wer",
            "points": [
                {
                    "x": 223.79998779296875,
                    "y": 288.3999938964844
                },
                {
                    "x": 359,
                    "y": 288.3999938964844
                },
                {
                    "x": 359,
                    "y": 362
                },
                {
                    "x": 223.79998779296875,
                    "y": 362
                }
            ]
        }
    ]
}