{
    "asset": {
        "format": "jpg",
        "id": "9b8c1d9d82094f5dd332fea53066a17b",
        "name": "71676269_p0_master1200.jpg",
        "size": {
            "height": 631,
            "width": 600
        }
    },
    "dataset": {
        "average_hash": "ffe38880c9e3878f",
        "split": "train",
        "version": "v2"
    },
    "regions": [
        {
            "boundingBox": {
                "height": 133.81210017128595,
                "left": 126.1454604541179,
                "top": 431.483797297402,
                "width": 195.852855057222
            },
            "id": "reqRKP8hA",
            "points": [
                {
                    "x": 126.1454604541179,
                    "y": 431.483797297402
                },
                {
                    "x": 321.99831551133985,
                    "y": 431.483797297402
                },
                {
                    "x": 321.99831551133985,
                    "y": 565.2958974686879
                },
                {
                    "x": 126.1454604541179,
                    "y": 565.2958974686879
                }
            ]
        }
    ]
}