{
    "asset": {
        "format": "jpg",
        "id": "a54d30cf5bac690b0bcd4d9f4b0f0b9f",
        "name": "71673449_p4_master1200.jpg",
        "size": {
            "height": 338,
            "width": 600
        }
    },
    "dataset": {
        "average_hash": "808080363f9ffdfe",
        "split": "train",
        "version": "v3"
    },
    "regions": [
        {
            "boundingBox": {
                "height": 101.83333333333333,
                "left": 225.67811934900539,
                "top": 170.91276041666666,
                "width": 62.929475587703436
            },
            "id": "rFMn4pQfN",
            "points": [
                {
                    "x": 225.67811934900539,
                    "y": 170.91276041666666
                },
                {
                    "x": 288.60759493670884,
                    "y": 170.91276041666666
                },
                {
                    "x": 288.60759493670884,
                    "y": 272.74609375
                },
                {
                    "x": 225.67811934900539,
                    "y": 272.74609375
                }
            ]
        }
    ]
}