{
    "asset": {
        "format": "jpg",
        "id": "6ca47ee4cdd0f2f1e3bef80b387121a5",
        "name": "71673449_p12_master1200.jpg",
        "size": {
            "height": 352,
            "width": 252
        }
    },
    "dataset": {
        "average_hash": "efc1818099e7ffff",
        "split": "train",
        "version": "v3"
    },
    "regions": [
        {
            "boundingBox": {
                "height": 65.8543046357616,
                "left": 35.419270833333336,
                "top": 286.1456953642384,
                "width": 196
            },
            "id": "Yi6VQlvP0",
            "points": [
                {
                    "x": 35.419270833333336,
                    "y": 286.1456953642384
                },
                {
                    "x": 231.41927083333334,
                    "y": 286.1456953642384
                },
                {
                    "x": 231.41927083333334,
                    "y": 352
                },
                {
                    "x": 35.419270833333336,
                    "y": 352
                }
            ]
        }
    ]
}