{
    "asset": {
        "format": "jpg",
        "id": "016a51f5de8a5cd3ddd7c24d78488068",
        "name": "71673449_p2_master1200.jpg",
        "size": {
            "height": 338,
            "width": 600
        }
    },
    "dataset": {
        "average_hash": "e0f0f0f8f8f8f8fc",
        "split": "train",
        "version": "v3"
    },
    "regions": [
        {
            "boundingBox": {
                "height": 65,
                "left": 279.9276672694393,
                "top": 166.57942708333331,
                "width": 106.32911392405063
            },
            "id": "nBW2eqiov",
            "points": [
                {
                    "x": 279.9276672694393,
                    "y": 166.57942708333331
                },
                {
                    "x": 386.25678119349004,
                    "y": 166.57942708333331
                },
                {
                    "x": 386.25678119349004,
                    "y": 231.57942708333331
                },
                {
                    "x": 279.9276672694393,
                    "y": 231.57942708333331
                }
            ]
        }
    ]
}