{
    "asset": {
        "format": "jpg",
        "id": "4f75dadf12d372654fba7d79b1d72054",
        "name": "71673449_p11_master1200.jpg",
        "size": {
            "height": 338,
            "width": 600
        }
    },
    "dataset": {
        "average_hash": "38183818d8f8f838",
        "split": "train",
        "version": "v3"
    },
    "regions": [
        {
            "boundingBox": {
                "height": 113.74999999999999,
                "left": 247.37793851717902,
                "top": 116.74609374999999,
                "width": 123.68896925858951
            },
            "id": "ZA_VGpSzu",
            "points": [
                {
                    "x": 247.37793851717902,
                    "y": 116.74609374999999
                },
                {
                    "x": 371.0669077757685,
                    "y": 116.74609374999999
                },
                {
                    "x": 371.0669077757685,
                    "y": 230.49609374999997
                },
                {
                    "x": 247.37793851717902,
                    "y": 230.49609374999997
                }
            ]
        }
    ]
}