{
    "asset": {
        "format": "jpg",
        "id": "b101c1906f03ac56c42431e08a1a36b8",
        "name": "71673449_p3_master1200.jpg",
        "size": {
            "height": 338,
            "width": 600
        }
    },
    "dataset": {
        "average_hash": "1c9cbcb0f4f2f4fc",
        "split": "train",
        "version": "v3"
    },
    "regions": [
        {
            "boundingBox": {
                "height": 160.33333333333331,
                "left": 164.91862567811933,
                "top": 119.99609374999997,
                "width": 91.13924050632912
            },
            "id": "DM8VmKG5Q",
            "points": [
                {
                    "x": 164.91862567811933,
                    "y": 119.99609374999997
                },
                {
                    "x": 256.0578661844484,
                    "y": 119.99609374999997
                },
                {
                    "x": 256.0578661844484,
                    "y": 280.3294270833333
                },
                {
                    "x": 164.91862567811933,
                    "y": 280.3294270833333
                }
            ]
        }
    ]
}