{
    "asset": {
        "format": "jpg",
        "id": "bbada7bdd548b78cf92233e3f042ec1c",
        "name": "71673449_p5_master1200.jpg",
        "size": {
            "height": 338,
            "width": 600
        }
    },
    "dataset": {
        "average_hash": "e0c08486bc393102",
        "split": "train",
        "version": "v3"
    },
    "regions": [
        {
            "boundingBox": {
                "height": 113.74999999999997,
                "left": 431.82640144665453,
                "top": 121.07942708333333,
                "width": 65.09945750452077
            },
            "id": "GBOmpNnFr",
            "points": [
                {
                    "x": 431.82640144665453,
                    "y": 121.07942708333333
                },
                {
                    "x": 496.9258589511753,
                    "y": 121.07942708333333
                },
                {
                    "x": 496.9258589511753,
                    "y": 234.82942708333331
                },
                {
                    "x": 431.82640144665453,
                    "y": 234.82942708333331
                }
            ]
        }
    ]
}