{
    "asset": {
        "format": "jpg",
        "id": "af17e0b0f819255a0d46bb1ae5ad7a29",
        "name": "71673449_p8_master1200.jpg",
        "size": {
            "height": 338,
            "width": 600
        }
    },
    "dataset": {
        "average_hash": "f3e7c7dc90016206",
        "split": "train",
        "version": "v3"
    },
    "regions": [
        {
            "boundingBox": {
                "height": 32.5,
                "left": 250.63291139240502,
                "top": 137.32942708333331,
                "width": 48.824593128390596
            },
            "id": "mxNv4Tqcz",
            "points": [
                {
                    "x": 250.63291139240502,
                    "y": 137.32942708333331
                },
                {
                    "x": 299.45750452079557,
                    "y": 137.32942708333331
                },
                {
                    "x": 299.45750452079557,
                    "y": 169.82942708333331
                },
                {
                    "x": 250.63291139240502,
                    "y": 169.82942708333331
                }
            ]
        },
        {
            "boundingBox": {
                "height": 28.166666666666664,
                "left": 68.35443037974683,
                "top": 161.16276041666666,
                "width": 42.31464737793851
            },
            "id": "v4LXX0jAW",
            "points": [
                {
                    "x": 68.35443037974683,
                    "y": 161.16276041666666
                },
                {
                    "x": 110.66907775768534,
                    "y": 161.16276041666666
                },
                {
                    "x": 110.66907775768534,
                    "y": 189.32942708333331
                },
                {
                    "x": 68.35443037974683,
                    "y": 189.32942708333331
                }
            ]
        }
    ]
}