{
    "asset": {
        "format": "jpg",
        "id": "1eb36de148999956bdb6565fd1ee29c5",
        "name": "71671714_p0_master1200.jpg",
        "size": {
            "height": 1039,
            "width": 600
        }
    },
    "dataset": {
        "average_hash": "fdd39200d6c6cfc0",
        "split": "train",
        "version": "v2"
    },
    "regions": [
        {
            "boundingBox": {
                "height": 91.58754576367798,
                "left": 59.02706661739865,
                "top": 328.3326403326404,
                "width": 155.67567567567568
            },
            "id": "5JysHmtgw",
            "points": [
                {
                    "x": 59.02706661739865,
                    "y": 328.3326403326404
                },
                {
                    "x": 214.70274229307432,
                    "y": 328.3326403326404
                },
                {
                    "x": 214.70274229307432,
                    "y": 419.92018609631833
                },
                {
                    "x": 59.02706661739865,
                    "y": 419.92018609631833
                }
            ]
        },
        {
            "boundingBox": {
                "height": 88.99541960337554,
                "left": 300.3243771114865,
                "top": 354.25363825363826,
                "width": 161.72970333614865
            },
            "id": "Pd4kkibZT",
            "points": [
                {
                    "x": 300.3243771114865,
                    "y": 354.25363825363826
                },
                {
                    "x": 462.05408044763516,
                    "y": 354.25363825363826
                },
                {
                    "x": 462.05408044763516,
                    "y": 443.24905785701384
                },
                {
                    "x": 300.3243771114865,
                    "y": 443.24905785701384
                }
            ]
        },
        {
            "boundingBox": {
                "height": 139.97336240518615,
                "left": 104.86486486486487,
                "top": 796.6387089909734,
                "width": 221.40545819256758
            },
            "id": "nt9O0UXPb",
            "points": [
                {
                    "x": 104.86486486486487,
                    "y": 796.6387089909734
                },
                {
                    "x": 326.27032305743245,
                    "y": 796.6387089909734
                },
                {
                    "x": 326.27032305743245,
                    "y": 936.6120713961596
                },
                {
                    "x": 104.86486486486487,
                    "y": 936.6120713961596
                }
            ]
        }
    ]
}