{
    "asset": {
        "format": "jpg",
        "id": "73e562532e406c4e005ea58f0401b958",
        "name": "71670405_p0_master1200.jpg",
        "size": {
            "height": 857,
            "width": 600
        }
    },
    "dataset": {
        "average_hash": "df3f3c5c40e04f40",
        "split": "train",
        "version": "v2"
    },
    "regions": [
        {
            "boundingBox": {
                "height": 136.80001831054688,
                "left": 151.79998779296875,
                "top": 317.8999938964844,
                "width": 217.60003662109375
            },
            "id": "f_Y7YRs2V",
            "points": [
                {
                    "x": 151.79998779296875,
                    "y": 317.8999938964844
                },
                {
                    "x": 369.4000244140625,
                    "y": 317.8999938964844
                },
                {
                    "x": 369.4000244140625,
                    "y": 454.70001220703125
                },
                {
                    "x": 151.79998779296875,
                    "y": 454.70001220703125
                }
            ]
        }
    ]
}