{
    "asset": {
        "format": "jpg",
        "id": "517c686e54fd652c96b5cc46574e6b59",
        "name": "71679345_p0_master1200.jpg",
        "size": {
            "height": 848,
            "width": 600
        }
    },
    "dataset": {
        "average_hash": "0e1f1f0c3e7e7c00",
        "split": "test",
        "version": "v2"
    },
    "regions": [
        {
            "boundingBox": {
                "height": 304.79998779296875,
                "left": 21.4000244140625,
                "top": 480.60003662109375,
                "width": 441.5999755859375
            },
            "id": "tfZALInKK",
            "points": [
                {
                    "x": 21.4000244140625,
                    "y": 480.60003662109375
                },
                {
                    "x": 463,
                    "y": 480.60003662109375
                },
                {
                    "x": 463,
                    "y": 785.4000244140625
                },
                {
                    "x": 21.4000244140625,
                    "y": 785.4000244140625
                }
            ]
        }
    ]
}