{
    "asset": {
        "format": "jpg",
        "id": "cfe6bfae5a3f4165ae3027147eceba66",
        "name": "71673449_p1_master1200.jpg",
        "size": {
            "height": 338,
            "width": 600
        }
    },
    "dataset": {
        "average_hash": "0020707070f0fcfc",
        "split": "train",
        "version": "v3"
    },
    "regions": [
        {
            "boundingBox": {
                "height": 45.5,
                "left": 249.54792043399638,
                "top": 178.49609375,
                "width": 77.03435804701626
            },
            "id": "pZ9cweCnu",
            "points": [
                {
                    "x": 249.54792043399638,
                    "y": 178.49609375
                },
                {
                    "x": 326.5822784810126,
                    "y": 178.49609375
                },
                {
                    "x": 326.5822784810126,
                    "y": 223.99609374999997
                },
                {
                    "x": 249.54792043399638,
                    "y": 223.99609374999997
                }
            ]
        }
    ]
}