{
    "asset": {
        "format": "jpg",
        "id": "90504498841e3b05c077c877083867e2",
        "name": "71675520_p0_master1200.jpg",
        "size": {
            "height": 704,
            "width": 600
        }
    },
    "dataset": {
        "average_hash": "e9e1ebf367070000",
        "split": "test",
        "version": "v2"
    },
    "regions": [
        {
            "boundingBox": {
                "height": 108,
                "left": 185.4000244140625,
                "top": 282.20001220703125,
                "width": 212.800048828125
            },
            "id": "wiZVd_6N-",
            "points": [
                {
                    "x": 185.4000244140625,
                    "y": 282.20001220703125
                },
                {
                    "x": 398.2000732421875,
                    "y": 282.20001220703125
                },
                {
                    "x": 398.2000732421875,
                    "y": 390.20001220703125
                },
                {
                    "x": 185.4000244140625,
                    "y": 390.20001220703125
                }
            ]
        }
    ]
}