{
    "asset": {
        "format": "jpg",
        "id": "9847908e52ac1fac6a4a03a6a64ffaf0",
        "name": "71672124_p0_master1200.jpg",
        "size": {
            "height": 849,
            "width": 600
        }
    },
    "dataset": {
        "average_hash": "fffbe3c3c1010894",
        "split": "train",
        "version": "v2"
    },
    "regions": [
        {
            "boundingBox": {
                "height": 151.20001220703125,
                "left": 155.79998779296875,
                "top": 445.9000244140625,
                "width": 261.60003662109375
            },
            "id": "IuuMvbZLR",
            "points": [
                {
                    "x": 155.79998779296875,
                    "y": 445.9000244140625
                },
                {
                    "x": 417.4000244140625,
                    "y": 445.9000244140625
                },
                {
                    "x": 417.4000244140625,
                    "y": 597.1000366210938
                },
                {
                    "x": 155.79998779296875,
                    "y": 597.1000366210938
                }
            ]
        }
    ]
}