{
    "asset": {
        "format": "jpg",
        "id": "237c7614cd5cbafb6d91a52030756a71",
        "name": "71673449_p0_master1200.jpg",
        "size": {
            "height": 338,
            "width": 600
        }
    },
    "dataset": {
        "average_hash": "1d19381d3d3c3e3e",
        "split": "train",
        "version": "v2"
    },
    "regions": [
        {
            "boundingBox": {
                "height": 120,
                "left": 235,
                "top": 125.60003662109375,
                "width": 159.2000732421875
            },
            "id": "hE7tW7bTG",
            "points": [
                {
                    "x": 235,
                    "y": 125.60003662109375
                },
                {
                    "x": 394.2000732421875,
                    "y": 125.60003662109375
                },
                {
                    "x": 394.2000732421875,
                    "y": 245.60003662109375
                },
                {
                    "x": 235,
                    "y": 245.60003662109375
                }
            ]
        }
    ]
}