{
    "asset": {
        "format": "jpg",
        "id": "3b46750874287916f123cda79740e2dc",
        "name": "71679343_p0_master1200.jpg",
        "size": {
            "height": 544,
            "width": 600
        }
    },
    "dataset": {
        "average_hash": "f3f3c1c3e3e3fbfb",
        "split": "train",
        "version": "v2"
    },
    "regions": [
        {
            "boundingBox": {
                "height": 54.399993896484375,
                "left": 291.800048828125,
                "top": 147.80001831054688,
                "width": 85.5999755859375
            },
            "id": "LaM2hntO-",
            "points": [
                {
                    "x": 291.800048828125,
                    "y": 147.80001831054688
                },
                {
                    "x": 377.4000244140625,
                    "y": 147.80001831054688
                },
                {
                    "x": 377.4000244140625,
                    "y": 202.20001220703125
                },
                {
                    "x": 291.800048828125,
                    "y": 202.20001220703125
                }
            ]
        }
    ]
}