{
    "asset": {
        "format": "jpg",
        "id": "627a1a2de48932dbe327ca05ad5f0bca",
        "name": "71674878_p0_master1200.jpg",
        "size": {
            "height": 338,
            "width": 600
        }
    },
    "dataset": {
        "average_hash": "ebfbbb3918180000",
        "split": "train",
        "version": "v2"
    },
    "regions": [
        {
            "boundingBox": {
                "height": 56.79998779296875,
                "left": 263.79998779296875,
                "top": 116,
                "width": 89.60003662109375
            },
            "id": "8gluIOdzf",
            "points": [
                {
                    "x": 263.79998779296875,
                    "y": 116
                },
                {
                    "x": 353.4000244140625,
                    "y": 116
                },
                {
                    "x": 353.4000244140625,
                    "y": 172.79998779296875
                },
                {
                    "x": 263.79998779296875,
                    "y": 172.79998779296875
                }
            ]
        }
    ]
}