{
    "asset": {
        "format": "jpg",
        "id": "0506496df82a662cb6d732a0b643bb6f",
        "name": "71675140_p0_master1200.jpg",
        "size": {
            "height": 785,
            "width": 600
        }
    },
    "dataset": {
        "average_hash": "ffe7e7c781c1e3c1",
        "split": "train",
        "version": "v2"
    },
    "regions": [
        {
            "boundingBox": {
                "height": 140,
                "left": 190.20001220703125,
                "top": 365.9000244140625,
                "width": 235.20001220703125
            },
            "id": "GaOhMbrRO",
            "points": [
                {
                    "x": 190.20001220703125,
                    "y": 365.9000244140625
                },
                {
                    "x": 425.4000244140625,
                    "y": 365.9000244140625
                },
                {
                    "x": 425.4000244140625,
                    "y": 505.9000244140625
                },
                {
                    "x": 190.20001220703125,
                    "y": 505.9000244140625
                }
            ]
        }
    ]
}