{
    "asset": {
        "format": "jpg",
        "id": "14122f59a093ad1279b525a36132144a",
        "name": "71673449_p10_master1200.jpg",
        "size": {
            "height": 338,
            "width": 600
        }
    },
    "dataset": {
        "average_hash": "9f19098309d91900",
        "split": "train",
        "version": "v3"
    },
    "regions": [
        {
            "boundingBox": {
                "height": 63.916666666666664,
                "left": 315.73236889692583,
                "top": 184.99609375,
                "width": 98.73417721518987
            },
            "id": "ArRrQcIza",
            "points": [
                {
                    "x": 315.73236889692583,
                    "y": 184.99609375
                },
                {
                    "x": 414.46654611211574,
                    "y": 184.99609375
                },
                {
                    "x": 414.46654611211574,
                    "y": 248.91276041666666
                },
                {
                    "x": 315.73236889692583,
                    "y": 248.91276041666666
                }
            ]
        }
    ]
}