{
    "asset": {
        "format": "jpg",
        "id": "d5a087ad6adba9a8b1dc08105e412a40",
        "name": "71679988_p0_master1200.jpg",
        "size": {
            "height": 865,
            "width": 600
        }
    },
    "dataset": {
        "average_hash": "ffc3c7979180c1c1",
        "split": "test",
        "version": "v2"
    },
    "regions": [
        {
            "boundingBox": {
                "height": 266.39996337890625,
                "left": 69.4000244140625,
                "top": 425.10003662109375,
                "width": 353.5999755859375
            },
            "id": "u3U1qaiEj",
            "points": [
                {
                    "x": 69.4000244140625,
                    "y": 425.10003662109375
                },
                {
                    "x": 423,
                    "y": 425.10003662109375
                },
                {
                    "x": 423,
                    "y": 691.5
                },
                {
                    "x": 69.4000244140625,
                    "y": 691.5
                }
            ]
        }
    ]
}