{
    "asset": {
        "format": "jpg",
        "id": "931d71523dd1f4a27d022036d87fa32a",
        "name": "71673950_p0_master1200.jpg",
        "size": {
            "height": 424,
            "width": 600
        }
    },
    "dataset": {
        "average_hash": "ff9f0f470f010144",
        "split": "train",
        "version": "v2"
    },
    "regions": [
        {
            "boundingBox": {
                "height": 82.39996337890625,
                "left": 63.79998779296875,
                "top": 172.60003662109375,
                "width": 130.4000244140625
            },
            "id": "1sYCNOOoa",
            "points": [
                {
                    "x": 63.79998779296875,
                    "y": 172.60003662109375
                },
                {
                    "x": 194.20001220703125,
                    "y": 172.60003662109375
                },
                {
                    "x": 194.20001220703125,
                    "y": 255
                },
                {
                    "x": 63.79998779296875,
                    "y": 255
                }
            ]
        },
        {
            "boundingBox": {
                "height": 72.800048828125,
                "left": 423.800048828125,
                "top": 215.79998779296875,
                "width": 136
            },
            "id": "M84G9n5g_",
            "points": [
                {
                    "x": 423.800048828125,
                    "y": 215.79998779296875
                },
                {
                    "x": 559.800048828125,
                    "y": 215.79998779296875
                },
                {
                    "x": 559.800048828125,
                    "y": 288.60003662109375
                },
                {
                    "x": 423.800048828125,
                    "y": 288.60003662109375
                }
            ]
        }
    ]
}