{
    "asset": {
        "format": "jpg",
        "id": "619a329ab981cb65df82ec430b7b76ba",
        "name": "71673449_p9_master1200.jpg",
        "size": {
            "height": 338,
            "width": 600
        }
    },
    "dataset": {
        "average_hash": "ffeecf89190905de",
        "split": "train",
        "version": "v3"
    },
    "regions": [
        {
            "boundingBox": {
                "height": 48.75,
                "left": 341.77215189873414,
                "top": 285.74609375,
                "width": 139.9638336347197
            },
            "id": "8ZsV0E0KR",
            "points": [
                {
                    "x": 341.77215189873414,
                    "y": 285.74609375
                },
                {
                    "x": 481.73598553345386,
                    "y": 285.74609375
                },
                {
                    "x": 481.73598553345386,
                    "y": 334.49609375
                },
                {
                    "x": 341.77215189873414,
                    "y": 334.49609375
                }
            ]
        }
    ]
}