{
    "asset": {
        "format": "jpg",
        "id": "75d873851839227747cb9083f0dd44b8",
        "name": "71679374_p0_master1200.jpg",
        "size": {
            "height": 375,
            "width": 600
        }
    },
    "dataset": {
        "average_hash": "f9f9f9e1e0f0f0f8",
        "split": "train",
        "version": "v2"
    },
    "regions": [
        {
            "boundingBox": {
                "height": 107.48664325571315,
                "left": 348.9631984544837,
                "top": 215.37431931113176,
                "width": 145.2843299278846
            },
            "id": "UFCdi9t0y",
            "points": [
                {
                    "x": 348.9631984544837,
                    "y": 215.37431931113176
                },
                {
                    "x": 494.24752838236833,
                    "y": 215.37431931113176
                },
                {
                    "x": 494.24752838236833,
                    "y": 322.86096256684493
                },
                {
                    "x": 348.9631984544837,
                    "y": 322.86096256684493
                }
            ]
        }
    ]
}