{
    "asset": {
        "format": "jpg",
        "id": "b81392e070e9ee6b8464efcadcaf4ca3",
        "name": "71673449_p7_master1200.jpg",
        "size": {
            "height": 338,
            "width": 600
        }
    },
    "dataset": {
        "average_hash": "08809c587c7cbcdf",
        "split": "train",
        "version": "v3"
    },
    "regions": [
        {
            "boundingBox": {
                "height": 78.25390625,
                "left": 388.4267631103074,
                "top": 259.74609375,
                "width": 94.39421338155515
            },
            "id": "aufBgyFZB",
            "points": [
                {
                    "x": 388.4267631103074,
                    "y": 259.74609375
                },
                {
                    "x": 482.82097649186255,
                    "y": 259.74609375
                },
                {
                    "x": 482.82097649186255,
                    "y": 338
                },
                {
                    "x": 388.4267631103074,
                    "y": 338
                }
            ]
        },
        {
            "boundingBox": {
                "height": 65,
                "left": 251.71790235081374,
                "top": 238.07942708333331,
                "width": 87.88426763110307
            },
            "id": "hg-URiKpH",
            "points": [
                {
                    "x": 251.71790235081374,
                    "y": 238.07942708333331
                },
                {
                    "x": 339.6021699819168,
                    "y": 238.07942708333331
                },
                {
                    "x": 339.6021699819168,
                    "y": 303.0794270833333
                },
                {
                    "x": 251.71790235081374,
                    "y": 303.0794270833333
                }
            ]
        }
    ]
}