{
    "asset": {
        "format": "jpg",
        "id": "49393f3649bbf141ea345ee89793ec3f",
        "name": "71676770_p1_master1200.jpg",
        "size": {
            "height": 996,
            "width": 600
        }
    },
    "dataset": {
        "average_hash": "f7e700000cfff7ff",
        "split": "test",
        "version": "v3"
    },
    "regions": [
        {
            "boundingBox": {
                "height": 47.82119205298013,
                "left": 297.4244505494505,
                "top": 268.7880794701987,
                "width": 118.68131868131867
            },
            "id": "I3xu6gkcu",
            "points": [
                {
                    "x": 297.4244505494505,
                    "y": 268.7880794701987
                },
                {
                    "x": 416.1057692307692,
                    "y": 268.7880794701987
                },
                {
                    "x": 416.1057692307692,
                    "y": 316.6092715231788
                },
                {
                    "x": 297.4244505494505,
                    "y": 316.6092715231788
                }
            ]
        }
    ]
}