{
    "asset": {
        "format": "jpg",
        "id": "25e187ec63ec8c3c6eeca04033d21442",
        "name": "71676770_p0_master1200.jpg",
        "size": {
            "height": 996,
            "width": 600
        }
    },
    "dataset": {
        "average_hash": "f7e700000cfff3ff",
        "split": "test",
        "version": "v2"
    },
    "regions": [
        {
            "boundingBox": {
                "height": 64.60539908617301,
                "left": 296.16585370790153,
                "top": 272.50229954075166,
                "width": 125.18127125161917
            },
            "id": "SaG3elu3A",
            "points": [
                {
                    "x": 296.16585370790153,
                    "y": 272.50229954075166
                },
                {
                    "x": 421.34712495952067,
                    "y": 272.50229954075166
                },
                {
                    "x": 421.34712495952067,
                    "y": 337.1076986269247
                },
                {
                    "x": 296.16585370790153,
                    "y": 337.1076986269247
                }
            ]
        }
    ]
}