{
    "asset": {
        "format": "jpg",
        "id": "0f979c2920d47f22a525afa5e9e1f773",
        "name": "71682052_p0_master1200.jpg",
        "size": {
            "height": 849,
            "width": 600
        }
    },
    "dataset": {
        "average_hash": "efe1c1c1c3e3cbff",
        "split": "train",
        "version": "v2"
    },
    "regions": [
        {
            "boundingBox": {
                "height": 141.60000610351562,
                "left": 148.60003662109375,
                "top": 341.1000061035156,
                "width": 225.60003662109375
            },
            "id": "YXaJUQ3FH",
            "points": [
                {
                    "x": 148.60003662109375,
                    "y": 341.1000061035156
                },
                {
                    "x": 374.2000732421875,
                    "y": 341.1000061035156
                },
                {
                    "x": 374.2000732421875,
                    "y": 482.70001220703125
                },
                {
                    "x": 148.60003662109375,
                    "y": 482.70001220703125
                }
            ]
        }
    ]
}