{
    "asset": {
        "format": "jpg",
        "id": "4489e49b66769f04c8230272d4343151",
        "name": "71681163_p0_master1200.jpg",
        "size": {
            "height": 600,
            "width": 600
        }
    },
    "dataset": {
        "average_hash": "ffe7e7e3f19901e1",
        "split": "test",
        "version": "v2"
    },
    "regions": [
        {
            "boundingBox": {
                "height": 89.5999755859375,
                "left": 298.2000732421875,
                "top": 260.60003662109375,
                "width": 157.5999755859375
            },
            "id": "uXB1zLyBa",
            "points": [
                {
                    "x": 298.2000732421875,
                    "y": 260.60003662109375
                },
                {
                    "x": 455.800048828125,
                    "y": 260.60003662109375
                },
                {
                    "x": 455.800048828125,
                    "y": 350.20001220703125
                },
                {
                    "x": 298.2000732421875,
                    "y": 350.20001220703125
                }
            ]
        }
    ]
}