{
    "asset": {
        "format": "jpg",
        "id": "567814f29d4c123b92950146e798e068",
        "name": "71686117_p0_master1200.jpg",
        "size": {
            "height": 319,
            "width": 600
        }
    },
    "dataset": {
        "average_hash": "dfcfe7e7e7e7c3c3",
        "split": "train",
        "version": "v2"
    },
    "regions": [
        {
            "boundingBox": {
                "height": 52.96602549043092,
                "left": 192.30354844925793,
                "top": 266.03397450956913,
                "width": 189.43142587923285
            },
            "id": "HXKUNTpXJ",
            "points": [
                {
                    "x": 192.30354844925793,
                    "y": 266.03397450956913
                },
                {
                    "x": 381.7349743284908,
                    "y": 266.03397450956913
                },
                {
                    "x": 381.7349743284908,
                    "y": 319.00000000000006
                },
                {
                    "x": 192.30354844925793,
                    "y": 319.00000000000006
                }
            ]
        }
    ]
}