{
    "asset": {
        "format": "jpg",
        "id": "11dfcda2d89e53ed339a7b480607ff4f",
        "name": "71685283_p0_master1200.jpg",
        "size": {
            "height": 778,
            "width": 600
        }
    },
    "dataset": {
        "average_hash": "667b6998a0f487c3",
        "split": "train",
        "version": "v2"
    },
    "regions": [
        {
            "boundingBox": {
                "height": 169.5999755859375,
                "left": 165.4000244140625,
                "top": 311.20001220703125,
                "width": 265.5999755859375
            },
            "id": "T8iNw37WA",
            "points": [
                {
                    "x": 165.4000244140625,
                    "y": 311.20001220703125
                },
                {
                    "x": 431,
                    "y": 311.20001220703125
                },
                {
                    "x": 431,
                    "y": 480.79998779296875
                },
                {
                    "x": 165.4000244140625,
                    "y": 480.79998779296875
                }
            ]
        }
    ]
}