{
    "asset": {
        "format": "jpg",
        "id": "41b08e31a4add76d118bb2aafb14e783",
        "name": "71681370_p1_master1200.jpg",
        "size": {
            "height": 846,
            "width": 600
        }
    },
    "dataset": {
        "average_hash": "ffcfc3c3e3ebdbd3",
        "split": "train",
        "version": "v3"
    },
    "regions": [
        {
            "boundingBox": {
                "height": 68.63245033112582,
                "left": 197.2254672897196,
                "top": 274.5298013245033,
                "width": 107.94392523364485
            },
            "id": "3zOjWeqTC",
            "points": [
                {
                    "x": 197.2254672897196,
                    "y": 274.5298013245033
                },
                {
                    "x": 305.1693925233645,
                    "y": 274.5298013245033
                },
                {
                    "x": 305.1693925233645,
                    "y": 343.1622516556291
                },
                {
                    "x": 197.2254672897196,
                    "y": 343.1622516556291
                }
            ]
        }
    ]
}