{
    "asset": {
        "format": "jpg",
        "id": "9b87698d44ea75493830610af7baa3ce",
        "name": "71681370_p0_master1200.jpg",
        "size": {
            "height": 846,
            "width": 600
        }
    },
    "dataset": {
        "average_hash": "ffdf8783e1c1d1b7",
        "split": "train",
        "version": "v2"
    },
    "regions": [
        {
            "boundingBox": {
                "height": 78.39999389648438,
                "left": 138.20001220703125,
                "top": 267.6000061035156,
                "width": 147.20001220703125
            },
            "id": "5gnQdUsVb",
            "points": [
                {
                    "x": 138.20001220703125,
                    "y": 267.6000061035156
                },
                {
                    "x": 285.4000244140625,
                    "y": 267.6000061035156
                },
                {
                    "x": 285.4000244140625,
                    "y": 346
                },
                {
                    "x": 138.20001220703125,
                    "y": 346
                }
            ]
        }
    ]
}