{
    "asset": {
        "format": "jpg",
        "id": "fabf672c5dd704847133abd694385f92",
        "name": "71680854_p0_master1200.jpg",
        "size": {
            "height": 428,
            "width": 600
        }
    },
    "dataset": {
        "average_hash": "ffe7c181c1c1c7ff",
        "split": "train",
        "version": "v2"
    },
    "regions": [
        {
            "boundingBox": {
                "height": 33.60003662109375,
                "left": 250.20001220703125,
                "top": 125,
                "width": 73.60003662109375
            },
            "id": "gkW9esTmA",
            "points": [
                {
                    "x": 250.20001220703125,
                    "y": 125
                },
                {
                    "x": 323.800048828125,
                    "y": 125
                },
                {
                    "x": 323.800048828125,
                    "y": 158.60003662109375
                },
                {
                    "x": 250.20001220703125,
                    "y": 158.60003662109375
                }
            ]
        }
    ]
}