{
    "asset": {
        "format": "jpg",
        "id": "ac6bc64e0098509a14ecf677e553f6d0",
        "name": "71686117_p2_master1200.jpg",
        "size": {
            "height": 319,
            "width": 600
        }
    },
    "dataset": {
        "average_hash": "efffe7e7efc7c3c3",
        "split": "train",
        "version": "v3"
    },
    "regions": [
        {
            "boundingBox": {
                "height": 43.3844068877551,
                "left": 182.27848101265823,
                "top": 275.6155931122449,
                "width": 168.17359855334539
            },
            "id": "HzhaXfvdv",
            "points": [
                {
                    "x": 182.27848101265823,
                    "y": 275.6155931122449
                },
                {
                    "x": 350.4520795660036,
                    "y": 275.6155931122449
                },
                {
                    "x": 350.4520795660036,
                    "y": 319
                },
                {
                    "x": 182.27848101265823,
                    "y": 319
                }
            ]
        }
    ]
}