{
    "asset": {
        "format": "jpg",
        "id": "d28c82089fac7c5b058bf1de51987b31",
        "name": "71682482_p0_master1200.jpg",
        "size": {
            "height": 525,
            "width": 600
        }
    },
    "dataset": {
        "average_hash": "c09382581910f8f9",
        "split": "train",
        "version": "v2"
    },
    "regions": [
        {
            "boundingBox": {
                "height": 58.399993896484375,
                "left": 75.79998779296875,
                "top": 87.60000610351562,
                "width": 129.60003662109375
            },
            "id": "BAuiwP7Je",
            "points": [
                {
                    "x": 75.79998779296875,
                    "y": 87.60000610351562
                },
                {
                    "x": 205.4000244140625,
                    "y": 87.60000610351562
                },
                {
                    "x": 205.4000244140625,
                    "y": 146
                },
                {
                    "x": 75.79998779296875,
                    "y": 146
                }
            ]
        }
    ]
}