{
    "asset": {
        "format": "jpg",
        "id": "c792db3865b3fe8234b2c5f19f2e54ea",
        "name": "71680932_p0_master1200.jpg",
        "size": {
            "height": 750,
            "width": 600
        }
    },
    "dataset": {
        "average_hash": "f7e7e3ffc1818181",
        "split": "train",
        "version": "v2"
    },
    "regions": [
        {
            "boundingBox": {
                "height": 212.79998779296875,
                "left": 96.60003662109375,
                "top": 533.2000122070312,
                "width": 440.79998779296875
            },
            "id": "JQFVHvXz2",
            "points": [
                {
                    "x": 96.60003662109375,
                    "y": 533.2000122070312
                },
                {
                    "x": 537.4000244140625,
                    "y": 533.2000122070312
                },
                {
                    "x": 537.4000244140625,
                    "y": 746
                },
                {
                    "x": 96.60003662109375,
                    "y": 746
                }
            ]
        }
    ]
}