{
    "asset": {
        "format": "jpg",
        "id": "f9696022043c0d00783b234de2d47491",
        "name": "71686117_p4_master1200.jpg",
        "size": {
            "height": 1130,
            "width": 600
        }
    },
    "dataset": {
        "average_hash": "ffc7c7c7c7e7e7ff",
        "split": "train",
        "version": "v3"
    },
    "regions": [
        {
            "boundingBox": {
                "height": 56.125827814569526,
                "left": 199.7371495327103,
                "top": 263.7913907284768,
                "width": 160.74766355140187
            },
            "id": "_by6b5eeJ",
            "points": [
                {
                    "x": 199.7371495327103,
                    "y": 263.7913907284768
                },
                {
                    "x": 360.4848130841122,
                    "y": 263.7913907284768
                },
                {
                    "x": 360.4848130841122,
                    "y": 319.91721854304626
                },
                {
                    "x": 199.7371495327103,
                    "y": 319.91721854304626
                }
            ]
        }
    ]
}