{
    "asset": {
        "format": "jpg",
        "id": "1fa640f4ba3f66c629ee029108f1d3d2",
        "name": "71686117_p1_master1200.jpg",
        "size": {
            "height": 319,
            "width": 600
        }
    },
    "dataset": {
        "average_hash": "f7f7e7e7efc7c383",
        "split": "train",
        "version": "v3"
    },
    "regions": [
        {
            "boundingBox": {
                "height": 40.12930484693877,
                "left": 159.49367088607593,
                "top": 278.8706951530612,
                "width": 156.2386980108499
            },
            "id": "ZLqR7Zt3H",
            "points": [
                {
                    "x": 159.49367088607593,
                    "y": 278.8706951530612
                },
                {
                    "x": 315.73236889692583,
                    "y": 278.8706951530612
                },
                {
                    "x": 315.73236889692583,
                    "y": 319
                },
                {
                    "x": 159.49367088607593,
                    "y": 319
                }
            ]
        }
    ]
}