{
    "asset": {
        "format": "jpg",
        "id": "67b086a7d7bd13a2809988956e4c1665",
        "name": "71687614_p0_master1200.jpg",
        "size": {
            "height": 960,
            "width": 540
        }
    },
    "dataset": {
        "average_hash": "fba1fba1818181e4",
        "split": "train",
        "version": "v2"
    },
    "regions": [
        {
            "boundingBox": {
                "height": 104.80001831054688,
                "left": 57,
                "top": 355.8000183105469,
                "width": 195.20001220703125
            },
            "id": "AVjRP8G_9",
            "points": [
                {
                    "x": 57,
                    "y": 355.8000183105469
                },
                {
                    "x": 252.20001220703125,
                    "y": 355.8000183105469
                },
                {
                    "x": 252.20001220703125,
                    "y": 460.60003662109375
                },
                {
                    "x": 57,
                    "y": 460.60003662109375
                }
            ]
        },
        {
            "boundingBox": {
                "height": 138.39999389648438,
                "left": 261.800048828125,
                "top": 331.8000183105469,
                "width": 215.199951171875
            },
            "id": "bJ4JNSdy7",
            "points": [
                {
                    "x": 261.800048828125,
                    "y": 331.8000183105469
                },
                {
                    "x": 477,
                    "y": 331.8000183105469
                },
                {
                    "x": 477,
                    "y": 470.20001220703125
                },
                {
                    "x": 261.800048828125,
                    "y": 470.20001220703125
                }
            ]
        }
    ]
}