{
    "asset": {
        "format": "jpg",
        "id": "aa2182b0d927b12ff0a09b597622ab4c",
        "name": "71682170_p0_master1200.jpg",
        "size": {
            "height": 1010,
            "width": 600
        }
    },
    "dataset": {
        "average_hash": "fd9d8101b576203f",
        "split": "train",
        "version": "v2"
    },
    "regions": [
        {
            "boundingBox": {
                "height": 104.14970096580204,
                "left": 254.92122937417906,
                "top": 239.3762993762994,
                "width": 216.88262351548818
            },
            "id": "iL1S8IkHI",
            "points": [
                {
                    "x": 254.92122937417906,
                    "y": 239.3762993762994
                },
                {
                    "x": 471.8038528896672,
                    "y": 239.3762993762994
                },
                {
                    "x": 471.8038528896672,
                    "y": 343.52600034210144
                },
                {
                    "x": 254.92122937417906,
                    "y": 343.52600034210144
                }
            ]
        }
    ]
}