{
    "asset": {
        "format": "jpg",
        "id": "3022c83997688a931b8cc42cf55e300b",
        "name": "71681703_p0_master1200.jpg",
        "size": {
            "height": 750,
            "width": 600
        }
    },
    "dataset": {
        "average_hash": "ffedefc3c1110101",
        "split": "train",
        "version": "v2"
    },
    "regions": [
        {
            "boundingBox": {
                "height": 138.4000244140625,
                "left": 294.2000732421875,
                "top": 341.20001220703125,
                "width": 245.5999755859375
            },
            "id": "vS_KHvOTO",
            "points": [
                {
                    "x": 294.2000732421875,
                    "y": 341.20001220703125
                },
                {
                    "x": 539.800048828125,
                    "y": 341.20001220703125
                },
                {
                    "x": 539.800048828125,
                    "y": 479.60003662109375
                },
                {
                    "x": 294.2000732421875,
                    "y": 479.60003662109375
                }
            ]
        }
    ]
}