{
    "asset": {
        "format": "jpg",
        "id": "4bb21c131aae798d5c61cdd835bb1624",
        "name": "71687523_p0_master1200.jpg",
        "size": {
            "height": 848,
            "width": 600
        }
    },
    "dataset": {
        "average_hash": "191e3eff71900e48",
        "split": "train",
        "version": "v2"
    },
    "regions": [
        {
            "boundingBox": {
                "height": 160.79998779296875,
                "left": 211.79998779296875,
                "top": 342.20001220703125,
                "width": 292.00006103515625
            },
            "id": "BSk-Nfh0o",
            "points": [
                {
                    "x": 211.79998779296875,
                    "y": 342.20001220703125
                },
                {
                    "x": 503.800048828125,
                    "y": 342.20001220703125
                },
                {
                    "x": 503.800048828125,
                    "y": 503
                },
                {
                    "x": 211.79998779296875,
                    "y": 503
                }
            ]
        }
    ]
}