{
    "asset": {
        "format": "jpg",
        "id": "b0981cb9dd06ee8513bc0ccbda881d6a",
        "name": "71696449_p0_master1200.jpg",
        "size": {
            "height": 848,
            "width": 600
        }
    },
    "dataset": {
        "average_hash": "f130387858f04040",
        "split": "train",
        "version": "v2"
    },
    "regions": [
        {
            "boundingBox": {
                "height": 88.79998779296875,
                "left": 154.79998779296875,
                "top": 322,
                "width": 165.60003662109375
            },
            "id": "SiGIpn4oK",
            "points": [
                {
                    "x": 154.79998779296875,
                    "y": 322
                },
                {
                    "x": 320.4000244140625,
                    "y": 322
                },
                {
                    "x": 320.4000244140625,
                    "y": 410.79998779296875
                },
                {
                    "x": 154.79998779296875,
                    "y": 410.79998779296875
                }
            ]
        }
    ]
}