{
    "asset": {
        "format": "jpg",
        "id": "dacb067a14fa62cafd5daa0f82ebb46d",
        "name": "71695609_p0_master1200.jpg",
        "size": {
            "height": 800,
            "width": 600
        }
    },
    "dataset": {
        "average_hash": "c3e93e66cf0cc4e6",
        "split": "train",
        "version": "v2"
    },
    "regions": [
        {
            "boundingBox": {
                "height": 111.20001220703125,
                "left": 172.60003662109375,
                "top": 375,
                "width": 147.20001220703125
            },
            "id": "0r1KwF50y",
            "points": [
                {
                    "x": 172.60003662109375,
                    "y": 375
                },
                {
                    "x": 319.800048828125,
                    "y": 375
                },
                {
                    "x": 319.800048828125,
                    "y": 486.20001220703125
                },
                {
                    "x": 172.60003662109375,
                    "y": 486.20001220703125
                }
            ]
        }
    ]
}