{
    "asset": {
        "format": "jpg",
        "id": "e6ab61d64bf73e9d6a16356821ddbe5b",
        "name": "71695609_p3_master1200.jpg",
        "size": {
            "height": 1067,
            "width": 600
        }
    },
    "dataset": {
        "average_hash": "ffd1e9db0000ddf9",
        "split": "train",
        "version": "v3"
    },
    "regions": [
        {
            "boundingBox": {
                "height": 83.02814569536423,
                "left": 229.9908088235294,
                "top": 501.70198675496687,
                "width": 139.41176470588235
            },
            "id": "Yj6ypPdYh",
            "points": [
                {
                    "x": 229.9908088235294,
                    "y": 501.70198675496687
                },
                {
                    "x": 369.40257352941177,
                    "y": 501.70198675496687
                },
                {
                    "x": 369.40257352941177,
                    "y": 584.7301324503311
                },
                {
                    "x": 229.9908088235294,
                    "y": 584.7301324503311
                }
            ]
        }
    ]
}