{
    "asset": {
        "format": "jpg",
        "id": "d4b7291f8a084465e85a5d735f5fd4ed",
        "name": "71699271_p0_master1200.jpg",
        "size": {
            "height": 342,
            "width": 526
        }
    },
    "dataset": {
        "average_hash": "777373f17732380c",
        "split": "train",
        "version": "v2"
    },
    "regions": [
        {
            "boundingBox": {
                "height": 77.5999755859375,
                "left": 207.79998779296875,
                "top": 264.4000244140625,
                "width": 273.60003662109375
            },
            "id": "K-9bQQx6m",
            "points": [
                {
                    "x": 207.79998779296875,
                    "y": 264.4000244140625
                },
                {
                    "x": 481.4000244140625,
                    "y": 264.4000244140625
                },
                {
                    "x": 481.4000244140625,
                    "y": 342
                },
                {
                    "x": 207.79998779296875,
                    "y": 342
                }
            ]
        }
    ]
}