{
    "asset": {
        "format": "jpg",
        "id": "917bd872ecc8642d0eadf22416d881c7",
        "name": "71695609_p2_master1200.jpg",
        "size": {
            "height": 800,
            "width": 600
        }
    },
    "dataset": {
        "average_hash": "e7c3c3db39303fbf",
        "split": "train",
        "version": "v3"
    },
    "regions": [
        {
            "boundingBox": {
                "height": 100.66225165562915,
                "left": 193.37748344370863,
                "top": 459.6026490066225,
                "width": 242.38410596026492
            },
            "id": "s3CNOvPwN",
            "points": [
                {
                    "x": 193.37748344370863,
                    "y": 459.6026490066225
                },
                {
                    "x": 435.7615894039735,
                    "y": 459.6026490066225
                },
                {
                    "x": 435.7615894039735,
                    "y": 560.2649006622516
                },
                {
                    "x": 193.37748344370863,
                    "y": 560.2649006622516
                }
            ]
        }
    ]
}