{
    "asset": {
        "format": "jpg",
        "id": "3f4c245f593b0404b0bf88d1b859ddf3",
        "name": "71690023_p0_master1200.jpg",
        "size": {
            "height": 845,
            "width": 600
        }
    },
    "dataset": {
        "average_hash": "c1c1d9dbc643ffe0",
        "split": "train",
        "version": "v2"
    },
    "regions": [
        {
            "boundingBox": {
                "height": 169.5999755859375,
                "left": 137.4000244140625,
                "top": 444.4000244140625,
                "width": 310.4000244140625
            },
            "id": "oWkdvJ8yG",
            "points": [
                {
                    "x": 137.4000244140625,
                    "y": 444.4000244140625
                },
                {
                    "x": 447.800048828125,
                    "y": 444.4000244140625
                },
                {
                    "x": 447.800048828125,
                    "y": 614
                },
                {
                    "x": 137.4000244140625,
                    "y": 614
                }
            ]
        }
    ]
}