{
    "asset": {
        "format": "jpg",
        "id": "303de898379a0348fd4119d4ab8c8d40",
        "name": "71695609_p1_master1200.jpg",
        "size": {
            "height": 800,
            "width": 600
        }
    },
    "dataset": {
        "average_hash": "fffffffffbc18080",
        "split": "train",
        "version": "v3"
    },
    "regions": [
        {
            "boundingBox": {
                "height": 145.6953642384106,
                "left": 158.94039735099338,
                "top": 598.6754966887418,
                "width": 295.36423841059604
            },
            "id": "kgj9OI27C",
            "points": [
                {
                    "x": 158.94039735099338,
                    "y": 598.6754966887418
                },
                {
                    "x": 454.30463576158945,
                    "y": 598.6754966887418
                },
                {
                    "x": 454.30463576158945,
                    "y": 744.3708609271524
                },
                {
                    "x": 158.94039735099338,
                    "y": 744.3708609271524
                }
            ]
        }
    ]
}