{
    "asset": {
        "format": "jpg",
        "id": "34317c788e33b7f1e6a8de34b93449f9",
        "name": "71699966_p0_master1200.jpg",
        "size": {
            "height": 805,
            "width": 600
        }
    },
    "dataset": {
        "average_hash": "03180c6cfbff4000",
        "split": "train",
        "version": "v2"
    },
    "regions": [
        {
            "boundingBox": {
                "height": 57.600006103515625,
                "left": 217.4000244140625,
                "top": 166,
                "width": 125.5999755859375
            },
            "id": "f0KQim1s6",
            "points": [
                {
                    "x": 217.4000244140625,
                    "y": 166
                },
                {
                    "x": 343,
                    "y": 166
                },
                {
                    "x": 343,
                    "y": 223.60000610351562
                },
                {
                    "x": 217.4000244140625,
                    "y": 223.60000610351562
                }
            ]
        }
    ]
}