{
    "asset": {
        "format": "jpg",
        "id": "0e2c119521a74ef2cf9d150f5f6bb9fd",
        "name": "71696449_p1_master1200.jpg",
        "size": {
            "height": 412,
            "width": 600
        }
    },
    "dataset": {
        "average_hash": "7030383878780048",
        "split": "train",
        "version": "v3"
    },
    "regions": [
        {
            "boundingBox": {
                "height": 76.97894736842107,
                "left": 167.08860759493666,
                "top": 236.22236842105266,
                "width": 150.8137432188065
            },
            "id": "mwGCmUjWH",
            "points": [
                {
                    "x": 167.08860759493666,
                    "y": 236.22236842105266
                },
                {
                    "x": 317.90235081374317,
                    "y": 236.22236842105266
                },
                {
                    "x": 317.90235081374317,
                    "y": 313.20131578947377
                },
                {
                    "x": 167.08860759493666,
                    "y": 313.20131578947377
                }
            ]
        }
    ]
}