{
    "asset": {
        "format": "jpg",
        "id": "86fe44f9b1b52c809d8ed277375d0683",
        "name": "71695609_p4_master1200.jpg",
        "size": {
            "height": 1067,
            "width": 600
        }
    },
    "dataset": {
        "average_hash": "6062803c3c3c3c3c",
        "split": "train",
        "version": "v3"
    },
    "regions": [
        {
            "boundingBox": {
                "height": 123.65894039735099,
                "left": 194.69669117647058,
                "top": 770.2185430463576,
                "width": 197.6470588235294
            },
            "id": "67LAYE3oy",
            "points": [
                {
                    "x": 194.69669117647058,
                    "y": 770.2185430463576
                },
                {
                    "x": 392.34375,
                    "y": 770.2185430463576
                },
                {
                    "x": 392.34375,
                    "y": 893.8774834437086
                },
                {
                    "x": 194.69669117647058,
                    "y": 893.8774834437086
                }
            ]
        }
    ]
}