{
    "asset": {
        "format": "jpg",
        "id": "bd5739ee68266e1dd2da209aeb98eed9",
        "name": "71698576_p0_master1200.jpg",
        "size": {
            "height": 847,
            "width": 600
        }
    },
    "dataset": {
        "average_hash": "e3d3fbe3c3c2c4c0",
        "split": "train",
        "version": "v2"
    },
    "regions": [
        {
            "boundingBox": {
                "height": 254.70067255547707,
                "left": 110.64996337890625,
                "top": 364.83075730344086,
                "width": 337.5999755859375
            },
            "id": "AWk7bqxfL",
            "points": [
                {
                    "x": 110.64996337890625,
                    "y": 364.83075730344086
                },
                {
                    "x": 448.24993896484375,
                    "y": 364.83075730344086
                },
                {
                    "x": 448.24993896484375,
                    "y": 619.5314298589179
                },
                {
                    "x": 110.64996337890625,
                    "y": 619.5314298589179
                }
            ]
        }
    ]
}