{
    "asset": {
        "format": "jpg",
        "id": "33e80b42cdac95673ad263e272cc224f",
        "name": "71691038_p0_master1200.jpg",
        "size": {
            "height": 338,
            "width": 600
        }
    },
    "dataset": {
        "average_hash": "0f3f636300202060",
        "split": "train",
        "version": "v2"
    },
    "regions": [
        {
            "boundingBox": {
                "height": 72.79998779296875,
                "left": 107,
                "top": 110.4000244140625,
                "width": 116.79998779296875
            },
            "id": "yA-YWEuXM",
            "points": [
                {
                    "x": 107,
                    "y": 110.4000244140625
                },
                {
                    "x": 223.79998779296875,
                    "y": 110.4000244140625
                },
                {
                    "x": 223.79998779296875,
                    "y": 183.20001220703125
                },
                {
                    "x": 107,
                    "y": 183.20001220703125
                }
            ]
        }
    ]
}