{
    "asset": {
        "format": "jpg",
        "id": "32a837cdb8e0cb680bf428927e74a4b0",
        "name": "71695923_p0_master1200.jpg",
        "size": {
            "height": 700,
            "width": 600
        }
    },
    "dataset": {
        "average_hash": "fff1f0f8c8c03206",
        "split": "test",
        "version": "v2"
    },
    "regions": [
        {
            "boundingBox": {
                "height": 191.20001220703125,
                "left": 228.60003662109375,
                "top": 307.4000244140625,
                "width": 214.39996337890625
            },
            "id": "OfweaVUnG",
            "points": [
                {
                    "x": 228.60003662109375,
                    "y": 307.4000244140625
                },
                {
                    "x": 443,
                    "y": 307.4000244140625
                },
                {
                    "x": 443,
                    "y": 498.60003662109375
                },
                {
                    "x": 228.60003662109375,
                    "y": 498.60003662109375
                }
            ]
        }
    ]
}