{
    "asset": {
        "format": "jpg",
        "id": "7be0a767bc056c981392d04dda840cb4",
        "name": "71696293_p0_master1200.jpg",
        "size": {
            "height": 960,
            "width": 540
        }
    },
    "dataset": {
        "average_hash": "e3c38900bee3c180",
        "split": "train",
        "version": "v2"
    },
    "regions": [
        {
            "boundingBox": {
                "height": 228,
                "left": 82.60003662109375,
                "top": 442.20001220703125,
                "width": 427.20001220703125
            },
            "id": "bsvjuvgcA",
            "points": [
                {
                    "x": 82.60003662109375,
                    "y": 442.20001220703125
                },
                {
                    "x": 509.800048828125,
                    "y": 442.20001220703125
                },
                {
                    "x": 509.800048828125,
                    "y": 670.2000122070312
                },
                {
                    "x": 82.60003662109375,
                    "y": 670.2000122070312
                }
            ]
        }
    ]
}