{
    "asset": {
        "format": "jpg",
        "id": "e0270446b37a09ec83c7cc5494bc2cf2",
        "name": "71694843_p0_master1200.jpg",
        "size": {
            "height": 338,
            "width": 600
        }
    },
    "dataset": {
        "average_hash": "d1d1c1c8cc8cf8c8",
        "split": "test",
        "version": "v2"
    },
    "regions": [
        {
            "boundingBox": {
                "height": 63.20001220703125,
                "left": 91,
                "top": 87.20001220703125,
                "width": 124
            },
            "id": "8TQVxc31b",
            "points": [
                {
                    "x": 91,
                    "y": 87.20001220703125
                },
                {
                    "x": 215,
                    "y": 87.20001220703125
                },
                {
                    "x": 215,
                    "y": 150.4000244140625
                },
                {
                    "x": 91,
                    "y": 150.4000244140625
                }
            ]
        }
    ]
}