{
    "asset": {
        "format": "jpg",
        "id": "f9ef098251783508e11054dd3e7d55f9",
        "name": "71700235_p0_master1200.jpg",
        "size": {
            "height": 897,
            "width": 600
        }
    },
    "dataset": {
        "average_hash": "e4cbe7e7efbf3410",
        "split": "train",
        "version": "v2"
    },
    "regions": [
        {
            "boundingBox": {
                "height": 66.4000244140625,
                "left": 279,
                "top": 205.89999389648438,
                "width": 121.5999755859375
            },
            "id": "8Jo2xUCHE",
            "points": [
                {
                    "x": 279,
                    "y": 205.89999389648438
                },
                {
                    "x": 400.5999755859375,
                    "y": 205.89999389648438
                },
                {
                    "x": 400.5999755859375,
                    "y": 272.3000183105469
                },
                {
                    "x": 279,
                    "y": 272.3000183105469
                }
            ]
        }
    ]
}