{
    "asset": {
        "format": "jpg",
        "id": "845e1c73afccc1f351804b39ae22bc60",
        "name": "71701171_p0_master1200.jpg",
        "size": {
            "height": 845,
            "width": 600
        }
    },
    "dataset": {
        "average_hash": "e3c1989a7f7d0183",
        "split": "train",
        "version": "v2"
    },
    "regions": [
        {
            "boundingBox": {
                "height": 293.60003662109375,
                "left": 51.79998779296875,
                "top": 506.79998779296875,
                "width": 469.60003662109375
            },
            "id": "Ii_Gy4Ome",
            "points": [
                {
                    "x": 51.79998779296875,
                    "y": 506.79998779296875
                },
                {
                    "x": 521.4000244140625,
                    "y": 506.79998779296875
                },
                {
                    "x": 521.4000244140625,
                    "y": 800.4000244140625
                },
                {
                    "x": 51.79998779296875,
                    "y": 800.4000244140625
                }
            ]
        }
    ]
}