{
    "asset": {
        "format": "jpg",
        "id": "d8e3d5037c90b2f23819bcd342076726",
        "name": "71703024_p1_master1200.jpg",
        "size": {
            "height": 600,
            "width": 600
        }
    },
    "dataset": {
        "average_hash": "f7b3f1f11f1123a1",
        "split": "train",
        "version": "v3"
    },
    "regions": [
        {
            "boundingBox": {
                "height": 109.58408679927666,
                "left": 267.99276672694396,
                "top": 348.8245931283906,
                "width": 198.55334538878841
            },
            "id": "G3rz8lQZx",
            "points": [
                {
                    "x": 267.99276672694396,
                    "y": 348.8245931283906
                },
                {
                    "x": 466.54611211573234,
                    "y": 348.8245931283906
                },
                {
                    "x": 466.54611211573234,
                    "y": 458.40867992766727
                },
                {
                    "x": 267.99276672694396,
                    "y": 458.40867992766727
                }
            ]
        }
    ]
}