{
    "asset": {
        "format": "jpg",
        "id": "def60602cb73719c2cfc75328957158f",
        "name": "71700762_p0_master1200.jpg",
        "size": {
            "height": 1023,
            "width": 600
        }
    },
    "dataset": {
        "average_hash": "f3c18383c3f3e3e7",
        "split": "train",
        "version": "v2"
    },
    "regions": [
        {
            "boundingBox": {
                "height": 136.967138786078,
                "left": 190.85108980219414,
                "top": 433.8711018711019,
                "width": 262.9786714594415
            },
            "id": "_qkug0rFY",
            "points": [
                {
                    "x": 190.85108980219414,
                    "y": 433.8711018711019
                },
                {
                    "x": 453.8297612616356,
                    "y": 433.8711018711019
                },
                {
                    "x": 453.8297612616356,
                    "y": 570.8382406571799
                },
                {
                    "x": 190.85108980219414,
                    "y": 570.8382406571799
                }
            ]
        }
    ]
}