{
    "asset": {
        "format": "jpg",
        "id": "6ba5313309b42f667fb55a1f2ee9210b",
        "name": "71700656_p1_master1200.jpg",
        "size": {
            "height": 897,
            "width": 600
        }
    },
    "dataset": {
        "average_hash": "e7efe7e7e78f8f40",
        "split": "test",
        "version": "v3"
    },
    "regions": [
        {
            "boundingBox": {
                "height": 68.31456953642385,
                "left": 312.6469678217822,
                "top": 212.36920529801324,
                "width": 89.10891089108911
            },
            "id": "lakulOH-r",
            "points": [
                {
                    "x": 312.6469678217822,
                    "y": 212.36920529801324
                },
                {
                    "x": 401.75587871287127,
                    "y": 212.36920529801324
                },
                {
                    "x": 401.75587871287127,
                    "y": 280.6837748344371
                },
                {
                    "x": 312.6469678217822,
                    "y": 280.6837748344371
                }
            ]
        }
    ]
}