{
    "asset": {
        "format": "jpg",
        "id": "036ea8267e622c2065b0fa06b31d720d",
        "name": "71700235_p2_master1200.jpg",
        "size": {
            "height": 897,
            "width": 600
        }
    },
    "dataset": {
        "average_hash": "c9dbc8c9f9736b71",
        "split": "train",
        "version": "v3"
    },
    "regions": [
        {
            "boundingBox": {
                "height": 56.43377483443709,
                "left": 232.44894801980197,
                "top": 213.8543046357616,
                "width": 89.10891089108911
            },
            "id": "PEC3oULMh",
            "points": [
                {
                    "x": 232.44894801980197,
                    "y": 213.8543046357616
                },
                {
                    "x": 321.55785891089107,
                    "y": 213.8543046357616
                },
                {
                    "x": 321.55785891089107,
                    "y": 270.2880794701987
                },
                {
                    "x": 232.44894801980197,
                    "y": 270.2880794701987
                }
            ]
        },
        {
            "boundingBox": {
                "height": 53.4635761589404,
                "left": 473.0430074257426,
                "top": 224.25,
                "width": 93.56435643564356
            },
            "id": "syg-Agkow",
            "points": [
                {
                    "x": 473.0430074257426,
                    "y": 224.25
                },
                {
                    "x": 566.6073638613861,
                    "y": 224.25
                },
                {
                    "x": 566.6073638613861,
                    "y": 277.7135761589404
                },
                {
                    "x": 473.0430074257426,
                    "y": 277.7135761589404
                }
            ]
        }
    ]
}