{
    "asset": {
        "format": "jpg",
        "id": "630e9d2596f15f229c5660840acb7453",
        "name": "71700235_p7_master1200.jpg",
        "size": {
            "height": 897,
            "width": 600
        }
    },
    "dataset": {
        "average_hash": "e0cadbff678f0000",
        "split": "train",
        "version": "v3"
    },
    "regions": [
        {
            "boundingBox": {
                "height": 53.4635761589404,
                "left": 317.10241336633663,
                "top": 213.8543046357616,
                "width": 72.77227722772277
            },
            "id": "fNmGzF_ug",
            "points": [
                {
                    "x": 317.10241336633663,
                    "y": 213.8543046357616
                },
                {
                    "x": 389.8746905940594,
                    "y": 213.8543046357616
                },
                {
                    "x": 389.8746905940594,
                    "y": 267.317880794702
                },
                {
                    "x": 317.10241336633663,
                    "y": 267.317880794702
                }
            ]
        }
    ]
}