{
    "asset": {
        "format": "jpg",
        "id": "9882699102f6a012714ddd02cecee3aa",
        "name": "71700235_p10_master1200.jpg",
        "size": {
            "height": 897,
            "width": 600
        }
    },
    "dataset": {
        "average_hash": "e0cadbff678f0000",
        "split": "train",
        "version": "v3"
    },
    "regions": [
        {
            "boundingBox": {
                "height": 51.978476821192054,
                "left": 315.6172648514851,
                "top": 210.8841059602649,
                "width": 74.25742574257426
            },
            "id": "JrYFddhAp",
            "points": [
                {
                    "x": 315.6172648514851,
                    "y": 210.8841059602649
                },
                {
                    "x": 389.8746905940594,
                    "y": 210.8841059602649
                },
                {
                    "x": 389.8746905940594,
                    "y": 262.8625827814569
                },
                {
                    "x": 315.6172648514851,
                    "y": 262.8625827814569
                }
            ]
        }
    ]
}