{
    "asset": {
        "format": "jpg",
        "id": "33ee04fb84285b89ff43b589e00cd25c",
        "name": "71700235_p1_master1200.jpg",
        "size": {
            "height": 897,
            "width": 600
        }
    },
    "dataset": {
        "average_hash": "e7efe7e7e78f8f40",
        "split": "train",
        "version": "v3"
    },
    "regions": [
        {
            "boundingBox": {
                "height": 50.49337748344371,
                "left": 311.1618193069307,
                "top": 218.30960264900662,
                "width": 81.68316831683168
            },
            "id": "TUAs9sADv",
            "points": [
                {
                    "x": 311.1618193069307,
                    "y": 218.30960264900662
                },
                {
                    "x": 392.8449876237624,
                    "y": 218.30960264900662
                },
                {
                    "x": 392.8449876237624,
                    "y": 268.80298013245033
                },
                {
                    "x": 311.1618193069307,
                    "y": 268.80298013245033
                }
            ]
        }
    ]
}