{
    "asset": {
        "format": "jpg",
        "id": "f9839333b8fef9e822e6118a6f1e56a2",
        "name": "71700656_p0_master1200.jpg",
        "size": {
            "height": 897,
            "width": 600
        }
    },
    "dataset": {
        "average_hash": "e4cbe7e7ffbf3510",
        "split": "test",
        "version": "v2"
    },
    "regions": [
        {
            "boundingBox": {
                "height": 71.19998168945312,
                "left": 281.4000244140625,
                "top": 208.30001831054688,
                "width": 123.199951171875
            },
            "id": "D_Qj-ogWE",
            "points": [
                {
                    "x": 281.4000244140625,
                    "y": 208.30001831054688
                },
                {
                    "x": 404.5999755859375,
                    "y": 208.30001831054688
                },
                {
                    "x": 404.5999755859375,
                    "y": 279.5
                },
                {
                    "x": 281.4000244140625,
                    "y": 279.5
                }
            ]
        }
    ]
}