{
    "asset": {
        "format": "jpg",
        "id": "fe5bf96c55ab5f29eef225f7bc04c7a9",
        "name": "71708808_p1_master1200.jpg",
        "size": {
            "height": 1067,
            "width": 600
        }
    },
    "dataset": {
        "average_hash": "70ebe3c89c0191f1",
        "split": "train",
        "version": "v3"
    },
    "regions": [
        {
            "boundingBox": {
                "height": 185.48841059602648,
                "left": 166.46139705882354,
                "top": 528.2003311258278,
                "width": 361.7647058823529
            },
            "id": "181MQeH5V",
            "points": [
                {
                    "x": 166.46139705882354,
                    "y": 528.2003311258278
                },
                {
                    "x": 528.2261029411765,
                    "y": 528.2003311258278
                },
                {
                    "x": 528.2261029411765,
                    "y": 713.6887417218543
                },
                {
                    "x": 166.46139705882354,
                    "y": 713.6887417218543
                }
            ]
        }
    ]
}