{
    "asset": {
        "format": "jpg",
        "id": "056d7085de7bdeee7759e00c11a03e34",
        "name": "71700612_p3_master1200.jpg",
        "size": {
            "height": 686,
            "width": 600
        }
    },
    "dataset": {
        "average_hash": "ff0f13d0f4110030",
        "split": "train",
        "version": "v3"
    },
    "regions": [
        {
            "boundingBox": {
                "height": 115.84768211920529,
                "left": 160.9552556818182,
                "top": 365.71523178807945,
                "width": 168.1818181818182
            },
            "id": "Vj6Tz00aT",
            "points": [
                {
                    "x": 160.9552556818182,
                    "y": 365.71523178807945
                },
                {
                    "x": 329.1370738636364,
                    "y": 365.71523178807945
                },
                {
                    "x": 329.1370738636364,
                    "y": 481.5629139072847
                },
                {
                    "x": 160.9552556818182,
                    "y": 481.5629139072847
                }
            ]
        }
    ]
}