{
    "asset": {
        "format": "jpg",
        "id": "d79d3d7583bcd75ec0ee7c6b854868b0",
        "name": "71701082_p1_master1200.jpg",
        "size": {
            "height": 862,
            "width": 600
        }
    },
    "dataset": {
        "average_hash": "efe73b0101c0f0f4",
        "split": "train",
        "version": "v3"
    },
    "regions": [
        {
            "boundingBox": {
                "height": 184.10264900662253,
                "left": 172.45535714285714,
                "top": 475.24172185430467,
                "width": 318.57142857142856
            },
            "id": "BZ9O9qg58",
            "points": [
                {
                    "x": 172.45535714285714,
                    "y": 475.24172185430467
                },
                {
                    "x": 491.0267857142857,
                    "y": 475.24172185430467
                },
                {
                    "x": 491.0267857142857,
                    "y": 659.3443708609271
                },
                {
                    "x": 172.45535714285714,
                    "y": 659.3443708609271
                }
            ]
        }
    ]
}