{
    "asset": {
        "format": "jpg",
        "id": "185564439655456e573126a335273c16",
        "name": "71703024_p0_master1200.jpg",
        "size": {
            "height": 450,
            "width": 600
        }
    },
    "dataset": {
        "average_hash": "f1f36726243c1c1c",
        "split": "train",
        "version": "v2"
    },
    "regions": [
        {
            "boundingBox": {
                "height": 95.20001220703125,
                "left": 234.20001220703125,
                "top": 163.20001220703125,
                "width": 173.60003662109375
            },
            "id": "5kZ357L7K",
            "points": [
                {
                    "x": 234.20001220703125,
                    "y": 163.20001220703125
                },
                {
                    "x": 407.800048828125,
                    "y": 163.20001220703125
                },
                {
                    "x": 407.800048828125,
                    "y": 258.4000244140625
                },
                {
                    "x": 234.20001220703125,
                    "y": 258.4000244140625
                }
            ]
        }
    ]
}