{
    "asset": {
        "format": "jpg",
        "id": "1c0c860d1dbe87ae32651aba350c6ae5",
        "name": "71700235_p3_master1200.jpg",
        "size": {
            "height": 897,
            "width": 600
        }
    },
    "dataset": {
        "average_hash": "e0cbe7e7efbf3010",
        "split": "train",
        "version": "v3"
    },
    "regions": [
        {
            "boundingBox": {
                "height": 51.978476821192054,
                "left": 296.31033415841586,
                "top": 215.33940397350992,
                "width": 99.5049504950495
            },
            "id": "xhoPYlJB0",
            "points": [
                {
                    "x": 296.31033415841586,
                    "y": 215.33940397350992
                },
                {
                    "x": 395.81528465346537,
                    "y": 215.33940397350992
                },
                {
                    "x": 395.81528465346537,
                    "y": 267.317880794702
                },
                {
                    "x": 296.31033415841586,
                    "y": 267.317880794702
                }
            ]
        }
    ]
}