{
    "asset": {
        "format": "jpg",
        "id": "ade1cce458ec33ae318a59d208c21e80",
        "name": "71700656_p5_master1200.jpg",
        "size": {
            "height": 897,
            "width": 600
        }
    },
    "dataset": {
        "average_hash": "0012333730606000",
        "split": "test",
        "version": "v3"
    },
    "regions": [
        {
            "boundingBox": {
                "height": 60.889072847682115,
                "left": 474.52815594059405,
                "top": 210.8841059602649,
                "width": 86.13861386138613
            },
            "id": "D74Bfk5l4",
            "points": [
                {
                    "x": 474.52815594059405,
                    "y": 210.8841059602649
                },
                {
                    "x": 560.6667698019802,
                    "y": 210.8841059602649
                },
                {
                    "x": 560.6667698019802,
                    "y": 271.77317880794703
                },
                {
                    "x": 474.52815594059405,
                    "y": 271.77317880794703
                }
            ]
        },
        {
            "boundingBox": {
                "height": 59.40397350993378,
                "left": 235.41924504950495,
                "top": 218.30960264900662,
                "width": 84.65346534653466
            },
            "id": "B-B294_N9",
            "points": [
                {
                    "x": 235.41924504950495,
                    "y": 218.30960264900662
                },
                {
                    "x": 320.0727103960396,
                    "y": 218.30960264900662
                },
                {
                    "x": 320.0727103960396,
                    "y": 277.7135761589404
                },
                {
                    "x": 235.41924504950495,
                    "y": 277.7135761589404
                }
            ]
        }
    ]
}