{
    "asset": {
        "format": "jpg",
        "id": "82b4e31997715fd8add0115d8a34758c",
        "name": "71700612_p5_master1200.jpg",
        "size": {
            "height": 692,
            "width": 600
        }
    },
    "dataset": {
        "average_hash": "7f0f1f51f1190020",
        "split": "train",
        "version": "v3"
    },
    "regions": [
        {
            "boundingBox": {
                "height": 112.27814569536424,
                "left": 169.87714694656486,
                "top": 363.1854304635762,
                "width": 167.17557251908394
            },
            "id": "CpHJN1raX",
            "points": [
                {
                    "x": 169.87714694656486,
                    "y": 363.1854304635762
                },
                {
                    "x": 337.0527194656488,
                    "y": 363.1854304635762
                },
                {
                    "x": 337.0527194656488,
                    "y": 475.46357615894044
                },
                {
                    "x": 169.87714694656486,
                    "y": 475.46357615894044
                }
            ]
        }
    ]
}