{
    "asset": {
        "format": "jpg",
        "id": "c974a99d29e3e50031c1a395bfd8f5e4",
        "name": "71700656_p4_master1200.jpg",
        "size": {
            "height": 897,
            "width": 600
        }
    },
    "dataset": {
        "average_hash": "e0cadbff678f0800",
        "split": "test",
        "version": "v3"
    },
    "regions": [
        {
            "boundingBox": {
                "height": 51.978476821192054,
                "left": 311.1618193069307,
                "top": 218.30960264900662,
                "width": 81.68316831683168
            },
            "id": "L1U4avYb7",
            "points": [
                {
                    "x": 311.1618193069307,
                    "y": 218.30960264900662
                },
                {
                    "x": 392.8449876237624,
                    "y": 218.30960264900662
                },
                {
                    "x": 392.8449876237624,
                    "y": 270.2880794701987
                },
                {
                    "x": 311.1618193069307,
                    "y": 270.2880794701987
                }
            ]
        }
    ]
}