{
    "asset": {
        "format": "jpg",
        "id": "43d7952b361b7edfb11cd10fd2cc24c4",
        "name": "71700656_p2_master1200.jpg",
        "size": {
            "height": 897,
            "width": 600
        }
    },
    "dataset": {
        "average_hash": "c9dbc8c9f9736b61",
        "split": "test",
        "version": "v3"
    },
    "regions": [
        {
            "boundingBox": {
                "height": 47.52317880794702,
                "left": 470.0727103960396,
                "top": 221.2798013245033,
                "width": 108.41584158415841
            },
            "id": "zIXkVv8-N",
            "points": [
                {
                    "x": 470.0727103960396,
                    "y": 221.2798013245033
                },
                {
                    "x": 578.488551980198,
                    "y": 221.2798013245033
                },
                {
                    "x": 578.488551980198,
                    "y": 268.80298013245033
                },
                {
                    "x": 470.0727103960396,
                    "y": 268.80298013245033
                }
            ]
        },
        {
            "boundingBox": {
                "height": 60.889072847682115,
                "left": 233.93409653465346,
                "top": 216.82450331125827,
                "width": 86.13861386138613
            },
            "id": "9kd3oc_Qz",
            "points": [
                {
                    "x": 233.93409653465346,
                    "y": 216.82450331125827
                },
                {
                    "x": 320.0727103960396,
                    "y": 216.82450331125827
                },
                {
                    "x": 320.0727103960396,
                    "y": 277.7135761589404
                },
                {
                    "x": 233.93409653465346,
                    "y": 277.7135761589404
                }
            ]
        }
    ]
}