{
    "asset": {
        "format": "jpg",
        "id": "f8f08ba31de81b84612c4e3a9f80ac8d",
        "name": "71708808_p0_master1200.jpg",
        "size": {
            "height": 1067,
            "width": 600
        }
    },
    "dataset": {
        "average_hash": "70ebe2c89c0191f1",
        "split": "train",
        "version": "v2"
    },
    "regions": [
        {
            "boundingBox": {
                "height": 215.61832229709427,
                "left": 145.95198146516867,
                "top": 502.22202388263787,
                "width": 360.22179792196164
            },
            "id": "S8w3FLB5I",
            "points": [
                {
                    "x": 145.95198146516867,
                    "y": 502.22202388263787
                },
                {
                    "x": 506.1737793871303,
                    "y": 502.22202388263787
                },
                {
                    "x": 506.1737793871303,
                    "y": 717.8403461797321
                },
                {
                    "x": 145.95198146516867,
                    "y": 717.8403461797321
                }
            ]
        }
    ]
}