{
    "asset": {
        "format": "jpg",
        "id": "8fb80aa55320d71e5aa095e4bb068c0c",
        "name": "71703002_p0_master1200.jpg",
        "size": {
            "height": 866,
            "width": 600
        }
    },
    "dataset": {
        "average_hash": "c781898189d5fdff",
        "split": "train",
        "version": "v2"
    },
    "regions": [
        {
            "boundingBox": {
                "height": 164.80001831054688,
                "left": 180.60003662109375,
                "top": 285.6000061035156,
                "width": 274.39996337890625
            },
            "id": "2c6r7kdty",
            "points": [
                {
                    "x": 180.60003662109375,
                    "y": 285.6000061035156
                },
                {
                    "x": 455,
                    "y": 285.6000061035156
                },
                {
                    "x": 455,
                    "y": 450.4000244140625
                },
                {
                    "x": 180.60003662109375,
                    "y": 450.4000244140625
                }
            ]
        }
    ]
}