{
    "asset": {
        "format": "jpg",
        "id": "a1727b02029166f25470204083c1a07b",
        "name": "71709031_p0_master1200.jpg",
        "size": {
            "height": 632,
            "width": 600
        }
    },
    "dataset": {
        "average_hash": "2c7c7c3cf6dac2c2",
        "split": "train",
        "version": "v2"
    },
    "regions": [
        {
            "boundingBox": {
                "height": 153.5999755859375,
                "left": 144.60003662109375,
                "top": 432.60003662109375,
                "width": 303.20001220703125
            },
            "id": "vKQzt6auT",
            "points": [
                {
                    "x": 144.60003662109375,
                    "y": 432.60003662109375
                },
                {
                    "x": 447.800048828125,
                    "y": 432.60003662109375
                },
                {
                    "x": 447.800048828125,
                    "y": 586.2000122070312
                },
                {
                    "x": 144.60003662109375,
                    "y": 586.2000122070312
                }
            ]
        }
    ]
}