{
    "asset": {
        "format": "jpg",
        "id": "315313a34dff51942570a08803ffc138",
        "name": "71705185_p0_master1200.jpg",
        "size": {
            "height": 424,
            "width": 600
        }
    },
    "dataset": {
        "average_hash": "ffdf8f66674785e8",
        "split": "train",
        "version": "v2"
    },
    "regions": [
        {
            "boundingBox": {
                "height": 64.79998779296875,
                "left": 120.60003662109375,
                "top": 173.4000244140625,
                "width": 121.5999755859375
            },
            "id": "TYGPtAk76",
            "points": [
                {
                    "x": 120.60003662109375,
                    "y": 173.4000244140625
                },
                {
                    "x": 242.20001220703125,
                    "y": 173.4000244140625
                },
                {
                    "x": 242.20001220703125,
                    "y": 238.20001220703125
                },
                {
                    "x": 120.60003662109375,
                    "y": 238.20001220703125
                }
            ]
        }
    ]
}