{
    "asset": {
        "format": "jpg",
        "id": "89f045c91f7dfd825fea0d999ccb71f4",
        "name": "71700235_p6_master1200.jpg",
        "size": {
            "height": 897,
            "width": 600
        }
    },
    "dataset": {
        "average_hash": "00081c1c183e3000",
        "split": "train",
        "version": "v3"
    },
    "regions": [
        {
            "boundingBox": {
                "height": 56.43377483443709,
                "left": 306.70637376237624,
                "top": 210.8841059602649,
                "width": 81.68316831683168
            },
            "id": "x20_qKAqd",
            "points": [
                {
                    "x": 306.70637376237624,
                    "y": 210.8841059602649
                },
                {
                    "x": 388.3895420792079,
                    "y": 210.8841059602649
                },
                {
                    "x": 388.3895420792079,
                    "y": 267.317880794702
                },
                {
                    "x": 306.70637376237624,
                    "y": 267.317880794702
                }
            ]
        }
    ]
}