{
    "asset": {
        "format": "jpg",
        "id": "c5a493bff038d02957024431e7661bef",
        "name": "71705211_p0_master1200.jpg",
        "size": {
            "height": 848,
            "width": 600
        }
    },
    "dataset": {
        "average_hash": "bfe3e9e1c2c3e3e1",
        "split": "train",
        "version": "v2"
    },
    "regions": [
        {
            "boundingBox": {
                "height": 216,
                "left": 114.20001220703125,
                "top": 433.4000244140625,
                "width": 304.79998779296875
            },
            "id": "JzP-bmDtP",
            "points": [
                {
                    "x": 114.20001220703125,
                    "y": 433.4000244140625
                },
                {
                    "x": 419,
                    "y": 433.4000244140625
                },
                {
                    "x": 419,
                    "y": 649.4000244140625
                },
                {
                    "x": 114.20001220703125,
                    "y": 649.4000244140625
                }
            ]
        }
    ]
}