{
    "asset": {
        "format": "jpg",
        "id": "288a1007ab75953a7bb3b3a351227146",
        "name": "71700235_p9_master1200.jpg",
        "size": {
            "height": 897,
            "width": 600
        }
    },
    "dataset": {
        "average_hash": "00081c1c183a3000",
        "split": "train",
        "version": "v3"
    },
    "regions": [
        {
            "boundingBox": {
                "height": 57.91887417218543,
                "left": 314.13211633663366,
                "top": 215.33940397350992,
                "width": 89.10891089108911
            },
            "id": "iA-02a5Pi",
            "points": [
                {
                    "x": 314.13211633663366,
                    "y": 215.33940397350992
                },
                {
                    "x": 403.2410272277228,
                    "y": 215.33940397350992
                },
                {
                    "x": 403.2410272277228,
                    "y": 273.2582781456954
                },
                {
                    "x": 314.13211633663366,
                    "y": 273.2582781456954
                }
            ]
        }
    ]
}