{
    "asset": {
        "format": "jpg",
        "id": "484a9c81e0b6791069dda411cb1d7448",
        "name": "71701573_p0_master1200.jpg",
        "size": {
            "height": 848,
            "width": 600
        }
    },
    "dataset": {
        "average_hash": "ff830307978181c3",
        "split": "train",
        "version": "v2"
    },
    "regions": [
        {
            "boundingBox": {
                "height": 130.39999389648438,
                "left": 175.79998779296875,
                "top": 344.6000061035156,
                "width": 289.60003662109375
            },
            "id": "wG-69sPSR",
            "points": [
                {
                    "x": 175.79998779296875,
                    "y": 344.6000061035156
                },
                {
                    "x": 465.4000244140625,
                    "y": 344.6000061035156
                },
                {
                    "x": 465.4000244140625,
                    "y": 475
                },
                {
                    "x": 175.79998779296875,
                    "y": 475
                }
            ]
        }
    ]
}