{
    "asset": {
        "format": "jpg",
        "id": "27a7a862587ef8ca3868682618f04b0a",
        "name": "71702785_p0_master1200.jpg",
        "size": {
            "height": 803,
            "width": 600
        }
    },
    "dataset": {
        "average_hash": "e0c0c9f9ff0fefff",
        "split": "train",
        "version": "v2"
    },
    "regions": [
        {
            "boundingBox": {
                "height": 179.20001220703125,
                "left": 91.79998779296875,
                "top": 401.79998779296875,
                "width": 267.20001220703125
            },
            "id": "w0Y5X7bN-",
            "points": [
                {
                    "x": 91.79998779296875,
                    "y": 401.79998779296875
                },
                {
                    "x": 359,
                    "y": 401.79998779296875
                },
                {
                    "x": 359,
                    "y": 581
                },
                {
                    "x": 91.79998779296875,
                    "y": 581
                }
            ]
        }
    ]
}