{
    "asset": {
        "format": "jpg",
        "id": "3cab4208ca8e558399f526397eb1f707",
        "name": "71701082_p0_master1200.jpg",
        "size": {
            "height": 862,
            "width": 600
        }
    },
    "dataset": {
        "average_hash": "183c7c5a7f3d0f11",
        "split": "train",
        "version": "v2"
    },
    "regions": [
        {
            "boundingBox": {
                "height": 191.20001220703125,
                "left": 131,
                "top": 469.20001220703125,
                "width": 344
            },
            "id": "DsR-drOpE",
            "points": [
                {
                    "x": 131,
                    "y": 469.20001220703125
                },
                {
                    "x": 475,
                    "y": 469.20001220703125
                },
                {
                    "x": 475,
                    "y": 660.4000244140625
                },
                {
                    "x": 131,
                    "y": 660.4000244140625
                }
            ]
        }
    ]
}