{
    "asset": {
        "format": "jpg",
        "id": "b853706e7f0cd48544e9319f81531bca",
        "name": "71703278_p0_master1200.jpg",
        "size": {
            "height": 599,
            "width": 600
        }
    },
    "dataset": {
        "average_hash": "f7f3c3fff7c1c1c1",
        "split": "train",
        "version": "v2"
    },
    "regions": [
        {
            "boundingBox": {
                "height": 158.6648462608108,
                "left": 115.68560648123955,
                "top": 440.33515373918925,
                "width": 333.9130312304034
            },
            "id": "HjqPK6bQq",
            "points": [
                {
                    "x": 115.68560648123955,
                    "y": 440.33515373918925
                },
                {
                    "x": 449.598637711643,
                    "y": 440.33515373918925
                },
                {
                    "x": 449.598637711643,
                    "y": 599.0000000000001
                },
                {
                    "x": 115.68560648123955,
                    "y": 599.0000000000001
                }
            ]
        }
    ]
}