{
    "asset": {
        "format": "jpg",
        "id": "6ef337de87d0903cef8b8de9d35611a1",
        "name": "71700612_p0_master1200.jpg",
        "size": {
            "height": 692,
            "width": 600
        }
    },
    "dataset": {
        "average_hash": "7f0f1f51f1190020",
        "split": "train",
        "version": "v2"
    },
    "regions": [
        {
            "boundingBox": {
                "height": 128,
                "left": 158.60003662109375,
                "top": 352.60003662109375,
                "width": 214.39996337890625
            },
            "id": "5UDDmNcsp",
            "points": [
                {
                    "x": 158.60003662109375,
                    "y": 352.60003662109375
                },
                {
                    "x": 373,
                    "y": 352.60003662109375
                },
                {
                    "x": 373,
                    "y": 480.60003662109375
                },
                {
                    "x": 158.60003662109375,
                    "y": 480.60003662109375
                }
            ]
        }
    ]
}