{
    "asset": {
        "format": "jpg",
        "id": "cca0cd2776d88d94703de1a1ea3d5505",
        "name": "71700235_p5_master1200.jpg",
        "size": {
            "height": 897,
            "width": 600
        }
    },
    "dataset": {
        "average_hash": "c9dbc8c9f9736b61",
        "split": "train",
        "version": "v3"
    },
    "regions": [
        {
            "boundingBox": {
                "height": 56.43377483443709,
                "left": 474.52815594059405,
                "top": 216.82450331125827,
                "width": 90.5940594059406
            },
            "id": "O_noSDJET",
            "points": [
                {
                    "x": 474.52815594059405,
                    "y": 216.82450331125827
                },
                {
                    "x": 565.1222153465346,
                    "y": 216.82450331125827
                },
                {
                    "x": 565.1222153465346,
                    "y": 273.2582781456954
                },
                {
                    "x": 474.52815594059405,
                    "y": 273.2582781456954
                }
            ]
        },
        {
            "boundingBox": {
                "height": 41.58278145695364,
                "left": 230.9637995049505,
                "top": 221.2798013245033,
                "width": 86.13861386138613
            },
            "id": "gMsLRhjFt",
            "points": [
                {
                    "x": 230.9637995049505,
                    "y": 221.2798013245033
                },
                {
                    "x": 317.10241336633663,
                    "y": 221.2798013245033
                },
                {
                    "x": 317.10241336633663,
                    "y": 262.8625827814569
                },
                {
                    "x": 230.9637995049505,
                    "y": 262.8625827814569
                }
            ]
        }
    ]
}