{
    "asset": {
        "format": "jpg",
        "id": "6db03fb4d3dee814b730927c382118d8",
        "name": "71700612_p4_master1200.jpg",
        "size": {
            "height": 658,
            "width": 600
        }
    },
    "dataset": {
        "average_hash": "3f0f1653f1790020",
        "split": "train",
        "version": "v3"
    },
    "regions": [
        {
            "boundingBox": {
                "height": 106.7615894039735,
                "left": 165.3981397459165,
                "top": 340.98344370860923,
                "width": 170.96188747731395
            },
            "id": "xO8lQtzuB",
            "points": [
                {
                    "x": 165.3981397459165,
                    "y": 340.98344370860923
                },
                {
                    "x": 336.3600272232305,
                    "y": 340.98344370860923
                },
                {
                    "x": 336.3600272232305,
                    "y": 447.74503311258275
                },
                {
                    "x": 165.3981397459165,
                    "y": 447.74503311258275
                }
            ]
        }
    ]
}