{
    "asset": {
        "format": "jpg",
        "id": "105d255577bb3bbecf93d4ad015fd3b4",
        "name": "71709561_p0_master1200.jpg",
        "size": {
            "height": 338,
            "width": 600
        }
    },
    "dataset": {
        "average_hash": "03072e1d3066ee88",
        "split": "train",
        "version": "v2"
    },
    "regions": [
        {
            "boundingBox": {
                "height": 57.5999755859375,
                "left": 180.60003662109375,
                "top": 110.4000244140625,
                "width": 115.20001220703125
            },
            "id": "hSFrg0JHE",
            "points": [
                {
                    "x": 180.60003662109375,
                    "y": 110.4000244140625
                },
                {
                    "x": 295.800048828125,
                    "y": 110.4000244140625
                },
                {
                    "x": 295.800048828125,
                    "y": 168
                },
                {
                    "x": 180.60003662109375,
                    "y": 168
                }
            ]
        }
    ]
}