{
    "asset": {
        "format": "jpg",
        "id": "622e63ede2d22f2bd0a44e3768278c5c",
        "name": "71701995_p0_master1200.jpg",
        "size": {
            "height": 833,
            "width": 600
        }
    },
    "dataset": {
        "average_hash": "ffe3c3c3c78181c7",
        "split": "test",
        "version": "v2"
    },
    "regions": [
        {
            "boundingBox": {
                "height": 117.5999755859375,
                "left": 163,
                "top": 306.70001220703125,
                "width": 171.2000732421875
            },
            "id": "wcUoURm2n",
            "points": [
                {
                    "x": 163,
                    "y": 306.70001220703125
                },
                {
                    "x": 334.2000732421875,
                    "y": 306.70001220703125
                },
                {
                    "x": 334.2000732421875,
                    "y": 424.29998779296875
                },
                {
                    "x": 163,
                    "y": 424.29998779296875
                }
            ]
        }
    ]
}