{
    "asset": {
        "format": "jpg",
        "id": "e8e777b0a798a0f76bcd0b3d3143eaac",
        "name": "71700656_p3_master1200.jpg",
        "size": {
            "height": 897,
            "width": 600
        }
    },
    "dataset": {
        "average_hash": "00081c1c183a3000",
        "split": "test",
        "version": "v3"
    },
    "regions": [
        {
            "boundingBox": {
                "height": 56.43377483443709,
                "left": 312.6469678217822,
                "top": 215.33940397350992,
                "width": 83.16831683168317
            },
            "id": "YSefywK9s",
            "points": [
                {
                    "x": 312.6469678217822,
                    "y": 215.33940397350992
                },
                {
                    "x": 395.81528465346537,
                    "y": 215.33940397350992
                },
                {
                    "x": 395.81528465346537,
                    "y": 271.77317880794703
                },
                {
                    "x": 312.6469678217822,
                    "y": 271.77317880794703
                }
            ]
        }
    ]
}