{
    "asset": {
        "format": "jpg",
        "id": "5920d85727ca7b26d0b28be4034f40a0",
        "name": "71705319_p0_master1200.jpg",
        "size": {
            "height": 851,
            "width": 600
        }
    },
    "dataset": {
        "average_hash": "ff81b1b1813020a7",
        "split": "train",
        "version": "v2"
    },
    "regions": [
        {
            "boundingBox": {
                "height": 193.5999755859375,
                "left": 43,
                "top": 523.4000244140625,
                "width": 297.5999755859375
            },
            "id": "zs6NaCswS",
            "points": [
                {
                    "x": 43,
                    "y": 523.4000244140625
                },
                {
                    "x": 340.5999755859375,
                    "y": 523.4000244140625
                },
                {
                    "x": 340.5999755859375,
                    "y": 717
                },
                {
                    "x": 43,
                    "y": 717
                }
            ]
        }
    ]
}