{
    "asset": {
        "format": "jpg",
        "id": "8fedceee8e77da825f39d812cf35f208",
        "name": "71703440_p0_master1200.jpg",
        "size": {
            "height": 600,
            "width": 600
        }
    },
    "dataset": {
        "average_hash": "f7c7c181c7e7c7e7",
        "split": "train",
        "version": "v2"
    },
    "regions": [
        {
            "boundingBox": {
                "height": 52,
                "left": 199.79998779296875,
                "top": 340.60003662109375,
                "width": 128.79998779296875
            },
            "id": "UniPzmPQG",
            "points": [
                {
                    "x": 199.79998779296875,
                    "y": 340.60003662109375
                },
                {
                    "x": 328.5999755859375,
                    "y": 340.60003662109375
                },
                {
                    "x": 328.5999755859375,
                    "y": 392.60003662109375
                },
                {
                    "x": 199.79998779296875,
                    "y": 392.60003662109375
                }
            ]
        }
    ]
}