{
    "asset": {
        "format": "jpg",
        "id": "4811ca8c4511371ef15a4c325f489959",
        "name": "71700235_p4_master1200.jpg",
        "size": {
            "height": 897,
            "width": 600
        }
    },
    "dataset": {
        "average_hash": "e7efe7e7e78f8f40",
        "split": "train",
        "version": "v3"
    },
    "regions": [
        {
            "boundingBox": {
                "height": 46.038079470198674,
                "left": 317.10241336633663,
                "top": 218.30960264900662,
                "width": 75.74257425742574
            },
            "id": "JPWH9v4ya",
            "points": [
                {
                    "x": 317.10241336633663,
                    "y": 218.30960264900662
                },
                {
                    "x": 392.8449876237624,
                    "y": 218.30960264900662
                },
                {
                    "x": 392.8449876237624,
                    "y": 264.3476821192053
                },
                {
                    "x": 317.10241336633663,
                    "y": 264.3476821192053
                }
            ]
        }
    ]
}