{
    "asset": {
        "format": "jpg",
        "id": "5693444231ceffde29a5e31e5f54fce2",
        "name": "71707643_p0_master1200.jpg",
        "size": {
            "height": 528,
            "width": 600
        }
    },
    "dataset": {
        "average_hash": "072f606525377fff",
        "split": "train",
        "version": "v2"
    },
    "regions": [
        {
            "boundingBox": {
                "height": 56.79998779296875,
                "left": 259.79998779296875,
                "top": 159,
                "width": 138.40008544921875
            },
            "id": "S9p5BHyGv",
            "points": [
                {
                    "x": 259.79998779296875,
                    "y": 159
                },
                {
                    "x": 398.2000732421875,
                    "y": 159
                },
                {
                    "x": 398.2000732421875,
                    "y": 215.79998779296875
                },
                {
                    "x": 259.79998779296875,
                    "y": 215.79998779296875
                }
            ]
        }
    ]
}