{
    "asset": {
        "format": "jpg",
        "id": "ded23c817e05cf789eac3a6ef42c7c1c",
        "name": "71706900_p0_master1200.jpg",
        "size": {
            "height": 1027,
            "width": 600
        }
    },
    "dataset": {
        "average_hash": "e7e3f18181c1878f",
        "split": "test",
        "version": "v2"
    },
    "regions": [
        {
            "boundingBox": {
                "height": 101.63244546426309,
                "left": 223.77228109013566,
                "top": 327.10269618678734,
                "width": 228.89675805577178
            },
            "id": "RCEhx0JAG",
            "points": [
                {
                    "x": 223.77228109013566,
                    "y": 327.10269618678734
                },
                {
                    "x": 452.66903914590745,
                    "y": 327.10269618678734
                },
                {
                    "x": 452.66903914590745,
                    "y": 428.73514165105047
                },
                {
                    "x": 223.77228109013566,
                    "y": 428.73514165105047
                }
            ]
        }
    ]
}