{
    "asset": {
        "format": "jpg",
        "id": "edd87e5d38da484001f3b663973276c2",
        "name": "71709353_p0_master1200.jpg",
        "size": {
            "height": 1088,
            "width": 600
        }
    },
    "dataset": {
        "average_hash": "e7c8f8fcf838002c",
        "split": "test",
        "version": "v2"
    },
    "regions": [
        {
            "boundingBox": {
                "height": 179.14680515852393,
                "left": 104.15094339622641,
                "top": 384.5322245322246,
                "width": 330.566037735849
            },
            "id": "JywnFg3F2",
            "points": [
                {
                    "x": 104.15094339622641,
                    "y": 384.5322245322246
                },
                {
                    "x": 434.7169811320755,
                    "y": 384.5322245322246
                },
                {
                    "x": 434.7169811320755,
                    "y": 563.6790296907485
                },
                {
                    "x": 104.15094339622641,
                    "y": 563.6790296907485
                }
            ]
        }
    ]
}