{
    "asset": {
        "format": "jpg",
        "id": "544dd4c52e3979e24f6dee8252591009",
        "name": "71717760_p1_master1200.jpg",
        "size": {
            "height": 800,
            "width": 600
        }
    },
    "dataset": {
        "average_hash": "ffc3c3939989c311",
        "split": "train",
        "version": "v3"
    },
    "regions": [
        {
            "boundingBox": {
                "height": 105.96026490066225,
                "left": 184.1059602649007,
                "top": 596.0264900662252,
                "width": 218.5430463576159
            },
            "id": "1jemZ_UJE",
            "points": [
                {
                    "x": 184.1059602649007,
                    "y": 596.0264900662252
                },
                {
                    "x": 402.6490066225166,
                    "y": 596.0264900662252
                },
                {
                    "x": 402.6490066225166,
                    "y": 701.9867549668875
                },
                {
                    "x": 184.1059602649007,
                    "y": 701.9867549668875
                }
            ]
        }
    ]
}