{
    "asset": {
        "format": "jpg",
        "id": "7aea5abbcfe894453455c81d797fa4e8",
        "name": "71713629_p0_master1200.jpg",
        "size": {
            "height": 527,
            "width": 600
        }
    },
    "dataset": {
        "average_hash": "fbc1c5c1c381e3e1",
        "split": "train",
        "version": "v2"
    },
    "regions": [
        {
            "boundingBox": {
                "height": 125.83881996067758,
                "left": 287.3954849498328,
                "top": 274.52091254752855,
                "width": 207.8930500757734
            },
            "id": "7VoJ1MPPo",
            "points": [
                {
                    "x": 287.3954849498328,
                    "y": 274.52091254752855
                },
                {
                    "x": 495.28853502560617,
                    "y": 274.52091254752855
                },
                {
                    "x": 495.28853502560617,
                    "y": 400.35973250820615
                },
                {
                    "x": 287.3954849498328,
                    "y": 400.35973250820615
                }
            ]
        },
        {
            "boundingBox": {
                "height": 75.34297800970621,
                "left": 191.8770780531459,
                "top": 303.37565316900105,
                "width": 187.82609920437918
            },
            "id": "mc4-s0s0k",
            "points": [
                {
                    "x": 191.8770780531459,
                    "y": 303.37565316900105
                },
                {
                    "x": 379.70317725752506,
                    "y": 303.37565316900105
                },
                {
                    "x": 379.70317725752506,
                    "y": 378.71863117870726
                },
                {
                    "x": 191.8770780531459,
                    "y": 378.71863117870726
                }
            ]
        }
    ]
}