{
    "asset": {
        "format": "jpg",
        "id": "b98d9731225b5c29fc046871b958ae5d",
        "name": "71717818_p0_master1200.jpg",
        "size": {
            "height": 859,
            "width": 600
        }
    },
    "dataset": {
        "average_hash": "f29e063afee2e0e0",
        "split": "train",
        "version": "v2"
    },
    "regions": [
        {
            "boundingBox": {
                "height": 51.199981689453125,
                "left": 209.4000244140625,
                "top": 120.20001220703125,
                "width": 88
            },
            "id": "dAjKOuOxW",
            "points": [
                {
                    "x": 209.4000244140625,
                    "y": 120.20001220703125
                },
                {
                    "x": 297.4000244140625,
                    "y": 120.20001220703125
                },
                {
                    "x": 297.4000244140625,
                    "y": 171.39999389648438
                },
                {
                    "x": 209.4000244140625,
                    "y": 171.39999389648438
                }
            ]
        },
        {
            "boundingBox": {
                "height": 51.20001220703125,
                "left": 318.2000732421875,
                "top": 143.39999389648438,
                "width": 84.7999267578125
            },
            "id": "HJ0pbYPl1",
            "points": [
                {
                    "x": 318.2000732421875,
                    "y": 143.39999389648438
                },
                {
                    "x": 403,
                    "y": 143.39999389648438
                },
                {
                    "x": 403,
                    "y": 194.60000610351562
                },
                {
                    "x": 318.2000732421875,
                    "y": 194.60000610351562
                }
            ]
        },
        {
            "boundingBox": {
                "height": 75.20001220703125,
                "left": 359.800048828125,
                "top": 400.20001220703125,
                "width": 105.5999755859375
            },
            "id": "TMSnHlWhz",
            "points": [
                {
                    "x": 359.800048828125,
                    "y": 400.20001220703125
                },
                {
                    "x": 465.4000244140625,
                    "y": 400.20001220703125
                },
                {
                    "x": 465.4000244140625,
                    "y": 475.4000244140625
                },
                {
                    "x": 359.800048828125,
                    "y": 475.4000244140625
                }
            ]
        },
        {
            "boundingBox": {
                "height": 81.5999755859375,
                "left": 213.4000244140625,
                "top": 411.4000244140625,
                "width": 91.199951171875
            },
            "id": "PiHN6LWBu",
            "points": [
                {
                    "x": 213.4000244140625,
                    "y": 411.4000244140625
                },
                {
                    "x": 304.5999755859375,
                    "y": 411.4000244140625
                },
                {
                    "x": 304.5999755859375,
                    "y": 493
                },
                {
                    "x": 213.4000244140625,
                    "y": 493
                }
            ]
        },
        {
            "boundingBox": {
                "height": 82,
                "left": 188.60003662109375,
                "top": 777,
                "width": 310.39996337890625
            },
            "id": "bqEp2ADzY",
            "points": [
                {
                    "x": 188.60003662109375,
                    "y": 777
                },
                {
                    "x": 499,
                    "y": 777
                },
                {
                    "x": 499,
                    "y": 859
                },
                {
                    "x": 188.60003662109375,
                    "y": 859
                }
            ]
        },
        {
            "boundingBox": {
                "height": 179.39999389648438,
                "left": 13.4000244140625,
                "top": 0,
                "width": 153.5999755859375
            },
            "id": "wWc9oiOuH",
            "points": [
                {
                    "x": 13.4000244140625,
                    "y": 0
                },
                {
                    "x": 167,
                    "y": 0
                },
                {
                    "x": 167,
                    "y": 179.39999389648438
                },
                {
                    "x": 13.4000244140625,
                    "y": 179.39999389648438
                }
            ]
        }
    ]
}