{
    "asset": {
        "format": "jpg",
        "id": "92002d6864f765c3a848181ca0ed9360",
        "name": "71712572_p1_master1200.jpg",
        "size": {
            "height": 654,
            "width": 600
        }
    },
    "dataset": {
        "average_hash": "3e3b3c3c60e266c4",
        "split": "train",
        "version": "v3"
    },
    "regions": [
        {
            "boundingBox": {
                "height": 140.99502487562188,
                "left": 338.5171790235081,
                "top": 329.05052860696514,
                "width": 233.27305605786617
            },
            "id": "l_VLB6Mv3",
            "points": [
                {
                    "x": 338.5171790235081,
                    "y": 329.05052860696514
                },
                {
                    "x": 571.7902350813742,
                    "y": 329.05052860696514
                },
                {
                    "x": 571.7902350813742,
                    "y": 470.045553482587
                },
                {
                    "x": 338.5171790235081,
                    "y": 470.045553482587
                }
            ]
        }
    ]
}