{
    "asset": {
        "format": "jpg",
        "id": "01ea089d1440751eb4b06f30c92a096a",
        "name": "71714339_p1_master1200.jpg",
        "size": {
            "height": 475,
            "width": 600
        }
    },
    "dataset": {
        "average_hash": "8787979cf9c72cf2",
        "split": "train",
        "version": "v3"
    },
    "regions": [
        {
            "boundingBox": {
                "height": 104.10958904109589,
                "left": 175.76853526220611,
                "top": 261.25677796803654,
                "width": 207.23327305605787
            },
            "id": "0X-pCcZIx",
            "points": [
                {
                    "x": 175.76853526220611,
                    "y": 261.25677796803654
                },
                {
                    "x": 383.00180831826395,
                    "y": 261.25677796803654
                },
                {
                    "x": 383.00180831826395,
                    "y": 365.36636700913243
                },
                {
                    "x": 175.76853526220611,
                    "y": 365.36636700913243
                }
            ]
        }
    ]
}