{
    "asset": {
        "format": "jpg",
        "id": "bc3b85d6f7f4b78bd00733401f1fdb37",
        "name": "71717760_p0_master1200.jpg",
        "size": {
            "height": 800,
            "width": 600
        }
    },
    "dataset": {
        "average_hash": "ffc3c3939989c313",
        "split": "train",
        "version": "v2"
    },
    "regions": [
        {
            "boundingBox": {
                "height": 152,
                "left": 146.20001220703125,
                "top": 555,
                "width": 276.00006103515625
            },
            "id": "ckG8YtM0u",
            "points": [
                {
                    "x": 146.20001220703125,
                    "y": 555
                },
                {
                    "x": 422.2000732421875,
                    "y": 555
                },
                {
                    "x": 422.2000732421875,
                    "y": 707
                },
                {
                    "x": 146.20001220703125,
                    "y": 707
                }
            ]
        }
    ]
}