{
    "asset": {
        "format": "jpg",
        "id": "8764154a35809acabb70338b53e6aec3",
        "name": "71712542_p0_master1200.jpg",
        "size": {
            "height": 870,
            "width": 540
        }
    },
    "dataset": {
        "average_hash": "ffffc78383c3c5c5",
        "split": "train",
        "version": "v2"
    },
    "regions": [
        {
            "boundingBox": {
                "height": 136.00003051757812,
                "left": 77.79998779296875,
                "top": 332.3999938964844,
                "width": 244.79998779296875
            },
            "id": "dyUKfrnIJ",
            "points": [
                {
                    "x": 77.79998779296875,
                    "y": 332.3999938964844
                },
                {
                    "x": 322.5999755859375,
                    "y": 332.3999938964844
                },
                {
                    "x": 322.5999755859375,
                    "y": 468.4000244140625
                },
                {
                    "x": 77.79998779296875,
                    "y": 468.4000244140625
                }
            ]
        }
    ]
}