{
    "asset": {
        "format": "jpg",
        "id": "8c97313776ef594ae481c93a67fef7d1",
        "name": "71716323_p0_master1200.jpg",
        "size": {
            "height": 999,
            "width": 600
        }
    },
    "dataset": {
        "average_hash": "183c4ec7c7e3f780",
        "split": "train",
        "version": "v2"
    },
    "regions": [
        {
            "boundingBox": {
                "height": 71.44617286095253,
                "left": 213.42564355130838,
                "top": 240.92307692307693,
                "width": 131.21103464938363
            },
            "id": "i4YGTUFku",
            "points": [
                {
                    "x": 213.42564355130838,
                    "y": 240.92307692307693
                },
                {
                    "x": 344.636678200692,
                    "y": 240.92307692307693
                },
                {
                    "x": 344.636678200692,
                    "y": 312.3692497840295
                },
                {
                    "x": 213.42564355130838,
                    "y": 312.3692497840295
                }
            ]
        }
    ]
}