{
    "asset": {
        "format": "jpg",
        "id": "ce17754622e76b860a64ab7242e67846",
        "name": "71715135_p0_master1200.jpg",
        "size": {
            "height": 720,
            "width": 600
        }
    },
    "dataset": {
        "average_hash": "0703fffae0c08000",
        "split": "train",
        "version": "v2"
    },
    "regions": [
        {
            "boundingBox": {
                "height": 196,
                "left": 62.20001220703125,
                "top": 442.20001220703125,
                "width": 373.60003662109375
            },
            "id": "QaXi3xau3",
            "points": [
                {
                    "x": 62.20001220703125,
                    "y": 442.20001220703125
                },
                {
                    "x": 435.800048828125,
                    "y": 442.20001220703125
                },
                {
                    "x": 435.800048828125,
                    "y": 638.2000122070312
                },
                {
                    "x": 62.20001220703125,
                    "y": 638.2000122070312
                }
            ]
        }
    ]
}