{
    "asset": {
        "format": "jpg",
        "id": "0dc308b4133a564e5ef4abd60d0d5ff0",
        "name": "71719389_p0_master1200.jpg",
        "size": {
            "height": 600,
            "width": 600
        }
    },
    "dataset": {
        "average_hash": "2f3d7f78181f7c1c",
        "split": "train",
        "version": "v2"
    },
    "regions": [
        {
            "boundingBox": {
                "height": 128,
                "left": 164.60003662109375,
                "top": 239,
                "width": 219.99993896484375
            },
            "id": "1qjXluWrv",
            "points": [
                {
                    "x": 164.60003662109375,
                    "y": 239
                },
                {
                    "x": 384.5999755859375,
                    "y": 239
                },
                {
                    "x": 384.5999755859375,
                    "y": 367
                },
                {
                    "x": 164.60003662109375,
                    "y": 367
                }
            ]
        }
    ]
}