{
    "asset": {
        "format": "jpg",
        "id": "223ba8aa3530e7ca9d72080b4d90c752",
        "name": "71719704_p0_master1200.jpg",
        "size": {
            "height": 425,
            "width": 600
        }
    },
    "dataset": {
        "average_hash": "0e7c7830f94b6f7f",
        "split": "train",
        "version": "v2"
    },
    "regions": [
        {
            "boundingBox": {
                "height": 136.79998779296875,
                "left": 27.79998779296875,
                "top": 191.5,
                "width": 184.800048828125
            },
            "id": "VOLKhEE24",
            "points": [
                {
                    "x": 27.79998779296875,
                    "y": 191.5
                },
                {
                    "x": 212.60003662109375,
                    "y": 191.5
                },
                {
                    "x": 212.60003662109375,
                    "y": 328.29998779296875
                },
                {
                    "x": 27.79998779296875,
                    "y": 328.29998779296875
                }
            ]
        }
    ]
}