{
    "asset": {
        "format": "jpg",
        "id": "be493cb8b3fe14e30c7f75f105d6bb0c",
        "name": "71713898_p0_master1200.jpg",
        "size": {
            "height": 427,
            "width": 600
        }
    },
    "dataset": {
        "average_hash": "ff1f1314001c18ff",
        "split": "test",
        "version": "v2"
    },
    "regions": [
        {
            "boundingBox": {
                "height": 70.4000244140625,
                "left": 132.60003662109375,
                "top": 189,
                "width": 115.199951171875
            },
            "id": "J-h1O8HfT",
            "points": [
                {
                    "x": 132.60003662109375,
                    "y": 189
                },
                {
                    "x": 247.79998779296875,
                    "y": 189
                },
                {
                    "x": 247.79998779296875,
                    "y": 259.4000244140625
                },
                {
                    "x": 132.60003662109375,
                    "y": 259.4000244140625
                }
            ]
        },
        {
            "boundingBox": {
                "height": 52.79998779296875,
                "left": 325.4000244140625,
                "top": 285,
                "width": 99.199951171875
            },
            "id": "UX6stvzDL",
            "points": [
                {
                    "x": 325.4000244140625,
                    "y": 285
                },
                {
                    "x": 424.5999755859375,
                    "y": 285
                },
                {
                    "x": 424.5999755859375,
                    "y": 337.79998779296875
                },
                {
                    "x": 325.4000244140625,
                    "y": 337.79998779296875
                }
            ]
        }
    ]
}