{
    "asset": {
        "format": "jpg",
        "id": "6643f89738c6218a5818e505d2ba5b55",
        "name": "71714873_p0_master1200.jpg",
        "size": {
            "height": 338,
            "width": 600
        }
    },
    "dataset": {
        "average_hash": "fcfeff4440020301",
        "split": "train",
        "version": "v2"
    },
    "regions": [
        {
            "boundingBox": {
                "height": 128.80001831054688,
                "left": 227,
                "top": 54.399993896484375,
                "width": 141.5999755859375
            },
            "id": "T-eiwbAbA",
            "points": [
                {
                    "x": 227,
                    "y": 54.399993896484375
                },
                {
                    "x": 368.5999755859375,
                    "y": 54.399993896484375
                },
                {
                    "x": 368.5999755859375,
                    "y": 183.20001220703125
                },
                {
                    "x": 227,
                    "y": 183.20001220703125
                }
            ]
        }
    ]
}