{
    "asset": {
        "format": "jpg",
        "id": "cae14ceb418a2e0d5e4e76f185f0f67e",
        "name": "71716832_p0_master1200.jpg",
        "size": {
            "height": 849,
            "width": 600
        }
    },
    "dataset": {
        "average_hash": "3c3e3e1c463e1e0e",
        "split": "train",
        "version": "v2"
    },
    "regions": [
        {
            "boundingBox": {
                "height": 271.199951171875,
                "left": 179.79998779296875,
                "top": 533.1000366210938,
                "width": 222.40008544921875
            },
            "id": "m9azGZL_W",
            "points": [
                {
                    "x": 179.79998779296875,
                    "y": 533.1000366210938
                },
                {
                    "x": 402.2000732421875,
                    "y": 533.1000366210938
                },
                {
                    "x": 402.2000732421875,
                    "y": 804.2999877929688
                },
                {
                    "x": 179.79998779296875,
                    "y": 804.2999877929688
                }
            ]
        }
    ]
}