{
    "asset": {
        "format": "jpg",
        "id": "8e24f178ee3a0e410c02a5674d3c67c0",
        "name": "71717313_p0_master1200.jpg",
        "size": {
            "height": 900,
            "width": 600
        }
    },
    "dataset": {
        "average_hash": "ffc7c78383e1f1ff",
        "split": "test",
        "version": "v2"
    },
    "regions": [
        {
            "boundingBox": {
                "height": 137.60003662109375,
                "left": 175.79998779296875,
                "top": 413,
                "width": 248.00006103515625
            },
            "id": "k1FlODoQ7",
            "points": [
                {
                    "x": 175.79998779296875,
                    "y": 413
                },
                {
                    "x": 423.800048828125,
                    "y": 413
                },
                {
                    "x": 423.800048828125,
                    "y": 550.6000366210938
                },
                {
                    "x": 175.79998779296875,
                    "y": 550.6000366210938
                }
            ]
        }
    ]
}