{
    "asset": {
        "format": "jpg",
        "id": "1fafdbcccf9d9f630d295aed79fb0303",
        "name": "71713898_p1_master1200.jpg",
        "size": {
            "height": 754,
            "width": 546
        }
    },
    "dataset": {
        "average_hash": "42123f1e707e475b",
        "split": "test",
        "version": "v3"
    },
    "regions": [
        {
            "boundingBox": {
                "height": 109.8543046357616,
                "left": 282.6244994279176,
                "top": 374.50331125827813,
                "width": 184.91533180778032
            },
            "id": "w1-QJvLts",
            "points": [
                {
                    "x": 282.6244994279176,
                    "y": 374.50331125827813
                },
                {
                    "x": 467.53983123569793,
                    "y": 374.50331125827813
                },
                {
                    "x": 467.53983123569793,
                    "y": 484.3576158940398
                },
                {
                    "x": 282.6244994279176,
                    "y": 484.3576158940398
                }
            ]
        }
    ]
}