{
    "asset": {
        "format": "jpg",
        "id": "2899ffb5f0abac0c84b4041c6a0588c6",
        "name": "71713101_p0_master1200.jpg",
        "size": {
            "height": 400,
            "width": 600
        }
    },
    "dataset": {
        "average_hash": "040f67bf9f3f3a34",
        "split": "train",
        "version": "v2"
    },
    "regions": [
        {
            "boundingBox": {
                "height": 120,
                "left": 83,
                "top": 152.60003662109375,
                "width": 224.800048828125
            },
            "id": "03bPigMGx",
            "points": [
                {
                    "x": 83,
                    "y": 152.60003662109375
                },
                {
                    "x": 307.800048828125,
                    "y": 152.60003662109375
                },
                {
                    "x": 307.800048828125,
                    "y": 272.60003662109375
                },
                {
                    "x": 83,
                    "y": 272.60003662109375
                }
            ]
        }
    ]
}