{
    "asset": {
        "format": "jpg",
        "id": "1eda85410f4b85669ee7ce53eba56e17",
        "name": "71714339_p0_master1200.jpg",
        "size": {
            "height": 387,
            "width": 600
        }
    },
    "dataset": {
        "average_hash": "c7c3d3c7b11107e7",
        "split": "train",
        "version": "v2"
    },
    "regions": [
        {
            "boundingBox": {
                "height": 114.4000244140625,
                "left": 148.60003662109375,
                "top": 217,
                "width": 241.60003662109375
            },
            "id": "i6prj-38t",
            "points": [
                {
                    "x": 148.60003662109375,
                    "y": 217
                },
                {
                    "x": 390.2000732421875,
                    "y": 217
                },
                {
                    "x": 390.2000732421875,
                    "y": 331.4000244140625
                },
                {
                    "x": 148.60003662109375,
                    "y": 331.4000244140625
                }
            ]
        }
    ]
}