{
    "asset": {
        "format": "jpg",
        "id": "b044f209cdf5d40c22e2ba266292ebca",
        "name": "71712535_p0_master1200.jpg",
        "size": {
            "height": 849,
            "width": 600
        }
    },
    "dataset": {
        "average_hash": "ff8f211d87c3c000",
        "split": "test",
        "version": "v2"
    },
    "regions": [
        {
            "boundingBox": {
                "height": 151.20001220703125,
                "left": 155,
                "top": 394.70001220703125,
                "width": 257.5999755859375
            },
            "id": "Vo96061b7",
            "points": [
                {
                    "x": 155,
                    "y": 394.70001220703125
                },
                {
                    "x": 412.5999755859375,
                    "y": 394.70001220703125
                },
                {
                    "x": 412.5999755859375,
                    "y": 545.9000244140625
                },
                {
                    "x": 155,
                    "y": 545.9000244140625
                }
            ]
        }
    ]
}