{
    "asset": {
        "format": "jpg",
        "id": "dfa91524428c9ab6ced95a6a0de331fb",
        "name": "71716387_p0_master1200.jpg",
        "size": {
            "height": 406,
            "width": 600
        }
    },
    "dataset": {
        "average_hash": "002020311dbfb3ff",
        "split": "train",
        "version": "v2"
    },
    "regions": [
        {
            "boundingBox": {
                "height": 59.999969482421875,
                "left": 173.4000244140625,
                "top": 126.80001831054688,
                "width": 111.20001220703125
            },
            "id": "pXXV3Ib_3",
            "points": [
                {
                    "x": 173.4000244140625,
                    "y": 126.80001831054688
                },
                {
                    "x": 284.60003662109375,
                    "y": 126.80001831054688
                },
                {
                    "x": 284.60003662109375,
                    "y": 186.79998779296875
                },
                {
                    "x": 173.4000244140625,
                    "y": 186.79998779296875
                }
            ]
        }
    ]
}