{
    "asset": {
        "format": "jpg",
        "id": "bf58529923749efe46c90b21fa4b8bf5",
        "name": "71713961_p0_master1200.jpg",
        "size": {
            "height": 741,
            "width": 600
        }
    },
    "dataset": {
        "average_hash": "fff7e3e3c7c0c1f0",
        "split": "train",
        "version": "v2"
    },
    "regions": [
        {
            "boundingBox": {
                "height": 204,
                "left": 40.60003662109375,
                "top": 313.20001220703125,
                "width": 237.5999755859375
            },
            "id": "G7JyCQHAj",
            "points": [
                {
                    "x": 40.60003662109375,
                    "y": 313.20001220703125
                },
                {
                    "x": 278.20001220703125,
                    "y": 313.20001220703125
                },
                {
                    "x": 278.20001220703125,
                    "y": 517.2000122070312
                },
                {
                    "x": 40.60003662109375,
                    "y": 517.2000122070312
                }
            ]
        }
    ]
}