{
    "asset": {
        "format": "jpg",
        "id": "e740fa39e3a0402f7fa3f557be237a8b",
        "name": "71712572_p0_master1200.jpg",
        "size": {
            "height": 385,
            "width": 600
        }
    },
    "dataset": {
        "average_hash": "205069012f1f1fcf",
        "split": "train",
        "version": "v2"
    },
    "regions": [
        {
            "boundingBox": {
                "height": 71.20001220703125,
                "left": 131.79998779296875,
                "top": 139.5,
                "width": 149.60003662109375
            },
            "id": "dgG-O1dlO",
            "points": [
                {
                    "x": 131.79998779296875,
                    "y": 139.5
                },
                {
                    "x": 281.4000244140625,
                    "y": 139.5
                },
                {
                    "x": 281.4000244140625,
                    "y": 210.70001220703125
                },
                {
                    "x": 131.79998779296875,
                    "y": 210.70001220703125
                }
            ]
        }
    ]
}