{
    "asset": {
        "format": "jpg",
        "id": "0bbb96106b68607a5963253698f33249",
        "name": "71721012_p0_master1200.jpg",
        "size": {
            "height": 713,
            "width": 600
        }
    },
    "dataset": {
        "average_hash": "ffc7efe3cedcc0e0",
        "split": "train",
        "version": "v2"
    },
    "regions": [
        {
            "boundingBox": {
                "height": 211.20001220703125,
                "left": 171.79998779296875,
                "top": 363.5,
                "width": 357.60003662109375
            },
            "id": "XMsmijZoM",
            "points": [
                {
                    "x": 171.79998779296875,
                    "y": 363.5
                },
                {
                    "x": 529.4000244140625,
                    "y": 363.5
                },
                {
                    "x": 529.4000244140625,
                    "y": 574.7000122070312
                },
                {
                    "x": 171.79998779296875,
                    "y": 574.7000122070312
                }
            ]
        }
    ]
}