{
    "asset": {
        "format": "jpg",
        "id": "8bec8fd56f7c8ec3256965d226dcc701",
        "name": "71728835_p2_master1200.jpg",
        "size": {
            "height": 549,
            "width": 452
        }
    },
    "dataset": {
        "average_hash": "efc383d3c3c98181",
        "split": "test",
        "version": "v3"
    },
    "regions": [
        {
            "boundingBox": {
                "height": 90.89403973509934,
                "left": 80.17429577464789,
                "top": 357.2135761589404,
                "width": 175.52515090543258
            },
            "id": "rvfHqOVto",
            "points": [
                {
                    "x": 80.17429577464789,
                    "y": 357.2135761589404
                },
                {
                    "x": 255.69944668008048,
                    "y": 357.2135761589404
                },
                {
                    "x": 255.69944668008048,
                    "y": 448.1076158940397
                },
                {
                    "x": 80.17429577464789,
                    "y": 448.1076158940397
                }
            ]
        }
    ]
}