{
    "asset": {
        "format": "jpg",
        "id": "0c3b5d1bac39ac445d3024e2fd71d2de",
        "name": "71722187_p0_master1200.jpg",
        "size": {
            "height": 866,
            "width": 600
        }
    },
    "dataset": {
        "average_hash": "18397c3e7a531780",
        "split": "train",
        "version": "v2"
    },
    "regions": [
        {
            "boundingBox": {
                "height": 231.20001220703125,
                "left": 55,
                "top": 572.7999877929688,
                "width": 458.4000244140625
            },
            "id": "13-J8fblP",
            "points": [
                {
                    "x": 55,
                    "y": 572.7999877929688
                },
                {
                    "x": 513.4000244140625,
                    "y": 572.7999877929688
                },
                {
                    "x": 513.4000244140625,
                    "y": 804
                },
                {
                    "x": 55,
                    "y": 804
                }
            ]
        }
    ]
}