{
    "asset": {
        "format": "jpg",
        "id": "aec38de501802c748310a036f2f66e15",
        "name": "71721224_p0_master1200.jpg",
        "size": {
            "height": 1158,
            "width": 600
        }
    },
    "dataset": {
        "average_hash": "064162625d1e1f1b",
        "split": "test",
        "version": "v2"
    },
    "regions": [
        {
            "boundingBox": {
                "height": 82.81748565864166,
                "left": 247.7108874952937,
                "top": 267.71225876520674,
                "width": 185.06028508565512
            },
            "id": "7Z8-dROxU",
            "points": [
                {
                    "x": 247.7108874952937,
                    "y": 267.71225876520674
                },
                {
                    "x": 432.7711725809488,
                    "y": 267.71225876520674
                },
                {
                    "x": 432.7711725809488,
                    "y": 350.5297444238484
                },
                {
                    "x": 247.7108874952937,
                    "y": 350.5297444238484
                }
            ]
        }
    ]
}