{
    "asset": {
        "format": "jpg",
        "id": "693c6300fb9fbddad4b9421291c30459",
        "name": "71728835_p1_master1200.jpg",
        "size": {
            "height": 549,
            "width": 452
        }
    },
    "dataset": {
        "average_hash": "ffc3cbdfc3c18181",
        "split": "test",
        "version": "v3"
    },
    "regions": [
        {
            "boundingBox": {
                "height": 103.61920529801326,
                "left": 193.85638832997986,
                "top": 389.0264900662252,
                "width": 175.52515090543255
            },
            "id": "GxApGCXyn",
            "points": [
                {
                    "x": 193.85638832997986,
                    "y": 389.0264900662252
                },
                {
                    "x": 369.38153923541245,
                    "y": 389.0264900662252
                },
                {
                    "x": 369.38153923541245,
                    "y": 492.6456953642384
                },
                {
                    "x": 193.85638832997986,
                    "y": 492.6456953642384
                }
            ]
        }
    ]
}