{
    "asset": {
        "format": "jpg",
        "id": "2f474e36461a9d4cf1974329e623533c",
        "name": "71728835_p0_master1200.jpg",
        "size": {
            "height": 549,
            "width": 452
        }
    },
    "dataset": {
        "average_hash": "e7c3c1d9c1c9d9c3",
        "split": "test",
        "version": "v2"
    },
    "regions": [
        {
            "boundingBox": {
                "height": 161.60003662109375,
                "left": 52.20001220703125,
                "top": 314.79998779296875,
                "width": 252.00006103515625
            },
            "id": "SBQQ8BsmH",
            "points": [
                {
                    "x": 52.20001220703125,
                    "y": 314.79998779296875
                },
                {
                    "x": 304.2000732421875,
                    "y": 314.79998779296875
                },
                {
                    "x": 304.2000732421875,
                    "y": 476.4000244140625
                },
                {
                    "x": 52.20001220703125,
                    "y": 476.4000244140625
                }
            ]
        }
    ]
}