{
    "asset": {
        "format": "jpg",
        "id": "9aa51aa5411e0dc8192a126092682af5",
        "name": "71721224_p1_master1200.jpg",
        "size": {
            "height": 600,
            "width": 600
        }
    },
    "dataset": {
        "average_hash": "e7cfffe1e0e3f3fb",
        "split": "test",
        "version": "v3"
    },
    "regions": [
        {
            "boundingBox": {
                "height": 99.81916817359854,
                "left": 256.05786618444847,
                "top": 289.1500904159132,
                "width": 197.46835443037975
            },
            "id": "N1qK-K8_w",
            "points": [
                {
                    "x": 256.05786618444847,
                    "y": 289.1500904159132
                },
                {
                    "x": 453.52622061482816,
                    "y": 289.1500904159132
                },
                {
                    "x": 453.52622061482816,
                    "y": 388.96925858951175
                },
                {
                    "x": 256.05786618444847,
                    "y": 388.96925858951175
                }
            ]
        }
    ]
}