{
    "asset": {
        "format": "jpg",
        "id": "497788851dc7b0af1474d48ce938fce9",
        "name": "71722187_p1_master1200.jpg",
        "size": {
            "height": 729,
            "width": 600
        }
    },
    "dataset": {
        "average_hash": "9f93fbdfc3c78181",
        "split": "train",
        "version": "v3"
    },
    "regions": [
        {
            "boundingBox": {
                "height": 170.18046357615893,
                "left": 111.14185110663983,
                "top": 521.4039735099337,
                "width": 293.36016096579476
            },
            "id": "jPhh2Leeq",
            "points": [
                {
                    "x": 111.14185110663983,
                    "y": 521.4039735099337
                },
                {
                    "x": 404.5020120724346,
                    "y": 521.4039735099337
                },
                {
                    "x": 404.5020120724346,
                    "y": 691.5844370860926
                },
                {
                    "x": 111.14185110663983,
                    "y": 691.5844370860926
                }
            ]
        }
    ]
}