{
    "asset": {
        "format": "jpg",
        "id": "7aae710fc33138a71d21354c58736c31",
        "name": "71722459_p0_master1200.jpg",
        "size": {
            "height": 600,
            "width": 600
        }
    },
    "dataset": {
        "average_hash": "df979495ede4e181",
        "split": "train",
        "version": "v2"
    },
    "regions": [
        {
            "boundingBox": {
                "height": 65.60003662109375,
                "left": 209.4000244140625,
                "top": 299,
                "width": 130.4000244140625
            },
            "id": "RtJjBNqS4",
            "points": [
                {
                    "x": 209.4000244140625,
                    "y": 299
                },
                {
                    "x": 339.800048828125,
                    "y": 299
                },
                {
                    "x": 339.800048828125,
                    "y": 364.60003662109375
                },
                {
                    "x": 209.4000244140625,
                    "y": 364.60003662109375
                }
            ]
        },
        {
            "boundingBox": {
                "height": 61.60003662109375,
                "left": 361.4000244140625,
                "top": 427.79998779296875,
                "width": 104.800048828125
            },
            "id": "A2X1iAoEb",
            "points": [
                {
                    "x": 361.4000244140625,
                    "y": 427.79998779296875
                },
                {
                    "x": 466.2000732421875,
                    "y": 427.79998779296875
                },
                {
                    "x": 466.2000732421875,
                    "y": 489.4000244140625
                },
                {
                    "x": 361.4000244140625,
                    "y": 489.4000244140625
                }
            ]
        },
        {
            "boundingBox": {
                "height": 54.4000244140625,
                "left": 126.20001220703125,
                "top": 490.20001220703125,
                "width": 119.20001220703125
            },
            "id": "6PqlpycXi",
            "points": [
                {
                    "x": 126.20001220703125,
                    "y": 490.20001220703125
                },
                {
                    "x": 245.4000244140625,
                    "y": 490.20001220703125
                },
                {
                    "x": 245.4000244140625,
                    "y": 544.6000366210938
                },
                {
                    "x": 126.20001220703125,
                    "y": 544.6000366210938
                }
            ]
        }
    ]
}