{
    "asset": {
        "format": "jpg",
        "id": "6ad29af8784b94323ee2ef27cefe1989",
        "name": "71720284_p0_master1200.jpg",
        "size": {
            "height": 848,
            "width": 600
        }
    },
    "dataset": {
        "average_hash": "e7e7e7c7c7c7c7d7",
        "split": "train",
        "version": "v2"
    },
    "regions": [
        {
            "boundingBox": {
                "height": 79.39999389648438,
                "left": 236.4000244140625,
                "top": 171.60000610351562,
                "width": 135.5999755859375
            },
            "id": "68XYoKJ29",
            "points": [
                {
                    "x": 236.4000244140625,
                    "y": 171.60000610351562
                },
                {
                    "x": 372,
                    "y": 171.60000610351562
                },
                {
                    "x": 372,
                    "y": 251
                },
                {
                    "x": 236.4000244140625,
                    "y": 251
                }
            ]
        }
    ]
}