{
    "asset": {
        "format": "jpg",
        "id": "f34f28212769c173d52e722c316abe18",
        "name": "71724957_p0_master1200.jpg",
        "size": {
            "height": 848,
            "width": 600
        }
    },
    "dataset": {
        "average_hash": "ffbf83811c1e02b6",
        "split": "train",
        "version": "v2"
    },
    "regions": [
        {
            "boundingBox": {
                "height": 229.60003662109375,
                "left": 159.79998779296875,
                "top": 383,
                "width": 326.40008544921875
            },
            "id": "2J5VAdkDD",
            "points": [
                {
                    "x": 159.79998779296875,
                    "y": 383
                },
                {
                    "x": 486.2000732421875,
                    "y": 383
                },
                {
                    "x": 486.2000732421875,
                    "y": 612.6000366210938
                },
                {
                    "x": 159.79998779296875,
                    "y": 612.6000366210938
                }
            ]
        }
    ]
}