{
    "asset": {
        "format": "jpg",
        "id": "f2aa9b902ad63b8a26d0fb56b2e050c9",
        "name": "71720900_p0_master1200.jpg",
        "size": {
            "height": 898,
            "width": 600
        }
    },
    "dataset": {
        "average_hash": "f1f1f1e1f1f1f1c1",
        "split": "train",
        "version": "v2"
    },
    "regions": [
        {
            "boundingBox": {
                "height": 180.79998779296875,
                "left": 227.79998779296875,
                "top": 372,
                "width": 315.20001220703125
            },
            "id": "5GlkBMDbd",
            "points": [
                {
                    "x": 227.79998779296875,
                    "y": 372
                },
                {
                    "x": 543,
                    "y": 372
                },
                {
                    "x": 543,
                    "y": 552.7999877929688
                },
                {
                    "x": 227.79998779296875,
                    "y": 552.7999877929688
                }
            ]
        }
    ]
}