{
    "asset": {
        "format": "jpg",
        "id": "3b24d192b978ff03ffaa4266473bd87a",
        "name": "71720770_p0_master1200.jpg",
        "size": {
            "height": 839,
            "width": 600
        }
    },
    "dataset": {
        "average_hash": "c1c1d9cbff3cbdff",
        "split": "train",
        "version": "v2"
    },
    "regions": [
        {
            "boundingBox": {
                "height": 233.87873450668442,
                "left": 93.04998779296875,
                "top": 444.93033470572607,
                "width": 365.5999755859375
            },
            "id": "z_H-9zpKZ",
            "points": [
                {
                    "x": 93.04998779296875,
                    "y": 444.93033470572607
                },
                {
                    "x": 458.64996337890625,
                    "y": 444.93033470572607
                },
                {
                    "x": 458.64996337890625,
                    "y": 678.8090692124105
                },
                {
                    "x": 93.04998779296875,
                    "y": 678.8090692124105
                }
            ]
        }
    ]
}