{
    "asset": {
        "format": "jpg",
        "id": "8bb5022c9949d645cda20600e5182dec",
        "name": "71730357_p0_master1200.jpg",
        "size": {
            "height": 727,
            "width": 600
        }
    },
    "dataset": {
        "average_hash": "c70110c6cf434b0b",
        "split": "train",
        "version": "v2"
    },
    "regions": [
        {
            "boundingBox": {
                "height": 146.60161622102595,
                "left": 193.63293089595527,
                "top": 348.8799142548532,
                "width": 220.73578595317727
            },
            "id": "w7VLR-qeS",
            "points": [
                {
                    "x": 193.63293089595527,
                    "y": 348.8799142548532
                },
                {
                    "x": 414.3687168491325,
                    "y": 348.8799142548532
                },
                {
                    "x": 414.3687168491325,
                    "y": 495.48153047587914
                },
                {
                    "x": 193.63293089595527,
                    "y": 495.48153047587914
                }
            ]
        }
    ]
}