{
    "asset": {
        "format": "jpg",
        "id": "d1591ec4694e286ba7b0c1780d7a62a8",
        "name": "71730506_p0_master1200.jpg",
        "size": {
            "height": 848,
            "width": 600
        }
    },
    "dataset": {
        "average_hash": "f1f1f1f0c0819fff",
        "split": "train",
        "version": "v2"
    },
    "regions": [
        {
            "boundingBox": {
                "height": 167.20001220703125,
                "left": 275.79998779296875,
                "top": 274.20001220703125,
                "width": 212.00006103515625
            },
            "id": "my3pLS9_S",
            "points": [
                {
                    "x": 275.79998779296875,
                    "y": 274.20001220703125
                },
                {
                    "x": 487.800048828125,
                    "y": 274.20001220703125
                },
                {
                    "x": 487.800048828125,
                    "y": 441.4000244140625
                },
                {
                    "x": 275.79998779296875,
                    "y": 441.4000244140625
                }
            ]
        }
    ]
}