{
    "asset": {
        "format": "jpg",
        "id": "8379baf5a735e642e9f40cf8aec9d50c",
        "name": "71734697_p0_master1200.jpg",
        "size": {
            "height": 317,
            "width": 600
        }
    },
    "dataset": {
        "average_hash": "ffff69f89890813f",
        "split": "train",
        "version": "v2"
    },
    "regions": [
        {
            "boundingBox": {
                "height": 40,
                "left": 19,
                "top": 153.20001220703125,
                "width": 76
            },
            "id": "splYIzL4s",
            "points": [
                {
                    "x": 19,
                    "y": 153.20001220703125
                },
                {
                    "x": 95,
                    "y": 153.20001220703125
                },
                {
                    "x": 95,
                    "y": 193.20001220703125
                },
                {
                    "x": 19,
                    "y": 193.20001220703125
                }
            ]
        },
        {
            "boundingBox": {
                "height": 38.39996337890625,
                "left": 227.79998779296875,
                "top": 167.60003662109375,
                "width": 75.20001220703125
            },
            "id": "VKfIQwTLb",
            "points": [
                {
                    "x": 227.79998779296875,
                    "y": 167.60003662109375
                },
                {
                    "x": 303,
                    "y": 167.60003662109375
                },
                {
                    "x": 303,
                    "y": 206
                },
                {
                    "x": 227.79998779296875,
                    "y": 206
                }
            ]
        },
        {
            "boundingBox": {
                "height": 43.199981689453125,
                "left": 306.2000732421875,
                "top": 95.60000610351562,
                "width": 74.39990234375
            },
            "id": "gqZ0VNoBF",
            "points": [
                {
                    "x": 306.2000732421875,
                    "y": 95.60000610351562
                },
                {
                    "x": 380.5999755859375,
                    "y": 95.60000610351562
                },
                {
                    "x": 380.5999755859375,
                    "y": 138.79998779296875
                },
                {
                    "x": 306.2000732421875,
                    "y": 138.79998779296875
                }
            ]
        },
        {
            "boundingBox": {
                "height": 47.20001220703125,
                "left": 477.4000244140625,
                "top": 141,
                "width": 96
            },
            "id": "qRBg39Q0n",
            "points": [
                {
                    "x": 477.4000244140625,
                    "y": 141
                },
                {
                    "x": 573.4000244140625,
                    "y": 141
                },
                {
                    "x": 573.4000244140625,
                    "y": 188.20001220703125
                },
                {
                    "x": 477.4000244140625,
                    "y": 188.20001220703125
                }
            ]
        }
    ]
}