{
    "asset": {
        "format": "jpg",
        "id": "4a1037d9db7efec2e065ce6007c85ca6",
        "name": "71731571_p1_master1200.jpg",
        "size": {
            "height": 338,
            "width": 600
        }
    },
    "dataset": {
        "average_hash": "e1e1e1e9e9e1c1e7",
        "split": "train",
        "version": "v3"
    },
    "regions": [
        {
            "boundingBox": {
                "height": 72.58333333333333,
                "left": 238.69801084990956,
                "top": 199.07942708333331,
                "width": 168.17359855334539
            },
            "id": "Yw20uNNnB",
            "points": [
                {
                    "x": 238.69801084990956,
                    "y": 199.07942708333331
                },
                {
                    "x": 406.871609403255,
                    "y": 199.07942708333331
                },
                {
                    "x": 406.871609403255,
                    "y": 271.66276041666663
                },
                {
                    "x": 238.69801084990956,
                    "y": 271.66276041666663
                }
            ]
        }
    ]
}