{
    "asset": {
        "format": "jpg",
        "id": "2bb53c869e8d32f471c54d3f94c585e0",
        "name": "71739273_p4_master1200.jpg",
        "size": {
            "height": 450,
            "width": 600
        }
    },
    "dataset": {
        "average_hash": "ffef240218033fff",
        "split": "train",
        "version": "v3"
    },
    "regions": [
        {
            "boundingBox": {
                "height": 184.33734939759034,
                "left": 184.44846292947554,
                "top": 184.74397590361446,
                "width": 184.44846292947554
            },
            "id": "qPcOJOVuj",
            "points": [
                {
                    "x": 184.44846292947554,
                    "y": 184.74397590361446
                },
                {
                    "x": 368.8969258589511,
                    "y": 184.74397590361446
                },
                {
                    "x": 368.8969258589511,
                    "y": 369.0813253012048
                },
                {
                    "x": 184.44846292947554,
                    "y": 369.0813253012048
                }
            ]
        }
    ]
}