{
    "asset": {
        "format": "jpg",
        "id": "84bb66319d76b986f208bf24e7c7326e",
        "name": "71739273_p2_master1200.jpg",
        "size": {
            "height": 835,
            "width": 600
        }
    },
    "dataset": {
        "average_hash": "efc0c0c7a737a1a7",
        "split": "train",
        "version": "v3"
    },
    "regions": [
        {
            "boundingBox": {
                "height": 59.4453642384106,
                "left": 167.99395161290323,
                "top": 359.4370860927152,
                "width": 183.8709677419355
            },
            "id": "jm9ta3AQU",
            "points": [
                {
                    "x": 167.99395161290323,
                    "y": 359.4370860927152
                },
                {
                    "x": 351.8649193548387,
                    "y": 359.4370860927152
                },
                {
                    "x": 351.8649193548387,
                    "y": 418.8824503311258
                },
                {
                    "x": 167.99395161290323,
                    "y": 418.8824503311258
                }
            ]
        }
    ]
}