{
    "asset": {
        "format": "jpg",
        "id": "23d22c61474748ba2f3f4faaff72bfef",
        "name": "71739273_p8_master1200.jpg",
        "size": {
            "height": 450,
            "width": 600
        }
    },
    "dataset": {
        "average_hash": "ff8e1000818184ff",
        "split": "train",
        "version": "v3"
    },
    "regions": [
        {
            "boundingBox": {
                "height": 249.39759036144576,
                "left": 183.3634719710669,
                "top": 127.27409638554217,
                "width": 137.79385171790236
            },
            "id": "G3iQjAvI-",
            "points": [
                {
                    "x": 183.3634719710669,
                    "y": 127.27409638554217
                },
                {
                    "x": 321.15732368896926,
                    "y": 127.27409638554217
                },
                {
                    "x": 321.15732368896926,
                    "y": 376.6716867469879
                },
                {
                    "x": 183.3634719710669,
                    "y": 376.6716867469879
                }
            ]
        }
    ]
}