{
    "asset": {
        "format": "jpg",
        "id": "79ab6cd556b36e2ec755d5b0545226cd",
        "name": "71739273_p6_master1200.jpg",
        "size": {
            "height": 800,
            "width": 600
        }
    },
    "dataset": {
        "average_hash": "fff324c1811c0800",
        "split": "train",
        "version": "v3"
    },
    "regions": [
        {
            "boundingBox": {
                "height": 124.50331125827816,
                "left": 214.56953642384107,
                "top": 166.88741721854305,
                "width": 271.52317880794703
            },
            "id": "xAVWdSLUm",
            "points": [
                {
                    "x": 214.56953642384107,
                    "y": 166.88741721854305
                },
                {
                    "x": 486.09271523178813,
                    "y": 166.88741721854305
                },
                {
                    "x": 486.09271523178813,
                    "y": 291.3907284768212
                },
                {
                    "x": 214.56953642384107,
                    "y": 291.3907284768212
                }
            ]
        }
    ]
}