{
    "asset": {
        "format": "jpg",
        "id": "e236999666f285c6fed1d7db5b5a81b3",
        "name": "71737738_p0_master1200.jpg",
        "size": {
            "height": 648,
            "width": 480
        }
    },
    "dataset": {
        "average_hash": "00f8ecfffff1e040",
        "split": "train",
        "version": "v2"
    },
    "regions": [
        {
            "boundingBox": {
                "height": 159.20001220703125,
                "left": 144.60003662109375,
                "top": 447.79998779296875,
                "width": 316.79998779296875
            },
            "id": "W75xRTzeI",
            "points": [
                {
                    "x": 144.60003662109375,
                    "y": 447.79998779296875
                },
                {
                    "x": 461.4000244140625,
                    "y": 447.79998779296875
                },
                {
                    "x": 461.4000244140625,
                    "y": 607
                },
                {
                    "x": 144.60003662109375,
                    "y": 607
                }
            ]
        }
    ]
}