{
    "asset": {
        "format": "jpg",
        "id": "7f812f25632f2ba7a26781f866d31626",
        "name": "71739273_p3_master1200.jpg",
        "size": {
            "height": 848,
            "width": 600
        }
    },
    "dataset": {
        "average_hash": "c381c1f0f4f800fc",
        "split": "train",
        "version": "v3"
    },
    "regions": [
        {
            "boundingBox": {
                "height": 256.9271523178808,
                "left": 31.1768149882904,
                "top": 477.35099337748346,
                "width": 522.7166276346604
            },
            "id": "gVUjqhpjF",
            "points": [
                {
                    "x": 31.1768149882904,
                    "y": 477.35099337748346
                },
                {
                    "x": 553.8934426229508,
                    "y": 477.35099337748346
                },
                {
                    "x": 553.8934426229508,
                    "y": 734.2781456953643
                },
                {
                    "x": 31.1768149882904,
                    "y": 734.2781456953643
                }
            ]
        }
    ]
}