{
    "asset": {
        "format": "jpg",
        "id": "e0227657866ca756ba9ae64dd00ff1b2",
        "name": "71739273_p9_master1200.jpg",
        "size": {
            "height": 800,
            "width": 600
        }
    },
    "dataset": {
        "average_hash": "0303070f07e7ffeb",
        "split": "train",
        "version": "v3"
    },
    "regions": [
        {
            "boundingBox": {
                "height": 133.7748344370861,
                "left": 339.07284768211923,
                "top": 313.9072847682119,
                "width": 152.317880794702
            },
            "id": "cp_zUJ5CS",
            "points": [
                {
                    "x": 339.07284768211923,
                    "y": 313.9072847682119
                },
                {
                    "x": 491.3907284768212,
                    "y": 313.9072847682119
                },
                {
                    "x": 491.3907284768212,
                    "y": 447.682119205298
                },
                {
                    "x": 339.07284768211923,
                    "y": 447.682119205298
                }
            ]
        }
    ]
}