{
    "asset": {
        "format": "jpg",
        "id": "4b32ebbf847f8ef73e31f1ef0acba375",
        "name": "71736647_p0_master1200.jpg",
        "size": {
            "height": 857,
            "width": 600
        }
    },
    "dataset": {
        "average_hash": "91189ca57cfe8681",
        "split": "train",
        "version": "v2"
    },
    "regions": [
        {
            "boundingBox": {
                "height": 196,
                "left": 43,
                "top": 445.9000244140625,
                "width": 368
            },
            "id": "Wpyjw6y-5",
            "points": [
                {
                    "x": 43,
                    "y": 445.9000244140625
                },
                {
                    "x": 411,
                    "y": 445.9000244140625
                },
                {
                    "x": 411,
                    "y": 641.9000244140625
                },
                {
                    "x": 43,
                    "y": 641.9000244140625
                }
            ]
        }
    ]
}