{
    "asset": {
        "format": "jpg",
        "id": "52e0bf0996d280f66e76eff468da046d",
        "name": "71731571_p0_master1200.jpg",
        "size": {
            "height": 432,
            "width": 600
        }
    },
    "dataset": {
        "average_hash": "c383839bdbc161ef",
        "split": "train",
        "version": "v2"
    },
    "regions": [
        {
            "boundingBox": {
                "height": 130.39996337890625,
                "left": 136.79998779296875,
                "top": 215.60003662109375,
                "width": 250.20001220703125
            },
            "id": "Dy-ScUMHn",
            "points": [
                {
                    "x": 136.79998779296875,
                    "y": 215.60003662109375
                },
                {
                    "x": 387,
                    "y": 215.60003662109375
                },
                {
                    "x": 387,
                    "y": 346
                },
                {
                    "x": 136.79998779296875,
                    "y": 346
                }
            ]
        }
    ]
}