{
    "asset": {
        "format": "jpg",
        "id": "203bb3526415667d454c1a61e0077de8",
        "name": "71735079_p0_master1200.jpg",
        "size": {
            "height": 841,
            "width": 600
        }
    },
    "dataset": {
        "average_hash": "efefe7c9dbe3c304",
        "split": "train",
        "version": "v2"
    },
    "regions": [
        {
            "boundingBox": {
                "height": 127.99996948242188,
                "left": 184.60003662109375,
                "top": 276.3000183105469,
                "width": 204.79998779296875
            },
            "id": "XKD5snvoK",
            "points": [
                {
                    "x": 184.60003662109375,
                    "y": 276.3000183105469
                },
                {
                    "x": 389.4000244140625,
                    "y": 276.3000183105469
                },
                {
                    "x": 389.4000244140625,
                    "y": 404.29998779296875
                },
                {
                    "x": 184.60003662109375,
                    "y": 404.29998779296875
                }
            ]
        }
    ]
}