{
    "asset": {
        "format": "jpg",
        "id": "4a547cafdf337cd4189e89a4655b9dbd",
        "name": "71733073_p0_master1200.jpg",
        "size": {
            "height": 600,
            "width": 600
        }
    },
    "dataset": {
        "average_hash": "ddf0f1e2dbc181f1",
        "split": "train",
        "version": "v2"
    },
    "regions": [
        {
            "boundingBox": {
                "height": 110.39999389648438,
                "left": 248.60003662109375,
                "top": 208.60000610351562,
                "width": 170.39996337890625
            },
            "id": "ZJCRqb_x3",
            "points": [
                {
                    "x": 248.60003662109375,
                    "y": 208.60000610351562
                },
                {
                    "x": 419,
                    "y": 208.60000610351562
                },
                {
                    "x": 419,
                    "y": 319
                },
                {
                    "x": 248.60003662109375,
                    "y": 319
                }
            ]
        }
    ]
}