{
    "asset": {
        "format": "jpg",
        "id": "97c05bc3e489749bb9fc839102fda440",
        "name": "71739273_p0_master1200.jpg",
        "size": {
            "height": 800,
            "width": 600
        }
    },
    "dataset": {
        "average_hash": "0f030074deff27c7",
        "split": "train",
        "version": "v2"
    },
    "regions": [
        {
            "boundingBox": {
                "height": 172.20001220703125,
                "left": 135.79998779296875,
                "top": 627.7999877929688,
                "width": 315.20001220703125
            },
            "id": "o6CKkmkPF",
            "points": [
                {
                    "x": 135.79998779296875,
                    "y": 627.7999877929688
                },
                {
                    "x": 451,
                    "y": 627.7999877929688
                },
                {
                    "x": 451,
                    "y": 800
                },
                {
                    "x": 135.79998779296875,
                    "y": 800
                }
            ]
        }
    ]
}