{
    "asset": {
        "format": "jpg",
        "id": "bd18d7133ad1c105784e46f51313a038",
        "name": "71736169_p0_master1200.jpg",
        "size": {
            "height": 870,
            "width": 365
        }
    },
    "dataset": {
        "average_hash": "c3c3c7c3c3dbc3c7",
        "split": "train",
        "version": "v2"
    },
    "regions": [
        {
            "boundingBox": {
                "height": 96.80001831054688,
                "left": 87.60003662109375,
                "top": 284.3999938964844,
                "width": 177.60003662109375
            },
            "id": "hMJpAVJ8B",
            "points": [
                {
                    "x": 87.60003662109375,
                    "y": 284.3999938964844
                },
                {
                    "x": 265.2000732421875,
                    "y": 284.3999938964844
                },
                {
                    "x": 265.2000732421875,
                    "y": 381.20001220703125
                },
                {
                    "x": 87.60003662109375,
                    "y": 381.20001220703125
                }
            ]
        }
    ]
}