{
    "asset": {
        "format": "jpg",
        "id": "38e2681eb46ff0839f103e5ea57f27b8",
        "name": "71737699_p0_master1200.jpg",
        "size": {
            "height": 854,
            "width": 600
        }
    },
    "dataset": {
        "average_hash": "df9f9787a7800063",
        "split": "test",
        "version": "v2"
    },
    "regions": [
        {
            "boundingBox": {
                "height": 150.4000244140625,
                "left": 160.60003662109375,
                "top": 578.7999877929688,
                "width": 265.60003662109375
            },
            "id": "w6994WWsa",
            "points": [
                {
                    "x": 160.60003662109375,
                    "y": 578.7999877929688
                },
                {
                    "x": 426.2000732421875,
                    "y": 578.7999877929688
                },
                {
                    "x": 426.2000732421875,
                    "y": 729.2000122070312
                },
                {
                    "x": 160.60003662109375,
                    "y": 729.2000122070312
                }
            ]
        }
    ]
}