{
    "asset": {
        "format": "jpg",
        "id": "582572a9ff937734d0a39b31d93afb44",
        "name": "71732016_p0_master1200.jpg",
        "size": {
            "height": 968,
            "width": 600
        }
    },
    "dataset": {
        "average_hash": "f7c3c18381adfbf3",
        "split": "test",
        "version": "v2"
    },
    "regions": [
        {
            "boundingBox": {
                "height": 86.13386316755458,
                "left": 311.87924378670306,
                "top": 194.0025132272447,
                "width": 160.2684072200084
            },
            "id": "JMlc4HUuf",
            "points": [
                {
                    "x": 311.87924378670306,
                    "y": 194.0025132272447
                },
                {
                    "x": 472.14765100671144,
                    "y": 194.0025132272447
                },
                {
                    "x": 472.14765100671144,
                    "y": 280.13637639479924
                },
                {
                    "x": 311.87924378670306,
                    "y": 280.13637639479924
                }
            ]
        }
    ]
}