{
    "asset": {
        "format": "jpg",
        "id": "0cdf003301cc982995d48615eb981798",
        "name": "71738169_p0_master1200.jpg",
        "size": {
            "height": 720,
            "width": 600
        }
    },
    "dataset": {
        "average_hash": "ffc3c3e3d381c9e1",
        "split": "test",
        "version": "v2"
    },
    "regions": [
        {
            "boundingBox": {
                "height": 176.79998779296875,
                "left": 159.79998779296875,
                "top": 382.20001220703125,
                "width": 263.20001220703125
            },
            "id": "CfAPF6DY5",
            "points": [
                {
                    "x": 159.79998779296875,
                    "y": 382.20001220703125
                },
                {
                    "x": 423,
                    "y": 382.20001220703125
                },
                {
                    "x": 423,
                    "y": 559
                },
                {
                    "x": 159.79998779296875,
                    "y": 559
                }
            ]
        }
    ]
}