{
    "asset": {
        "format": "jpg",
        "id": "df4788b0a7d37626567236bdc7ae4f33",
        "name": "71739273_p7_master1200.jpg",
        "size": {
            "height": 450,
            "width": 600
        }
    },
    "dataset": {
        "average_hash": "bf1d65263e7e4d7f",
        "split": "train",
        "version": "v3"
    },
    "regions": [
        {
            "boundingBox": {
                "height": 251.56626506024094,
                "left": 176.8535262206148,
                "top": 119.68373493975903,
                "width": 150.8137432188065
            },
            "id": "8hA2YTrRR",
            "points": [
                {
                    "x": 176.8535262206148,
                    "y": 119.68373493975903
                },
                {
                    "x": 327.66726943942126,
                    "y": 119.68373493975903
                },
                {
                    "x": 327.66726943942126,
                    "y": 371.25
                },
                {
                    "x": 176.8535262206148,
                    "y": 371.25
                }
            ]
        }
    ]
}