{
    "asset": {
        "format": "jpg",
        "id": "f4d6622b7ac256e4fcdd997aadad7e69",
        "name": "71744953_p2_master1200.jpg",
        "size": {
            "height": 600,
            "width": 600
        }
    },
    "dataset": {
        "average_hash": "818183dbd3c39b81",
        "split": "test",
        "version": "v3"
    },
    "regions": [
        {
            "boundingBox": {
                "height": 110.66907775768534,
                "left": 305.96745027124774,
                "top": 326.0397830018083,
                "width": 78.11934900542495
            },
            "id": "9gC5VaOG9",
            "points": [
                {
                    "x": 305.96745027124774,
                    "y": 326.0397830018083
                },
                {
                    "x": 384.08679927667265,
                    "y": 326.0397830018083
                },
                {
                    "x": 384.08679927667265,
                    "y": 436.70886075949363
                },
                {
                    "x": 305.96745027124774,
                    "y": 436.70886075949363
                }
            ]
        },
        {
            "boundingBox": {
                "height": 128.02893309222424,
                "left": 211.57323688969257,
                "top": 329.29475587703433,
                "width": 80.28933092224231
            },
            "id": "PoSn0P1HX",
            "points": [
                {
                    "x": 211.57323688969257,
                    "y": 329.29475587703433
                },
                {
                    "x": 291.86256781193487,
                    "y": 329.29475587703433
                },
                {
                    "x": 291.86256781193487,
                    "y": 457.32368896925857
                },
                {
                    "x": 211.57323688969257,
                    "y": 457.32368896925857
                }
            ]
        }
    ]
}