{
    "asset": {
        "format": "jpg",
        "id": "c3c65d8a57e03f9fccda7f43cddca015",
        "name": "71744953_p1_master1200.jpg",
        "size": {
            "height": 600,
            "width": 600
        }
    },
    "dataset": {
        "average_hash": "040e0e1c3e1c3bfa",
        "split": "test",
        "version": "v3"
    },
    "regions": [
        {
            "boundingBox": {
                "height": 115.00904159132007,
                "left": 196.38336347197105,
                "top": 244.6654611211573,
                "width": 154.06871609403254
            },
            "id": "qcJ4ir-fH",
            "points": [
                {
                    "x": 196.38336347197105,
                    "y": 244.6654611211573
                },
                {
                    "x": 350.4520795660036,
                    "y": 244.6654611211573
                },
                {
                    "x": 350.4520795660036,
                    "y": 359.67450271247736
                },
                {
                    "x": 196.38336347197105,
                    "y": 359.67450271247736
                }
            ]
        }
    ]
}