{
    "asset": {
        "format": "jpg",
        "id": "f4e2e12595643413ac16e678d8ab1aeb",
        "name": "71746830_p2_master1200.jpg",
        "size": {
            "height": 600,
            "width": 600
        }
    },
    "dataset": {
        "average_hash": "0feeee6666666000",
        "split": "train",
        "version": "v3"
    },
    "regions": [
        {
            "boundingBox": {
                "height": 45.56962025316456,
                "left": 435.0813743218806,
                "top": 250.0904159132007,
                "width": 77.03435804701627
            },
            "id": "NtJ3joyF5",
            "points": [
                {
                    "x": 435.0813743218806,
                    "y": 250.0904159132007
                },
                {
                    "x": 512.1157323688969,
                    "y": 250.0904159132007
                },
                {
                    "x": 512.1157323688969,
                    "y": 295.6600361663653
                },
                {
                    "x": 435.0813743218806,
                    "y": 295.6600361663653
                }
            ]
        },
        {
            "boundingBox": {
                "height": 70.5244122965642,
                "left": 120.43399638336346,
                "top": 225.13562386980107,
                "width": 120.43399638336346
            },
            "id": "3-AEB-YnA",
            "points": [
                {
                    "x": 120.43399638336346,
                    "y": 225.13562386980107
                },
                {
                    "x": 240.86799276672693,
                    "y": 225.13562386980107
                },
                {
                    "x": 240.86799276672693,
                    "y": 295.6600361663653
                },
                {
                    "x": 120.43399638336346,
                    "y": 295.6600361663653
                }
            ]
        }
    ]
}