{
    "asset": {
        "format": "jpg",
        "id": "7ec9db1ef548e96a02e44fc347821729",
        "name": "71746025_p0_master1200.jpg",
        "size": {
            "height": 848,
            "width": 600
        }
    },
    "dataset": {
        "average_hash": "fffffbfb62000000",
        "split": "train",
        "version": "v2"
    },
    "regions": [
        {
            "boundingBox": {
                "height": 95.20001220703125,
                "left": 223.79998779296875,
                "top": 415,
                "width": 179.20001220703125
            },
            "id": "HJvU_yDZ2",
            "points": [
                {
                    "x": 223.79998779296875,
                    "y": 415
                },
                {
                    "x": 403,
                    "y": 415
                },
                {
                    "x": 403,
                    "y": 510.20001220703125
                },
                {
                    "x": 223.79998779296875,
                    "y": 510.20001220703125
                }
            ]
        }
    ]
}