{
    "asset": {
        "format": "jpg",
        "id": "1dcb3389377125d7c9074f13a6c09e1e",
        "name": "71744967_p1_master1200.jpg",
        "size": {
            "height": 600,
            "width": 600
        }
    },
    "dataset": {
        "average_hash": "f3f3e3e3f7f7e3ef",
        "split": "test",
        "version": "v3"
    },
    "regions": [
        {
            "boundingBox": {
                "height": 46.65461121157323,
                "left": 287.52260397830014,
                "top": 138.33634719710668,
                "width": 88.96925858951175
            },
            "id": "vTme_SHit",
            "points": [
                {
                    "x": 287.52260397830014,
                    "y": 138.33634719710668
                },
                {
                    "x": 376.4918625678119,
                    "y": 138.33634719710668
                },
                {
                    "x": 376.4918625678119,
                    "y": 184.99095840867992
                },
                {
                    "x": 287.52260397830014,
                    "y": 184.99095840867992
                }
            ]
        }
    ]
}