{
    "asset": {
        "format": "jpg",
        "id": "889ceb59047c9fe237e6c933f0a71b9a",
        "name": "71749956_p0_master1200.jpg",
        "size": {
            "height": 850,
            "width": 600
        }
    },
    "dataset": {
        "average_hash": "ffe3dbc330000080",
        "split": "train",
        "version": "v2"
    },
    "regions": [
        {
            "boundingBox": {
                "height": 267.199951171875,
                "left": 21.4000244140625,
                "top": 393.60003662109375,
                "width": 336
            },
            "id": "2APRUQTFN",
            "points": [
                {
                    "x": 21.4000244140625,
                    "y": 393.60003662109375
                },
                {
                    "x": 357.4000244140625,
                    "y": 393.60003662109375
                },
                {
                    "x": 357.4000244140625,
                    "y": 660.7999877929688
                },
                {
                    "x": 21.4000244140625,
                    "y": 660.7999877929688
                }
            ]
        }
    ]
}