{
    "asset": {
        "format": "jpg",
        "id": "ea5e3e5fe14789a879946184e4fe38ab",
        "name": "71740764_p0_master1200.jpg",
        "size": {
            "height": 847,
            "width": 600
        }
    },
    "dataset": {
        "average_hash": "f3e9c9b181838783",
        "split": "train",
        "version": "v2"
    },
    "regions": [
        {
            "boundingBox": {
                "height": 305.1602714664829,
                "left": 31.449951171875,
                "top": 238.28132387706856,
                "width": 368.79998779296875
            },
            "id": "hlOuA2-Xa",
            "points": [
                {
                    "x": 31.449951171875,
                    "y": 238.28132387706856
                },
                {
                    "x": 400.24993896484375,
                    "y": 238.28132387706856
                },
                {
                    "x": 400.24993896484375,
                    "y": 543.4415953435515
                },
                {
                    "x": 31.449951171875,
                    "y": 543.4415953435515
                }
            ]
        }
    ]
}