{
    "asset": {
        "format": "jpg",
        "id": "c69cc557e3fbc39d516478246088eec5",
        "name": "71746949_p0_master1200.jpg",
        "size": {
            "height": 840,
            "width": 600
        }
    },
    "dataset": {
        "average_hash": "5ffef8f9f0005063",
        "split": "train",
        "version": "v2"
    },
    "regions": [
        {
            "boundingBox": {
                "height": 103.99996948242188,
                "left": 78.20001220703125,
                "top": 347.8000183105469,
                "width": 217.60003662109375
            },
            "id": "HEElC_fpQ",
            "points": [
                {
                    "x": 78.20001220703125,
                    "y": 347.8000183105469
                },
                {
                    "x": 295.800048828125,
                    "y": 347.8000183105469
                },
                {
                    "x": 295.800048828125,
                    "y": 451.79998779296875
                },
                {
                    "x": 78.20001220703125,
                    "y": 451.79998779296875
                }
            ]
        },
        {
            "boundingBox": {
                "height": 81.5999755859375,
                "left": 355.800048828125,
                "top": 481.4000244140625,
                "width": 151.199951171875
            },
            "id": "jccMy00x5",
            "points": [
                {
                    "x": 355.800048828125,
                    "y": 481.4000244140625
                },
                {
                    "x": 507,
                    "y": 481.4000244140625
                },
                {
                    "x": 507,
                    "y": 563
                },
                {
                    "x": 355.800048828125,
                    "y": 563
                }
            ]
        }
    ]
}