{
    "asset": {
        "format": "jpg",
        "id": "b705fe42ea4158d9943ec41675d99679",
        "name": "71747394_p0_master1200.jpg",
        "size": {
            "height": 848,
            "width": 600
        }
    },
    "dataset": {
        "average_hash": "f7e3fb683e1e0600",
        "split": "train",
        "version": "v2"
    },
    "regions": [
        {
            "boundingBox": {
                "height": 196.00003051757812,
                "left": 183,
                "top": 217.60000610351562,
                "width": 318
            },
            "id": "XrN_LedFY",
            "points": [
                {
                    "x": 183,
                    "y": 217.60000610351562
                },
                {
                    "x": 501,
                    "y": 217.60000610351562
                },
                {
                    "x": 501,
                    "y": 413.60003662109375
                },
                {
                    "x": 183,
                    "y": 413.60003662109375
                }
            ]
        }
    ]
}