{
    "asset": {
        "format": "jpg",
        "id": "37bb27a798e6393ec27a7f18ab1cc1b4",
        "name": "71747394_p1_master1200.jpg",
        "size": {
            "height": 848,
            "width": 600
        }
    },
    "dataset": {
        "average_hash": "f7e3fb283e1e0600",
        "split": "train",
        "version": "v3"
    },
    "regions": [
        {
            "boundingBox": {
                "height": 162.86092715231788,
                "left": 191.36416861826697,
                "top": 233.05960264900668,
                "width": 313.3489461358314
            },
            "id": "NhncsJwwW",
            "points": [
                {
                    "x": 191.36416861826697,
                    "y": 233.05960264900668
                },
                {
                    "x": 504.71311475409834,
                    "y": 233.05960264900668
                },
                {
                    "x": 504.71311475409834,
                    "y": 395.9205298013245
                },
                {
                    "x": 191.36416861826697,
                    "y": 395.9205298013245
                }
            ]
        }
    ]
}