{
    "asset": {
        "format": "jpg",
        "id": "a00e178d9c361620ae4257e303e97c18",
        "name": "71746830_p1_master1200.jpg",
        "size": {
            "height": 600,
            "width": 600
        }
    },
    "dataset": {
        "average_hash": "ffceec6666440000",
        "split": "train",
        "version": "v3"
    },
    "regions": [
        {
            "boundingBox": {
                "height": 48.824593128390596,
                "left": 365.6419529837251,
                "top": 250.0904159132007,
                "width": 61.844484629294755
            },
            "id": "2tTzq_jDf",
            "points": [
                {
                    "x": 365.6419529837251,
                    "y": 250.0904159132007
                },
                {
                    "x": 427.48643761301986,
                    "y": 250.0904159132007
                },
                {
                    "x": 427.48643761301986,
                    "y": 298.9150090415913
                },
                {
                    "x": 365.6419529837251,
                    "y": 298.9150090415913
                }
            ]
        },
        {
            "boundingBox": {
                "height": 44.48462929475588,
                "left": 91.13924050632912,
                "top": 233.81555153707052,
                "width": 71.60940325497288
            },
            "id": "me1ZVeV2j",
            "points": [
                {
                    "x": 91.13924050632912,
                    "y": 233.81555153707052
                },
                {
                    "x": 162.748643761302,
                    "y": 233.81555153707052
                },
                {
                    "x": 162.748643761302,
                    "y": 278.30018083182637
                },
                {
                    "x": 91.13924050632912,
                    "y": 278.30018083182637
                }
            ]
        }
    ]
}