{
    "asset": {
        "format": "jpg",
        "id": "768d567c2b59b17cd093c8d500adca81",
        "name": "71744961_p0_master1200.jpg",
        "size": {
            "height": 900,
            "width": 600
        }
    },
    "dataset": {
        "average_hash": "f7e780d9c1924301",
        "split": "train",
        "version": "v2"
    },
    "regions": [
        {
            "boundingBox": {
                "height": 172.79998779296875,
                "left": 98.20001220703125,
                "top": 584.2000122070312,
                "width": 308.00006103515625
            },
            "id": "cWTT-9G74",
            "points": [
                {
                    "x": 98.20001220703125,
                    "y": 584.2000122070312
                },
                {
                    "x": 406.2000732421875,
                    "y": 584.2000122070312
                },
                {
                    "x": 406.2000732421875,
                    "y": 757
                },
                {
                    "x": 98.20001220703125,
                    "y": 757
                }
            ]
        }
    ]
}