{
    "asset": {
        "format": "jpg",
        "id": "60e570fbd56dec5a9ca81d7c86a9c299",
        "name": "71747198_p0_master1200.jpg",
        "size": {
            "height": 974,
            "width": 600
        }
    },
    "dataset": {
        "average_hash": "fffff1f307019183",
        "split": "train",
        "version": "v2"
    },
    "regions": [
        {
            "boundingBox": {
                "height": 173.33556329485282,
                "left": 236.55407879803633,
                "top": 379.88026183955134,
                "width": 189.7296802417652
            },
            "id": "wqmX8zZQ9",
            "points": [
                {
                    "x": 236.55407879803633,
                    "y": 379.88026183955134
                },
                {
                    "x": 426.28375903980157,
                    "y": 379.88026183955134
                },
                {
                    "x": 426.28375903980157,
                    "y": 553.2158251344042
                },
                {
                    "x": 236.55407879803633,
                    "y": 553.2158251344042
                }
            ]
        }
    ]
}