{
    "asset": {
        "format": "jpg",
        "id": "e88d1597fc1b49014fb5b333399e5a81",
        "name": "71746318_p0_master1200.jpg",
        "size": {
            "height": 706,
            "width": 600
        }
    },
    "dataset": {
        "average_hash": "0038b8fcf8fcf840",
        "split": "train",
        "version": "v2"
    },
    "regions": [
        {
            "boundingBox": {
                "height": 96.20001220703125,
                "left": 229.4000244140625,
                "top": 300.79998779296875,
                "width": 216.5999755859375
            },
            "id": "_DyKM-1lg",
            "points": [
                {
                    "x": 229.4000244140625,
                    "y": 300.79998779296875
                },
                {
                    "x": 446,
                    "y": 300.79998779296875
                },
                {
                    "x": 446,
                    "y": 397
                },
                {
                    "x": 229.4000244140625,
                    "y": 397
                }
            ]
        }
    ]
}