{
    "asset": {
        "format": "jpg",
        "id": "79a6880126532123aca04556ce3ce5ae",
        "name": "71746830_p4_master1200.jpg",
        "size": {
            "height": 805,
            "width": 600
        }
    },
    "dataset": {
        "average_hash": "fef8f83c30e00400",
        "split": "train",
        "version": "v3"
    },
    "regions": [
        {
            "boundingBox": {
                "height": 41.31622516556292,
                "left": 331.4583333333333,
                "top": 359.85099337748346,
                "width": 86.66666666666666
            },
            "id": "uf9XgE4-f",
            "points": [
                {
                    "x": 331.4583333333333,
                    "y": 359.85099337748346
                },
                {
                    "x": 418.125,
                    "y": 359.85099337748346
                },
                {
                    "x": 418.125,
                    "y": 401.1672185430464
                },
                {
                    "x": 331.4583333333333,
                    "y": 401.1672185430464
                }
            ]
        },
        {
            "boundingBox": {
                "height": 53.3112582781457,
                "left": 171.45833333333331,
                "top": 326.5314569536424,
                "width": 88
            },
            "id": "N6veY18hk",
            "points": [
                {
                    "x": 171.45833333333331,
                    "y": 326.5314569536424
                },
                {
                    "x": 259.4583333333333,
                    "y": 326.5314569536424
                },
                {
                    "x": 259.4583333333333,
                    "y": 379.8427152317881
                },
                {
                    "x": 171.45833333333331,
                    "y": 379.8427152317881
                }
            ]
        }
    ]
}