{
    "asset": {
        "format": "jpg",
        "id": "ee519047f85fad52ca2340bd4ef51a66",
        "name": "71744862_p0_master1200.jpg",
        "size": {
            "height": 857,
            "width": 600
        }
    },
    "dataset": {
        "average_hash": "53730ff7c7ca0818",
        "split": "train",
        "version": "v2"
    },
    "regions": [
        {
            "boundingBox": {
                "height": 189.60003662109375,
                "left": 299,
                "top": 295.5,
                "width": 222.4000244140625
            },
            "id": "9EQLxISUk",
            "points": [
                {
                    "x": 299,
                    "y": 295.5
                },
                {
                    "x": 521.4000244140625,
                    "y": 295.5
                },
                {
                    "x": 521.4000244140625,
                    "y": 485.10003662109375
                },
                {
                    "x": 299,
                    "y": 485.10003662109375
                }
            ]
        }
    ]
}