{
    "asset": {
        "format": "jpg",
        "id": "5daebc226121f371376fa156d9342be3",
        "name": "71747198_p1_master1200.jpg",
        "size": {
            "height": 974,
            "width": 600
        }
    },
    "dataset": {
        "average_hash": "fff1f1e1e1c1e1ff",
        "split": "train",
        "version": "v3"
    },
    "regions": [
        {
            "boundingBox": {
                "height": 132.2317880794702,
                "left": 249.26915322580643,
                "top": 404.75827814569533,
                "width": 151.61290322580643
            },
            "id": "eqQZ6wnWw",
            "points": [
                {
                    "x": 249.26915322580643,
                    "y": 404.75827814569533
                },
                {
                    "x": 400.88205645161287,
                    "y": 404.75827814569533
                },
                {
                    "x": 400.88205645161287,
                    "y": 536.9900662251655
                },
                {
                    "x": 249.26915322580643,
                    "y": 536.9900662251655
                }
            ]
        }
    ]
}