{
    "asset": {
        "format": "jpg",
        "id": "78dd8925fc3eb1de747b6662fd276a22",
        "name": "71749705_p1_master1200.jpg",
        "size": {
            "height": 847,
            "width": 600
        }
    },
    "dataset": {
        "average_hash": "e7c3c3c3810483e7",
        "split": "train",
        "version": "v3"
    },
    "regions": [
        {
            "boundingBox": {
                "height": 119.19701986754966,
                "left": 189.86565420560746,
                "top": 368.8096026490066,
                "width": 176.6355140186916
            },
            "id": "xipLpcUi5",
            "points": [
                {
                    "x": 189.86565420560746,
                    "y": 368.8096026490066
                },
                {
                    "x": 366.501168224299,
                    "y": 368.8096026490066
                },
                {
                    "x": 366.501168224299,
                    "y": 488.00662251655626
                },
                {
                    "x": 189.86565420560746,
                    "y": 488.00662251655626
                }
            ]
        }
    ]
}