{
    "asset": {
        "format": "jpg",
        "id": "42f50fe88e3d6d25f23a52c07f27ee4c",
        "name": "71749598_p0_master1200.jpg",
        "size": {
            "height": 847,
            "width": 600
        }
    },
    "dataset": {
        "average_hash": "007034303e7f7fc1",
        "split": "train",
        "version": "v2"
    },
    "regions": [
        {
            "boundingBox": {
                "height": 296.34988179669034,
                "left": 44.25,
                "top": 528.2236773263196,
                "width": 435.99993896484375
            },
            "id": "AQr12atF8",
            "points": [
                {
                    "x": 44.25,
                    "y": 528.2236773263196
                },
                {
                    "x": 480.24993896484375,
                    "y": 528.2236773263196
                },
                {
                    "x": 480.24993896484375,
                    "y": 824.57355912301
                },
                {
                    "x": 44.25,
                    "y": 824.57355912301
                }
            ]
        }
    ]
}