{
    "asset": {
        "format": "jpg",
        "id": "e659f6487513521b00e05457f0b8a0df",
        "name": "71746559_p0_master1200.jpg",
        "size": {
            "height": 435,
            "width": 600
        }
    },
    "dataset": {
        "average_hash": "8c88e0dad8f6773f",
        "split": "train",
        "version": "v2"
    },
    "regions": [
        {
            "boundingBox": {
                "height": 55.199981689453125,
                "left": 71.79998779296875,
                "top": 137.80001831054688,
                "width": 93.60003662109375
            },
            "id": "3o4Gs1zec",
            "points": [
                {
                    "x": 71.79998779296875,
                    "y": 137.80001831054688
                },
                {
                    "x": 165.4000244140625,
                    "y": 137.80001831054688
                },
                {
                    "x": 165.4000244140625,
                    "y": 193
                },
                {
                    "x": 71.79998779296875,
                    "y": 193
                }
            ]
        },
        {
            "boundingBox": {
                "height": 71.20001220703125,
                "left": 247,
                "top": 104.20001220703125,
                "width": 103.2000732421875
            },
            "id": "27kRGNOVK",
            "points": [
                {
                    "x": 247,
                    "y": 104.20001220703125
                },
                {
                    "x": 350.2000732421875,
                    "y": 104.20001220703125
                },
                {
                    "x": 350.2000732421875,
                    "y": 175.4000244140625
                },
                {
                    "x": 247,
                    "y": 175.4000244140625
                }
            ]
        },
        {
            "boundingBox": {
                "height": 92,
                "left": 401.4000244140625,
                "top": 182.60003662109375,
                "width": 155.199951171875
            },
            "id": "WSJFT1VUr",
            "points": [
                {
                    "x": 401.4000244140625,
                    "y": 182.60003662109375
                },
                {
                    "x": 556.5999755859375,
                    "y": 182.60003662109375
                },
                {
                    "x": 556.5999755859375,
                    "y": 274.60003662109375
                },
                {
                    "x": 401.4000244140625,
                    "y": 274.60003662109375
                }
            ]
        }
    ]
}