{
    "asset": {
        "format": "jpg",
        "id": "7a19f14935d43161056ad75d8f91a458",
        "name": "71744953_p4_master1200.jpg",
        "size": {
            "height": 631,
            "width": 600
        }
    },
    "dataset": {
        "average_hash": "80060e16071fffff",
        "split": "test",
        "version": "v3"
    },
    "regions": [
        {
            "boundingBox": {
                "height": 87.81958762886597,
                "left": 310.30741410488247,
                "top": 275.16465313573883,
                "width": 152.98372513562387
            },
            "id": "P10-N4udk",
            "points": [
                {
                    "x": 310.30741410488247,
                    "y": 275.16465313573883
                },
                {
                    "x": 463.2911392405063,
                    "y": 275.16465313573883
                },
                {
                    "x": 463.2911392405063,
                    "y": 362.9842407646048
                },
                {
                    "x": 310.30741410488247,
                    "y": 362.9842407646048
                }
            ]
        }
    ]
}