{
    "asset": {
        "format": "jpg",
        "id": "a05241f67bf3b6473b7f12d1fc6f7c0b",
        "name": "71747596_p0_master1200.jpg",
        "size": {
            "height": 1020,
            "width": 600
        }
    },
    "dataset": {
        "average_hash": "f7c383e3c3e1ffeb",
        "split": "train",
        "version": "v2"
    },
    "regions": [
        {
            "boundingBox": {
                "height": 133.17256364406023,
                "left": 253.14486338477252,
                "top": 340.1413915558813,
                "width": 232.36750410639354
            },
            "id": "a9qZMpf4C",
            "points": [
                {
                    "x": 253.14486338477252,
                    "y": 340.1413915558813
                },
                {
                    "x": 485.51236749116606,
                    "y": 340.1413915558813
                },
                {
                    "x": 485.51236749116606,
                    "y": 473.3139551999415
                },
                {
                    "x": 253.14486338477252,
                    "y": 473.3139551999415
                }
            ]
        }
    ]
}