{
    "asset": {
        "format": "jpg",
        "id": "a05b25d72816016d5e37a7a4422486ac",
        "name": "71744967_p0_master1200.jpg",
        "size": {
            "height": 600,
            "width": 600
        }
    },
    "dataset": {
        "average_hash": "f7f7e3e3f7e7c78f",
        "split": "test",
        "version": "v2"
    },
    "regions": [
        {
            "boundingBox": {
                "height": 60.79998779296875,
                "left": 283.79998779296875,
                "top": 131.80001831054688,
                "width": 106.40008544921875
            },
            "id": "pG_-ktyBc",
            "points": [
                {
                    "x": 283.79998779296875,
                    "y": 131.80001831054688
                },
                {
                    "x": 390.2000732421875,
                    "y": 131.80001831054688
                },
                {
                    "x": 390.2000732421875,
                    "y": 192.60000610351562
                },
                {
                    "x": 283.79998779296875,
                    "y": 192.60000610351562
                }
            ]
        }
    ]
}