{
    "asset": {
        "format": "jpg",
        "id": "a32bee02155e4cad33ec7be23fac1b16",
        "name": "71744953_p0_master1200.jpg",
        "size": {
            "height": 425,
            "width": 600
        }
    },
    "dataset": {
        "average_hash": "fffff9e1e1c18500",
        "split": "test",
        "version": "v2"
    },
    "regions": [
        {
            "boundingBox": {
                "height": 37.5999755859375,
                "left": 233.4000244140625,
                "top": 249.10003662109375,
                "width": 65.5999755859375
            },
            "id": "6jP_zBC54",
            "points": [
                {
                    "x": 233.4000244140625,
                    "y": 249.10003662109375
                },
                {
                    "x": 299,
                    "y": 249.10003662109375
                },
                {
                    "x": 299,
                    "y": 286.70001220703125
                },
                {
                    "x": 233.4000244140625,
                    "y": 286.70001220703125
                }
            ]
        },
        {
            "boundingBox": {
                "height": 62.39996337890625,
                "left": 376.5999755859375,
                "top": 209.9000244140625,
                "width": 101.60009765625
            },
            "id": "Z2fLNFns9",
            "points": [
                {
                    "x": 376.5999755859375,
                    "y": 209.9000244140625
                },
                {
                    "x": 478.2000732421875,
                    "y": 209.9000244140625
                },
                {
                    "x": 478.2000732421875,
                    "y": 272.29998779296875
                },
                {
                    "x": 376.5999755859375,
                    "y": 272.29998779296875
                }
            ]
        }
    ]
}