{
    "asset": {
        "format": "jpg",
        "id": "492c67ec9d53d8ba37bb42eead0977b7",
        "name": "71744953_p3_master1200.jpg",
        "size": {
            "height": 608,
            "width": 600
        }
    },
    "dataset": {
        "average_hash": "ffa3a3636363c1ef",
        "split": "test",
        "version": "v3"
    },
    "regions": [
        {
            "boundingBox": {
                "height": 68.39999999999999,
                "left": 256.05786618444847,
                "top": 291.17499999999995,
                "width": 118.2640144665461
            },
            "id": "5RwVRbg5D",
            "points": [
                {
                    "x": 256.05786618444847,
                    "y": 291.17499999999995
                },
                {
                    "x": 374.32188065099456,
                    "y": 291.17499999999995
                },
                {
                    "x": 374.32188065099456,
                    "y": 359.575
                },
                {
                    "x": 256.05786618444847,
                    "y": 359.575
                }
            ]
        }
    ]
}