{
    "asset": {
        "format": "jpg",
        "id": "5cacdca6b79f600e8b6d2f6cd6dcbd75",
        "name": "71749705_p0_master1200.jpg",
        "size": {
            "height": 847,
            "width": 600
        }
    },
    "dataset": {
        "average_hash": "e7c3c3c301009fef",
        "split": "train",
        "version": "v2"
    },
    "regions": [
        {
            "boundingBox": {
                "height": 153.78156639441812,
                "left": 169.04998779296875,
                "top": 347.20994741020473,
                "width": 216
            },
            "id": "Yd-7le1Mo",
            "points": [
                {
                    "x": 169.04998779296875,
                    "y": 347.20994741020473
                },
                {
                    "x": 385.04998779296875,
                    "y": 347.20994741020473
                },
                {
                    "x": 385.04998779296875,
                    "y": 500.9915138046229
                },
                {
                    "x": 169.04998779296875,
                    "y": 500.9915138046229
                }
            ]
        }
    ]
}