{
    "asset": {
        "format": "jpg",
        "id": "4e988d09674307fed8635ea7fb548a37",
        "name": "71746830_p3_master1200.jpg",
        "size": {
            "height": 897,
            "width": 600
        }
    },
    "dataset": {
        "average_hash": "fef8fc6e60500a00",
        "split": "train",
        "version": "v3"
    },
    "regions": [
        {
            "boundingBox": {
                "height": 49.008278145695364,
                "left": 334.92419554455444,
                "top": 384.6407284768212,
                "width": 114.35643564356435
            },
            "id": "SlflRNGoI",
            "points": [
                {
                    "x": 334.92419554455444,
                    "y": 384.6407284768212
                },
                {
                    "x": 449.28063118811883,
                    "y": 384.6407284768212
                },
                {
                    "x": 449.28063118811883,
                    "y": 433.64900662251654
                },
                {
                    "x": 334.92419554455444,
                    "y": 433.64900662251654
                }
            ]
        },
        {
            "boundingBox": {
                "height": 59.40397350993378,
                "left": 86.90439356435644,
                "top": 421.7682119205298,
                "width": 103.96039603960396
            },
            "id": "YHRirZzs4",
            "points": [
                {
                    "x": 86.90439356435644,
                    "y": 421.7682119205298
                },
                {
                    "x": 190.8647896039604,
                    "y": 421.7682119205298
                },
                {
                    "x": 190.8647896039604,
                    "y": 481.17218543046357
                },
                {
                    "x": 86.90439356435644,
                    "y": 481.17218543046357
                }
            ]
        }
    ]
}