{
    "asset": {
        "format": "jpg",
        "id": "71458d884288f560b738c32148a605cf",
        "name": "71747137_p0_master1200.jpg",
        "size": {
            "height": 848,
            "width": 600
        }
    },
    "dataset": {
        "average_hash": "df15bb9b811a3c81",
        "split": "test",
        "version": "v2"
    },
    "regions": [
        {
            "boundingBox": {
                "height": 242.4000244140625,
                "left": 93.4000244140625,
                "top": 563,
                "width": 430.4000244140625
            },
            "id": "y4nZ_jSiP",
            "points": [
                {
                    "x": 93.4000244140625,
                    "y": 563
                },
                {
                    "x": 523.800048828125,
                    "y": 563
                },
                {
                    "x": 523.800048828125,
                    "y": 805.4000244140625
                },
                {
                    "x": 93.4000244140625,
                    "y": 805.4000244140625
                }
            ]
        }
    ]
}