{
    "asset": {
        "format": "jpg",
        "id": "b6fa069d5737528bfdbd4f30f39b1af5",
        "name": "71743700_p0_master1200.jpg",
        "size": {
            "height": 700,
            "width": 500
        }
    },
    "dataset": {
        "average_hash": "18181e1f7ff8f8f8",
        "split": "train",
        "version": "v2"
    },
    "regions": [
        {
            "boundingBox": {
                "height": 98.39999389648438,
                "left": 207.4000244140625,
                "top": 215.39999389648438,
                "width": 180.800048828125
            },
            "id": "hsghZmzND",
            "points": [
                {
                    "x": 207.4000244140625,
                    "y": 215.39999389648438
                },
                {
                    "x": 388.2000732421875,
                    "y": 215.39999389648438
                },
                {
                    "x": 388.2000732421875,
                    "y": 313.79998779296875
                },
                {
                    "x": 207.4000244140625,
                    "y": 313.79998779296875
                }
            ]
        }
    ]
}