{
    "asset": {
        "format": "jpg",
        "id": "313a58fb4df498202d4c65747c64e957",
        "name": "71746830_p0_master1200.jpg",
        "size": {
            "height": 961,
            "width": 600
        }
    },
    "dataset": {
        "average_hash": "c0fcfc181c181800",
        "split": "train",
        "version": "v2"
    },
    "regions": [
        {
            "boundingBox": {
                "height": 96.29998779296875,
                "left": 242.60003662109375,
                "top": 367.70001220703125,
                "width": 168.79998779296875
            },
            "id": "uo8-v8MM0",
            "points": [
                {
                    "x": 242.60003662109375,
                    "y": 367.70001220703125
                },
                {
                    "x": 411.4000244140625,
                    "y": 367.70001220703125
                },
                {
                    "x": 411.4000244140625,
                    "y": 464
                },
                {
                    "x": 242.60003662109375,
                    "y": 464
                }
            ]
        }
    ]
}