{
    "asset": {
        "format": "jpg",
        "id": "f6fdba28b9075897d8f9f9c56f3f52f7",
        "name": "71755510_p0_master1200.jpg",
        "size": {
            "height": 843,
            "width": 600
        }
    },
    "dataset": {
        "average_hash": "b7e7cf93e3e31301",
        "split": "train",
        "version": "v2"
    },
    "regions": [
        {
            "boundingBox": {
                "height": 124,
                "left": 163,
                "top": 360.20001220703125,
                "width": 197.5999755859375
            },
            "id": "DUda86WX-",
            "points": [
                {
                    "x": 163,
                    "y": 360.20001220703125
                },
                {
                    "x": 360.5999755859375,
                    "y": 360.20001220703125
                },
                {
                    "x": 360.5999755859375,
                    "y": 484.20001220703125
                },
                {
                    "x": 163,
                    "y": 484.20001220703125
                }
            ]
        }
    ]
}