{
    "asset": {
        "format": "jpg",
        "id": "932de49782c10f512dda2d54604e197b",
        "name": "71755523_p0_master1200.jpg",
        "size": {
            "height": 734,
            "width": 600
        }
    },
    "dataset": {
        "average_hash": "cb810083cbc78787",
        "split": "train",
        "version": "v2"
    },
    "regions": [
        {
            "boundingBox": {
                "height": 122.4000244140625,
                "left": 94.20001220703125,
                "top": 269.20001220703125,
                "width": 204.79998779296875
            },
            "id": "ndopICZyV",
            "points": [
                {
                    "x": 94.20001220703125,
                    "y": 269.20001220703125
                },
                {
                    "x": 299,
                    "y": 269.20001220703125
                },
                {
                    "x": 299,
                    "y": 391.60003662109375
                },
                {
                    "x": 94.20001220703125,
                    "y": 391.60003662109375
                }
            ]
        }
    ]
}