{
    "asset": {
        "format": "jpg",
        "id": "dd6b28c6a2d99376d0f15910cd038e2b",
        "name": "71759486_p0_master1200.jpg",
        "size": {
            "height": 981,
            "width": 600
        }
    },
    "dataset": {
        "average_hash": "f7b3ffffc1c38181",
        "split": "train",
        "version": "v2"
    },
    "regions": [
        {
            "boundingBox": {
                "height": 250.04280877063772,
                "left": 128.97961674904337,
                "top": 373.0247587969298,
                "width": 380.4082130899235
            },
            "id": "AGF2N4FNy",
            "points": [
                {
                    "x": 128.97961674904337,
                    "y": 373.0247587969298
                },
                {
                    "x": 509.38782983896687,
                    "y": 373.0247587969298
                },
                {
                    "x": 509.38782983896687,
                    "y": 623.0675675675675
                },
                {
                    "x": 128.97961674904337,
                    "y": 623.0675675675675
                }
            ]
        }
    ]
}