{
    "asset": {
        "format": "jpg",
        "id": "3db1ca3bb4b61eb500cd52f4afb27e3d",
        "name": "71752310_p2_master1200.jpg",
        "size": {
            "height": 319,
            "width": 600
        }
    },
    "dataset": {
        "average_hash": "fbfbf3e3474f4f1f",
        "split": "train",
        "version": "v3"
    },
    "regions": [
        {
            "boundingBox": {
                "height": 41.2312925170068,
                "left": 310.30741410488247,
                "top": 109.60538903061224,
                "width": 56.41952983725135
            },
            "id": "5cXF252Mo",
            "points": [
                {
                    "x": 310.30741410488247,
                    "y": 109.60538903061224
                },
                {
                    "x": 366.7269439421338,
                    "y": 109.60538903061224
                },
                {
                    "x": 366.7269439421338,
                    "y": 150.83668154761904
                },
                {
                    "x": 310.30741410488247,
                    "y": 150.83668154761904
                }
            ]
        }
    ]
}