{
    "asset": {
        "format": "jpg",
        "id": "fe62ac2536a46e6a0656682c752e77e2",
        "name": "71759486_p1_master1200.jpg",
        "size": {
            "height": 637,
            "width": 600
        }
    },
    "dataset": {
        "average_hash": "b3335bfff7f7d880",
        "split": "train",
        "version": "v3"
    },
    "regions": [
        {
            "boundingBox": {
                "height": 201.84327086882453,
                "left": 135.623869801085,
                "top": 426.00053236797277,
                "width": 424.23146473779383
            },
            "id": "syo9FWY1u",
            "points": [
                {
                    "x": 135.623869801085,
                    "y": 426.00053236797277
                },
                {
                    "x": 559.8553345388788,
                    "y": 426.00053236797277
                },
                {
                    "x": 559.8553345388788,
                    "y": 627.8438032367973
                },
                {
                    "x": 135.623869801085,
                    "y": 627.8438032367973
                }
            ]
        }
    ]
}