{
    "asset": {
        "format": "jpg",
        "id": "1aeff96256fbbac979e0b23c75c8ebcc",
        "name": "71751319_p0_master1200.jpg",
        "size": {
            "height": 488,
            "width": 600
        }
    },
    "dataset": {
        "average_hash": "080709e77732b2f0",
        "split": "train",
        "version": "v2"
    },
    "regions": [
        {
            "boundingBox": {
                "height": 86.4000244140625,
                "left": 413.4000244140625,
                "top": 195.79998779296875,
                "width": 137.5999755859375
            },
            "id": "DxOWGEZ37",
            "points": [
                {
                    "x": 413.4000244140625,
                    "y": 195.79998779296875
                },
                {
                    "x": 551,
                    "y": 195.79998779296875
                },
                {
                    "x": 551,
                    "y": 282.20001220703125
                },
                {
                    "x": 413.4000244140625,
                    "y": 282.20001220703125
                }
            ]
        }
    ]
}