{
    "asset": {
        "format": "jpg",
        "id": "288c5cb8640403e8033d5b17557dd524",
        "name": "71752310_p4_master1200.jpg",
        "size": {
            "height": 319,
            "width": 600
        }
    },
    "dataset": {
        "average_hash": "7f3f170101015f7f",
        "split": "train",
        "version": "v3"
    },
    "regions": [
        {
            "boundingBox": {
                "height": 98.73809523809524,
                "left": 323.3273056057866,
                "top": 118.28566113945578,
                "width": 57.504520795660035
            },
            "id": "TjyF_k5NN",
            "points": [
                {
                    "x": 323.3273056057866,
                    "y": 118.28566113945578
                },
                {
                    "x": 380.8318264014466,
                    "y": 118.28566113945578
                },
                {
                    "x": 380.8318264014466,
                    "y": 217.02375637755102
                },
                {
                    "x": 323.3273056057866,
                    "y": 217.02375637755102
                }
            ]
        }
    ]
}