{
    "asset": {
        "format": "jpg",
        "id": "2c462b31e522d8f9e171d4bc4d8f7d14",
        "name": "71752310_p1_master1200.jpg",
        "size": {
            "height": 319,
            "width": 600
        }
    },
    "dataset": {
        "average_hash": "974f4f47e3e1f1f1",
        "split": "train",
        "version": "v3"
    },
    "regions": [
        {
            "boundingBox": {
                "height": 56.42176870748299,
                "left": 335.2622061482821,
                "top": 113.945525085034,
                "width": 46.65461121157323
            },
            "id": "Ia3nQYCim",
            "points": [
                {
                    "x": 335.2622061482821,
                    "y": 113.945525085034
                },
                {
                    "x": 381.9168173598553,
                    "y": 113.945525085034
                },
                {
                    "x": 381.9168173598553,
                    "y": 170.36729379251702
                },
                {
                    "x": 335.2622061482821,
                    "y": 170.36729379251702
                }
            ]
        }
    ]
}