{
    "asset": {
        "format": "jpg",
        "id": "d49dc59e3aebd79ddca862bb11b6f586",
        "name": "71752310_p3_master1200.jpg",
        "size": {
            "height": 319,
            "width": 600
        }
    },
    "dataset": {
        "average_hash": "ffdf8a80c0e0fbfa",
        "split": "train",
        "version": "v3"
    },
    "regions": [
        {
            "boundingBox": {
                "height": 66.18707482993197,
                "left": 251.71790235081374,
                "top": 60.77885841836735,
                "width": 33.634719710669074
            },
            "id": "gm2lw0t4z",
            "points": [
                {
                    "x": 251.71790235081374,
                    "y": 60.77885841836735
                },
                {
                    "x": 285.3526220614828,
                    "y": 60.77885841836735
                },
                {
                    "x": 285.3526220614828,
                    "y": 126.96593324829932
                },
                {
                    "x": 251.71790235081374,
                    "y": 126.96593324829932
                }
            ]
        }
    ]
}