{
    "asset": {
        "format": "jpg",
        "id": "f3d62c4652f081d5c8af7f2465233706",
        "name": "71754411_p1_master1200.jpg",
        "size": {
            "height": 1200,
            "width": 419
        }
    },
    "dataset": {
        "average_hash": "fffb9383c3c3c7ff",
        "split": "train",
        "version": "v3"
    },
    "regions": [
        {
            "boundingBox": {
                "height": 101.32450331125827,
                "left": 61.466158175355446,
                "top": 290.0662251655629,
                "width": 182.69194312796208
            },
            "id": "fN1OBA7_1",
            "points": [
                {
                    "x": 61.466158175355446,
                    "y": 290.0662251655629
                },
                {
                    "x": 244.15810130331752,
                    "y": 290.0662251655629
                },
                {
                    "x": 244.15810130331752,
                    "y": 391.39072847682115
                },
                {
                    "x": 61.466158175355446,
                    "y": 391.39072847682115
                }
            ]
        }
    ]
}