{
    "asset": {
        "format": "jpg",
        "id": "c0980be625328e8522f70a71a44882f9",
        "name": "71756709_p0_master1200.jpg",
        "size": {
            "height": 278,
            "width": 600
        }
    },
    "dataset": {
        "average_hash": "a7a7a525159d3d1d",
        "split": "train",
        "version": "v2"
    },
    "regions": [
        {
            "boundingBox": {
                "height": 52.79998779296875,
                "left": 54.20001220703125,
                "top": 108.4000244140625,
                "width": 74.4000244140625
            },
            "id": "lapFC38LN",
            "points": [
                {
                    "x": 54.20001220703125,
                    "y": 108.4000244140625
                },
                {
                    "x": 128.60003662109375,
                    "y": 108.4000244140625
                },
                {
                    "x": 128.60003662109375,
                    "y": 161.20001220703125
                },
                {
                    "x": 54.20001220703125,
                    "y": 161.20001220703125
                }
            ]
        },
        {
            "boundingBox": {
                "height": 60.79998779296875,
                "left": 235.79998779296875,
                "top": 99.60003662109375,
                "width": 87.20001220703125
            },
            "id": "AVdN3-I59",
            "points": [
                {
                    "x": 235.79998779296875,
                    "y": 99.60003662109375
                },
                {
                    "x": 323,
                    "y": 99.60003662109375
                },
                {
                    "x": 323,
                    "y": 160.4000244140625
                },
                {
                    "x": 235.79998779296875,
                    "y": 160.4000244140625
                }
            ]
        },
        {
            "boundingBox": {
                "height": 52,
                "left": 495.800048828125,
                "top": 115.60003662109375,
                "width": 87.199951171875
            },
            "id": "ptrqy4SbY",
            "points": [
                {
                    "x": 495.800048828125,
                    "y": 115.60003662109375
                },
                {
                    "x": 583,
                    "y": 115.60003662109375
                },
                {
                    "x": 583,
                    "y": 167.60003662109375
                },
                {
                    "x": 495.800048828125,
                    "y": 167.60003662109375
                }
            ]
        }
    ]
}