{
    "asset": {
        "format": "jpg",
        "id": "2f986d9c771e5d7efcad4413531aad41",
        "name": "71752310_p0_master1200.jpg",
        "size": {
            "height": 319,
            "width": 600
        }
    },
    "dataset": {
        "average_hash": "fcfcfcc082800000",
        "split": "train",
        "version": "v2"
    },
    "regions": [
        {
            "boundingBox": {
                "height": 85.06668503479389,
                "left": 207.5543355782295,
                "top": 80.65282406597018,
                "width": 54.581964295045985
            },
            "id": "EdBpHC55y",
            "points": [
                {
                    "x": 207.5543355782295,
                    "y": 80.65282406597018
                },
                {
                    "x": 262.1362998732755,
                    "y": 80.65282406597018
                },
                {
                    "x": 262.1362998732755,
                    "y": 165.71950910076407
                },
                {
                    "x": 207.5543355782295,
                    "y": 165.71950910076407
                }
            ]
        }
    ]
}