{
    "asset": {
        "format": "jpg",
        "id": "9b25100bccceedbc5cd7075bc01e1073",
        "name": "71755550_p0_master1200.jpg",
        "size": {
            "height": 935,
            "width": 600
        }
    },
    "dataset": {
        "average_hash": "c3e7c39bc381018f",
        "split": "train",
        "version": "v2"
    },
    "regions": [
        {
            "boundingBox": {
                "height": 136.1455797281204,
                "left": 145.0875244140625,
                "top": 371.19702047147894,
                "width": 268
            },
            "id": "CpeKoE_ST",
            "points": [
                {
                    "x": 145.0875244140625,
                    "y": 371.19702047147894
                },
                {
                    "x": 413.0875244140625,
                    "y": 371.19702047147894
                },
                {
                    "x": 413.0875244140625,
                    "y": 507.34260019959936
                },
                {
                    "x": 145.0875244140625,
                    "y": 507.34260019959936
                }
            ]
        }
    ]
}