{
    "asset": {
        "format": "jpg",
        "id": "aa9b5c3a28e1c5cab2137169e111e5fb",
        "name": "71754332_p0_master1200.jpg",
        "size": {
            "height": 799,
            "width": 600
        }
    },
    "dataset": {
        "average_hash": "ffffe3c383c7c7cf",
        "split": "train",
        "version": "v2"
    },
    "regions": [
        {
            "boundingBox": {
                "height": 135.36940522540482,
                "left": 199.42498779296875,
                "top": 335.2195672056729,
                "width": 148.79998779296875
            },
            "id": "pOx2nIhB5",
            "points": [
                {
                    "x": 199.42498779296875,
                    "y": 335.2195672056729
                },
                {
                    "x": 348.2249755859375,
                    "y": 335.2195672056729
                },
                {
                    "x": 348.2249755859375,
                    "y": 470.5889724310777
                },
                {
                    "x": 199.42498779296875,
                    "y": 470.5889724310777
                }
            ]
        }
    ]
}