{
    "asset": {
        "format": "jpg",
        "id": "f85cde5d5f40d0a48f5bca1388e3c1fa",
        "name": "71753454_p0_master1200.jpg",
        "size": {
            "height": 425,
            "width": 600
        }
    },
    "dataset": {
        "average_hash": "8b89f3f11f0f0402",
        "split": "train",
        "version": "v2"
    },
    "regions": [
        {
            "boundingBox": {
                "height": 76,
                "left": 27.79998779296875,
                "top": 201.9000244140625,
                "width": 106.4000244140625
            },
            "id": "7mCKFfi1D",
            "points": [
                {
                    "x": 27.79998779296875,
                    "y": 201.9000244140625
                },
                {
                    "x": 134.20001220703125,
                    "y": 201.9000244140625
                },
                {
                    "x": 134.20001220703125,
                    "y": 277.9000244140625
                },
                {
                    "x": 27.79998779296875,
                    "y": 277.9000244140625
                }
            ]
        }
    ]
}