{
    "asset": {
        "format": "jpg",
        "id": "d2d9f72c3cad0e51eb2aade1a1188c06",
        "name": "71754411_p0_master1200.jpg",
        "size": {
            "height": 909,
            "width": 600
        }
    },
    "dataset": {
        "average_hash": "ffffdbf3938381c3",
        "split": "train",
        "version": "v2"
    },
    "regions": [
        {
            "boundingBox": {
                "height": 169.5999755859375,
                "left": 87.79998779296875,
                "top": 399.60003662109375,
                "width": 325.60003662109375
            },
            "id": "RoanwGNHR",
            "points": [
                {
                    "x": 87.79998779296875,
                    "y": 399.60003662109375
                },
                {
                    "x": 413.4000244140625,
                    "y": 399.60003662109375
                },
                {
                    "x": 413.4000244140625,
                    "y": 569.2000122070312
                },
                {
                    "x": 87.79998779296875,
                    "y": 569.2000122070312
                }
            ]
        }
    ]
}