{
    "asset": {
        "format": "jpg",
        "id": "1cada139f03a5bf75c47d41181ec5fdd",
        "name": "71761116_p0_master1200.jpg",
        "size": {
            "height": 662,
            "width": 600
        }
    },
    "dataset": {
        "average_hash": "efc0d1f8e4a43dbe",
        "split": "train",
        "version": "v2"
    },
    "regions": [
        {
            "boundingBox": {
                "height": 216,
                "left": 175,
                "top": 384.4000244140625,
                "width": 321.5999755859375
            },
            "id": "2hV5Veo9T",
            "points": [
                {
                    "x": 175,
                    "y": 384.4000244140625
                },
                {
                    "x": 496.5999755859375,
                    "y": 384.4000244140625
                },
                {
                    "x": 496.5999755859375,
                    "y": 600.4000244140625
                },
                {
                    "x": 175,
                    "y": 600.4000244140625
                }
            ]
        }
    ]
}