{
    "asset": {
        "format": "jpg",
        "id": "d58ee23e9dbed9db5a44163257923ed3",
        "name": "71763149_p1_master1200.jpg",
        "size": {
            "height": 911,
            "width": 600
        }
    },
    "dataset": {
        "average_hash": "ffffe77f03400407",
        "split": "train",
        "version": "v3"
    },
    "regions": [
        {
            "boundingBox": {
                "height": 138.76158940397352,
                "left": 115.1853015075377,
                "top": 386.11920529801324,
                "width": 269.8492462311558
            },
            "id": "G7IbZZKhZ",
            "points": [
                {
                    "x": 115.1853015075377,
                    "y": 386.11920529801324
                },
                {
                    "x": 385.0345477386935,
                    "y": 386.11920529801324
                },
                {
                    "x": 385.0345477386935,
                    "y": 524.8807947019867
                },
                {
                    "x": 115.1853015075377,
                    "y": 524.8807947019867
                }
            ]
        }
    ]
}