{
    "asset": {
        "format": "jpg",
        "id": "25e0d9d030fa31e05299ec7a3f56efa2",
        "name": "71762104_p0_master1200.jpg",
        "size": {
            "height": 600,
            "width": 600
        }
    },
    "dataset": {
        "average_hash": "40400c0c0cfbffff",
        "split": "train",
        "version": "v2"
    },
    "regions": [
        {
            "boundingBox": {
                "height": 47.199981689453125,
                "left": 351.800048828125,
                "top": 211.80001831054688,
                "width": 86.4000244140625
            },
            "id": "jwNYTO7Xn",
            "points": [
                {
                    "x": 351.800048828125,
                    "y": 211.80001831054688
                },
                {
                    "x": 438.2000732421875,
                    "y": 211.80001831054688
                },
                {
                    "x": 438.2000732421875,
                    "y": 259
                },
                {
                    "x": 351.800048828125,
                    "y": 259
                }
            ]
        }
    ]
}