{
    "asset": {
        "format": "jpg",
        "id": "772ad60152db1376f2a0b20fb14f4c73",
        "name": "71761116_p2_master1200.jpg",
        "size": {
            "height": 799,
            "width": 600
        }
    },
    "dataset": {
        "average_hash": "3ec480f4e4df3ef8",
        "split": "train",
        "version": "v3"
    },
    "regions": [
        {
            "boundingBox": {
                "height": 142.86754966887418,
                "left": 238.27780837004406,
                "top": 453.7367549668874,
                "width": 268.2819383259912
            },
            "id": "jtdxeRZTt",
            "points": [
                {
                    "x": 238.27780837004406,
                    "y": 453.7367549668874
                },
                {
                    "x": 506.5597466960353,
                    "y": 453.7367549668874
                },
                {
                    "x": 506.5597466960353,
                    "y": 596.6043046357615
                },
                {
                    "x": 238.27780837004406,
                    "y": 596.6043046357615
                }
            ]
        }
    ]
}