{
    "asset": {
        "format": "jpg",
        "id": "845877df7aaac55ab5a5d18f950cd9d6",
        "name": "71763149_p0_master1200.jpg",
        "size": {
            "height": 911,
            "width": 600
        }
    },
    "dataset": {
        "average_hash": "fffffe7f03400003",
        "split": "train",
        "version": "v2"
    },
    "regions": [
        {
            "boundingBox": {
                "height": 176.1934065934066,
                "left": 107.4749755859375,
                "top": 370.4065934065934,
                "width": 312.79998779296875
            },
            "id": "XMrG2KVwR",
            "points": [
                {
                    "x": 107.4749755859375,
                    "y": 370.4065934065934
                },
                {
                    "x": 420.27496337890625,
                    "y": 370.4065934065934
                },
                {
                    "x": 420.27496337890625,
                    "y": 546.6
                },
                {
                    "x": 107.4749755859375,
                    "y": 546.6
                }
            ]
        }
    ]
}