{
    "asset": {
        "format": "jpg",
        "id": "d489040744aa9ca7e9f969b8e2a87c96",
        "name": "71769729_p0_master1200.jpg",
        "size": {
            "height": 742,
            "width": 600
        }
    },
    "dataset": {
        "average_hash": "fffffbd3c0c0e367",
        "split": "train",
        "version": "v2"
    },
    "regions": [
        {
            "boundingBox": {
                "height": 135.20001220703125,
                "left": 170.20001220703125,
                "top": 305.20001220703125,
                "width": 234.39996337890625
            },
            "id": "KVfComGKg",
            "points": [
                {
                    "x": 170.20001220703125,
                    "y": 305.20001220703125
                },
                {
                    "x": 404.5999755859375,
                    "y": 305.20001220703125
                },
                {
                    "x": 404.5999755859375,
                    "y": 440.4000244140625
                },
                {
                    "x": 170.20001220703125,
                    "y": 440.4000244140625
                }
            ]
        }
    ]
}