{
    "asset": {
        "format": "jpg",
        "id": "78c828a70d9a5454b17dbc7d5a319583",
        "name": "71766688_p4_master1200.jpg",
        "size": {
            "height": 839,
            "width": 600
        }
    },
    "dataset": {
        "average_hash": "ffeafefe5c004040",
        "split": "train",
        "version": "v3"
    },
    "regions": [
        {
            "boundingBox": {
                "height": 187.5248344370861,
                "left": 190.95052083333331,
                "top": 356.99172185430467,
                "width": 243.05555555555554
            },
            "id": "-AUHWALTy",
            "points": [
                {
                    "x": 190.95052083333331,
                    "y": 356.99172185430467
                },
                {
                    "x": 434.00607638888886,
                    "y": 356.99172185430467
                },
                {
                    "x": 434.00607638888886,
                    "y": 544.5165562913908
                },
                {
                    "x": 190.95052083333331,
                    "y": 544.5165562913908
                }
            ]
        }
    ]
}