{
    "asset": {
        "format": "jpg",
        "id": "fac2d57ed00180124477182d7a543116",
        "name": "71764853_p0_master1200.jpg",
        "size": {
            "height": 848,
            "width": 600
        }
    },
    "dataset": {
        "average_hash": "f723ab36363ee8c1",
        "split": "train",
        "version": "v2"
    },
    "regions": [
        {
            "boundingBox": {
                "height": 164,
                "left": 156.60003662109375,
                "top": 388.60003662109375,
                "width": 328.79998779296875
            },
            "id": "F0sjumsqs",
            "points": [
                {
                    "x": 156.60003662109375,
                    "y": 388.60003662109375
                },
                {
                    "x": 485.4000244140625,
                    "y": 388.60003662109375
                },
                {
                    "x": 485.4000244140625,
                    "y": 552.6000366210938
                },
                {
                    "x": 156.60003662109375,
                    "y": 552.6000366210938
                }
            ]
        }
    ]
}