{
    "asset": {
        "format": "jpg",
        "id": "f6489bd8171d343d4cd1240988a47133",
        "name": "71766688_p3_master1200.jpg",
        "size": {
            "height": 839,
            "width": 600
        }
    },
    "dataset": {
        "average_hash": "c7c7dba3efff9fbf",
        "split": "train",
        "version": "v3"
    },
    "regions": [
        {
            "boundingBox": {
                "height": 62.508278145695364,
                "left": 271.50607638888886,
                "top": 227.80794701986756,
                "width": 105.55555555555556
            },
            "id": "zFhGlj2co",
            "points": [
                {
                    "x": 271.50607638888886,
                    "y": 227.80794701986756
                },
                {
                    "x": 377.06163194444446,
                    "y": 227.80794701986756
                },
                {
                    "x": 377.06163194444446,
                    "y": 290.31622516556297
                },
                {
                    "x": 271.50607638888886,
                    "y": 290.31622516556297
                }
            ]
        }
    ]
}