{
    "asset": {
        "format": "jpg",
        "id": "23e45aed9b7a3f6229e285ecff42fe38",
        "name": "71767863_p2_master1200.jpg",
        "size": {
            "height": 777,
            "width": 600
        }
    },
    "dataset": {
        "average_hash": "f2335870f4c48347",
        "split": "train",
        "version": "v3"
    },
    "regions": [
        {
            "boundingBox": {
                "height": 41.16556291390729,
                "left": 165.73229613733906,
                "top": 208.40066225165563,
                "width": 99.14163090128756
            },
            "id": "Z69ULmGxU",
            "points": [
                {
                    "x": 165.73229613733906,
                    "y": 208.40066225165563
                },
                {
                    "x": 264.8739270386266,
                    "y": 208.40066225165563
                },
                {
                    "x": 264.8739270386266,
                    "y": 249.56622516556294
                },
                {
                    "x": 165.73229613733906,
                    "y": 249.56622516556294
                }
            ]
        }
    ]
}