{
    "asset": {
        "format": "jpg",
        "id": "4bf42091b240eb8da234879d7dc90935",
        "name": "71766130_p0_master1200.jpg",
        "size": {
            "height": 1067,
            "width": 600
        }
    },
    "dataset": {
        "average_hash": "e318183c3c1818bc",
        "split": "train",
        "version": "v2"
    },
    "regions": [
        {
            "boundingBox": {
                "height": 181.01290335228933,
                "left": 134.41775845511785,
                "top": 472.94056761933956,
                "width": 327.3937288802565
            },
            "id": "JPwIHAtoR",
            "points": [
                {
                    "x": 134.41775845511785,
                    "y": 472.94056761933956
                },
                {
                    "x": 461.81148733537435,
                    "y": 472.94056761933956
                },
                {
                    "x": 461.81148733537435,
                    "y": 653.9534709716289
                },
                {
                    "x": 134.41775845511785,
                    "y": 653.9534709716289
                }
            ]
        }
    ]
}