{
    "asset": {
        "format": "jpg",
        "id": "afe76e71b0861ebdfeaf5fb028de1579",
        "name": "71766688_p0_master1200.jpg",
        "size": {
            "height": 839,
            "width": 600
        }
    },
    "dataset": {
        "average_hash": "00f8b9012165f9f9",
        "split": "train",
        "version": "v2"
    },
    "regions": [
        {
            "boundingBox": {
                "height": 89.70692735184917,
                "left": 158.64996337890625,
                "top": 211.85251207738617,
                "width": 146.4000244140625
            },
            "id": "7KGFcLne1",
            "points": [
                {
                    "x": 158.64996337890625,
                    "y": 211.85251207738617
                },
                {
                    "x": 305.04998779296875,
                    "y": 211.85251207738617
                },
                {
                    "x": 305.04998779296875,
                    "y": 301.55943942923534
                },
                {
                    "x": 158.64996337890625,
                    "y": 301.55943942923534
                }
            ]
        },
        {
            "boundingBox": {
                "height": 99.31835875590832,
                "left": 319.45001220703125,
                "top": 295.1518083085308,
                "width": 126.4000244140625
            },
            "id": "W4Ol0de7_",
            "points": [
                {
                    "x": 319.45001220703125,
                    "y": 295.1518083085308
                },
                {
                    "x": 445.85003662109375,
                    "y": 295.1518083085308
                },
                {
                    "x": 445.85003662109375,
                    "y": 394.4701670644391
                },
                {
                    "x": 319.45001220703125,
                    "y": 394.4701670644391
                }
            ]
        },
        {
            "boundingBox": {
                "height": 76.8916956644354,
                "left": 147.449951171875,
                "top": 483.3761214299532,
                "width": 116
            },
            "id": "8MdayIbLc",
            "points": [
                {
                    "x": 147.449951171875,
                    "y": 483.3761214299532
                },
                {
                    "x": 263.449951171875,
                    "y": 483.3761214299532
                },
                {
                    "x": 263.449951171875,
                    "y": 560.2678170943886
                },
                {
                    "x": 147.449951171875,
                    "y": 560.2678170943886
                }
            ]
        },
        {
            "boundingBox": {
                "height": 97.71650444522393,
                "left": 361.85003662109375,
                "top": 601.717183770883,
                "width": 115.199951171875
            },
            "id": "meoWuIyLN",
            "points": [
                {
                    "x": 361.85003662109375,
                    "y": 601.717183770883
                },
                {
                    "x": 477.04998779296875,
                    "y": 601.717183770883
                },
                {
                    "x": 477.04998779296875,
                    "y": 699.4336882161069
                },
                {
                    "x": 361.85003662109375,
                    "y": 699.4336882161069
                }
            ]
        }
    ]
}