{
    "asset": {
        "format": "jpg",
        "id": "412d45b97a243e7e336d23323abeeb04",
        "name": "71760423_p0_master1200.jpg",
        "size": {
            "height": 848,
            "width": 600
        }
    },
    "dataset": {
        "average_hash": "ff9f9181818f8f9f",
        "split": "train",
        "version": "v2"
    },
    "regions": [
        {
            "boundingBox": {
                "height": 63.20001220703125,
                "left": 150.60003662109375,
                "top": 286,
                "width": 92
            },
            "id": "bCanj1CTs",
            "points": [
                {
                    "x": 150.60003662109375,
                    "y": 286
                },
                {
                    "x": 242.60003662109375,
                    "y": 286
                },
                {
                    "x": 242.60003662109375,
                    "y": 349.20001220703125
                },
                {
                    "x": 150.60003662109375,
                    "y": 349.20001220703125
                }
            ]
        },
        {
            "boundingBox": {
                "height": 30.39996337890625,
                "left": 347.800048828125,
                "top": 373.4000244140625,
                "width": 60
            },
            "id": "4HQ805ArQ",
            "points": [
                {
                    "x": 347.800048828125,
                    "y": 373.4000244140625
                },
                {
                    "x": 407.800048828125,
                    "y": 373.4000244140625
                },
                {
                    "x": 407.800048828125,
                    "y": 403.79998779296875
                },
                {
                    "x": 347.800048828125,
                    "y": 403.79998779296875
                }
            ]
        }
    ]
}