{
    "asset": {
        "format": "jpg",
        "id": "4a840b33ed3574759696088f1e17e323",
        "name": "71760547_p0_master1200.jpg",
        "size": {
            "height": 600,
            "width": 600
        }
    },
    "dataset": {
        "average_hash": "f1f1edc383830b0f",
        "split": "train",
        "version": "v2"
    },
    "regions": [
        {
            "boundingBox": {
                "height": 247.19998168945312,
                "left": 107.79998779296875,
                "top": 199.80001831054688,
                "width": 274.40008544921875
            },
            "id": "P87uctPtX",
            "points": [
                {
                    "x": 107.79998779296875,
                    "y": 199.80001831054688
                },
                {
                    "x": 382.2000732421875,
                    "y": 199.80001831054688
                },
                {
                    "x": 382.2000732421875,
                    "y": 447
                },
                {
                    "x": 107.79998779296875,
                    "y": 447
                }
            ]
        }
    ]
}