{
    "asset": {
        "format": "jpg",
        "id": "0a60800d28cb81a8702b992fb02d4428",
        "name": "71761116_p1_master1200.jpg",
        "size": {
            "height": 799,
            "width": 600
        }
    },
    "dataset": {
        "average_hash": "df801010b9f2e2e2",
        "split": "train",
        "version": "v3"
    },
    "regions": [
        {
            "boundingBox": {
                "height": 75.4023178807947,
                "left": 165.59058370044053,
                "top": 723.5976821192053,
                "width": 309.2511013215859
            },
            "id": "DxLYR415I",
            "points": [
                {
                    "x": 165.59058370044053,
                    "y": 723.5976821192053
                },
                {
                    "x": 474.84168502202647,
                    "y": 723.5976821192053
                },
                {
                    "x": 474.84168502202647,
                    "y": 799
                },
                {
                    "x": 165.59058370044053,
                    "y": 799
                }
            ]
        }
    ]
}