{
    "asset": {
        "format": "jpg",
        "id": "6677d8fab03b36c8f1994d91b85788e8",
        "name": "71767863_p1_master1200.jpg",
        "size": {
            "height": 669,
            "width": 600
        }
    },
    "dataset": {
        "average_hash": "00fcfce000021f1f",
        "split": "train",
        "version": "v3"
    },
    "regions": [
        {
            "boundingBox": {
                "height": 44.30463576158941,
                "left": 314.7889760147602,
                "top": 200.47847682119206,
                "width": 111.80811808118082
            },
            "id": "Ih7nzkiRq",
            "points": [
                {
                    "x": 314.7889760147602,
                    "y": 200.47847682119206
                },
                {
                    "x": 426.597094095941,
                    "y": 200.47847682119206
                },
                {
                    "x": 426.597094095941,
                    "y": 244.78311258278146
                },
                {
                    "x": 314.7889760147602,
                    "y": 244.78311258278146
                }
            ]
        }
    ]
}