{
    "asset": {
        "format": "jpg",
        "id": "b3b338b25b8207dd18008d1e5d8bcd90",
        "name": "71767863_p0_master1200.jpg",
        "size": {
            "height": 568,
            "width": 600
        }
    },
    "dataset": {
        "average_hash": "f3e3579d8db1aba3",
        "split": "train",
        "version": "v2"
    },
    "regions": [
        {
            "boundingBox": {
                "height": 131.20001220703125,
                "left": 210.20001220703125,
                "top": 343.79998779296875,
                "width": 212.79998779296875
            },
            "id": "seefsWeZh",
            "points": [
                {
                    "x": 210.20001220703125,
                    "y": 343.79998779296875
                },
                {
                    "x": 423,
                    "y": 343.79998779296875
                },
                {
                    "x": 423,
                    "y": 475
                },
                {
                    "x": 210.20001220703125,
                    "y": 475
                }
            ]
        }
    ]
}