{
    "asset": {
        "format": "jpg",
        "id": "80e03efe0ec656308ce49c17c5afe033",
        "name": "71773753_p1_master1200.jpg",
        "size": {
            "height": 600,
            "width": 600
        }
    },
    "dataset": {
        "average_hash": "f7e3f1f131800100",
        "split": "train",
        "version": "v3"
    },
    "regions": [
        {
            "boundingBox": {
                "height": 40.14466546112116,
                "left": 373.23688969258586,
                "top": 180.6509945750452,
                "width": 91.13924050632912
            },
            "id": "3iNTaLTj7",
            "points": [
                {
                    "x": 373.23688969258586,
                    "y": 180.6509945750452
                },
                {
                    "x": 464.376130198915,
                    "y": 180.6509945750452
                },
                {
                    "x": 464.376130198915,
                    "y": 220.79566003616637
                },
                {
                    "x": 373.23688969258586,
                    "y": 220.79566003616637
                }
            ]
        }
    ]
}