{
    "asset": {
        "format": "jpg",
        "id": "e8c281f848f5afb21b2ce019f50336bc",
        "name": "71779033_p0_master1200.jpg",
        "size": {
            "height": 400,
            "width": 600
        }
    },
    "dataset": {
        "average_hash": "1812060efb43471f",
        "split": "train",
        "version": "v2"
    },
    "regions": [
        {
            "boundingBox": {
                "height": 95.39996337890625,
                "left": 251.79998779296875,
                "top": 304.60003662109375,
                "width": 251.20001220703125
            },
            "id": "DvFqsPLNg",
            "points": [
                {
                    "x": 251.79998779296875,
                    "y": 304.60003662109375
                },
                {
                    "x": 503,
                    "y": 304.60003662109375
                },
                {
                    "x": 503,
                    "y": 400
                },
                {
                    "x": 251.79998779296875,
                    "y": 400
                }
            ]
        }
    ]
}