{
    "asset": {
        "format": "jpg",
        "id": "eed9d31520ca1ed5cd293440a249c37d",
        "name": "71771563_p0_master1200.jpg",
        "size": {
            "height": 849,
            "width": 600
        }
    },
    "dataset": {
        "average_hash": "efcff3e1e1e1e1e0",
        "split": "train",
        "version": "v2"
    },
    "regions": [
        {
            "boundingBox": {
                "height": 132.79998779296875,
                "left": 239,
                "top": 318.70001220703125,
                "width": 270.4000244140625
            },
            "id": "fbVlvEP9Y",
            "points": [
                {
                    "x": 239,
                    "y": 318.70001220703125
                },
                {
                    "x": 509.4000244140625,
                    "y": 318.70001220703125
                },
                {
                    "x": 509.4000244140625,
                    "y": 451.5
                },
                {
                    "x": 239,
                    "y": 451.5
                }
            ]
        }
    ]
}