{
    "asset": {
        "format": "jpg",
        "id": "cddd89918c8bfa040febed2c55a71b7e",
        "name": "71779661_p1_master1200.jpg",
        "size": {
            "height": 338,
            "width": 600
        }
    },
    "dataset": {
        "average_hash": "3c3e7e7e6e662424",
        "split": "train",
        "version": "v3"
    },
    "regions": [
        {
            "boundingBox": {
                "height": 154.91666666666666,
                "left": 172.5135623869801,
                "top": 136.24609375,
                "width": 251.71790235081374
            },
            "id": "yPTnHnmLd",
            "points": [
                {
                    "x": 172.5135623869801,
                    "y": 136.24609375
                },
                {
                    "x": 424.23146473779383,
                    "y": 136.24609375
                },
                {
                    "x": 424.23146473779383,
                    "y": 291.16276041666663
                },
                {
                    "x": 172.5135623869801,
                    "y": 291.16276041666663
                }
            ]
        }
    ]
}