{
    "asset": {
        "format": "jpg",
        "id": "2588a7056b605c993319c14de613da84",
        "name": "71770011_p0_master1200.jpg",
        "size": {
            "height": 676,
            "width": 600
        }
    },
    "dataset": {
        "average_hash": "cfe5717c160898ff",
        "split": "train",
        "version": "v2"
    },
    "regions": [
        {
            "boundingBox": {
                "height": 137.60003662109375,
                "left": 313.4000244140625,
                "top": 321,
                "width": 172.800048828125
            },
            "id": "JASwqnAES",
            "points": [
                {
                    "x": 313.4000244140625,
                    "y": 321
                },
                {
                    "x": 486.2000732421875,
                    "y": 321
                },
                {
                    "x": 486.2000732421875,
                    "y": 458.60003662109375
                },
                {
                    "x": 313.4000244140625,
                    "y": 458.60003662109375
                }
            ]
        }
    ]
}