{
    "asset": {
        "format": "jpg",
        "id": "14bd844790e0709835df09d19449d75d",
        "name": "71776365_p0_master1200.jpg",
        "size": {
            "height": 814,
            "width": 600
        }
    },
    "dataset": {
        "average_hash": "cfc3830183c3fff7",
        "split": "train",
        "version": "v2"
    },
    "regions": [
        {
            "boundingBox": {
                "height": 92,
                "left": 90.20001220703125,
                "top": 214,
                "width": 148.79998779296875
            },
            "id": "C36FDtSS_",
            "points": [
                {
                    "x": 90.20001220703125,
                    "y": 214
                },
                {
                    "x": 239,
                    "y": 214
                },
                {
                    "x": 239,
                    "y": 306
                },
                {
                    "x": 90.20001220703125,
                    "y": 306
                }
            ]
        },
        {
            "boundingBox": {
                "height": 94,
                "left": 332.5999755859375,
                "top": 306,
                "width": 130.4000244140625
            },
            "id": "KpLkeAXyX",
            "points": [
                {
                    "x": 332.5999755859375,
                    "y": 306
                },
                {
                    "x": 463,
                    "y": 306
                },
                {
                    "x": 463,
                    "y": 400
                },
                {
                    "x": 332.5999755859375,
                    "y": 400
                }
            ]
        }
    ]
}