{
    "asset": {
        "format": "jpg",
        "id": "671ff3f37c6a7635ac1f71c5b49166d1",
        "name": "71778431_p0_master1200.jpg",
        "size": {
            "height": 852,
            "width": 600
        }
    },
    "dataset": {
        "average_hash": "fff80462077d9f1c",
        "split": "train",
        "version": "v2"
    },
    "regions": [
        {
            "boundingBox": {
                "height": 159.20001220703125,
                "left": 7.79998779296875,
                "top": 573.7999877929688,
                "width": 198.4000244140625
            },
            "id": "7MdUB46Iu",
            "points": [
                {
                    "x": 7.79998779296875,
                    "y": 573.7999877929688
                },
                {
                    "x": 206.20001220703125,
                    "y": 573.7999877929688
                },
                {
                    "x": 206.20001220703125,
                    "y": 733
                },
                {
                    "x": 7.79998779296875,
                    "y": 733
                }
            ]
        },
        {
            "boundingBox": {
                "height": 230.39996337890625,
                "left": 348.5999755859375,
                "top": 558.6000366210938,
                "width": 251.4000244140625
            },
            "id": "XF598tugJ",
            "points": [
                {
                    "x": 348.5999755859375,
                    "y": 558.6000366210938
                },
                {
                    "x": 600,
                    "y": 558.6000366210938
                },
                {
                    "x": 600,
                    "y": 789
                },
                {
                    "x": 348.5999755859375,
                    "y": 789
                }
            ]
        }
    ]
}