{
    "asset": {
        "format": "jpg",
        "id": "a6027db7710d3994c2975f2f00359d5e",
        "name": "71770559_p0_master1200.jpg",
        "size": {
            "height": 688,
            "width": 600
        }
    },
    "dataset": {
        "average_hash": "82fafafef6180000",
        "split": "train",
        "version": "v2"
    },
    "regions": [
        {
            "boundingBox": {
                "height": 134.39996337890625,
                "left": 301.4000244140625,
                "top": 312.60003662109375,
                "width": 260.800048828125
            },
            "id": "QhMPiFoNX",
            "points": [
                {
                    "x": 301.4000244140625,
                    "y": 312.60003662109375
                },
                {
                    "x": 562.2000732421875,
                    "y": 312.60003662109375
                },
                {
                    "x": 562.2000732421875,
                    "y": 447
                },
                {
                    "x": 301.4000244140625,
                    "y": 447
                }
            ]
        }
    ]
}