{
    "asset": {
        "format": "jpg",
        "id": "decc3c7dcecdac274fb4f32dbd2457a9",
        "name": "71770040_p0_master1200.jpg",
        "size": {
            "height": 762,
            "width": 600
        }
    },
    "dataset": {
        "average_hash": "fe006927acfea9a4",
        "split": "test",
        "version": "v2"
    },
    "regions": [
        {
            "boundingBox": {
                "height": 207.20001220703125,
                "left": 219,
                "top": 388.79998779296875,
                "width": 266.4000244140625
            },
            "id": "f4nzkYnJs",
            "points": [
                {
                    "x": 219,
                    "y": 388.79998779296875
                },
                {
                    "x": 485.4000244140625,
                    "y": 388.79998779296875
                },
                {
                    "x": 485.4000244140625,
                    "y": 596
                },
                {
                    "x": 219,
                    "y": 596
                }
            ]
        }
    ]
}