{
    "asset": {
        "format": "jpg",
        "id": "5b1b831c4605430701dd8331e17c432e",
        "name": "71773753_p0_master1200.jpg",
        "size": {
            "height": 600,
            "width": 600
        }
    },
    "dataset": {
        "average_hash": "fcfe7c004010390b",
        "split": "train",
        "version": "v2"
    },
    "regions": [
        {
            "boundingBox": {
                "height": 62.4000244140625,
                "left": 211,
                "top": 231,
                "width": 89.5999755859375
            },
            "id": "j0UwuOtod",
            "points": [
                {
                    "x": 211,
                    "y": 231
                },
                {
                    "x": 300.5999755859375,
                    "y": 231
                },
                {
                    "x": 300.5999755859375,
                    "y": 293.4000244140625
                },
                {
                    "x": 211,
                    "y": 293.4000244140625
                }
            ]
        }
    ]
}