{
    "asset": {
        "format": "jpg",
        "id": "b5ac811fa554123591dd54bb49219327",
        "name": "71779661_p0_master1200.jpg",
        "size": {
            "height": 600,
            "width": 600
        }
    },
    "dataset": {
        "average_hash": "f7c38b8bc7e30303",
        "split": "train",
        "version": "v2"
    },
    "regions": [
        {
            "boundingBox": {
                "height": 295.39996337890625,
                "left": 251,
                "top": 304.60003662109375,
                "width": 190.4000244140625
            },
            "id": "qbnieQCTH",
            "points": [
                {
                    "x": 251,
                    "y": 304.60003662109375
                },
                {
                    "x": 441.4000244140625,
                    "y": 304.60003662109375
                },
                {
                    "x": 441.4000244140625,
                    "y": 600
                },
                {
                    "x": 251,
                    "y": 600
                }
            ]
        }
    ]
}