{
    "asset": {
        "format": "jpg",
        "id": "1f5a5682bf3301ae226a3ec2d8b5ce5b",
        "name": "71773353_p0_master1200.jpg",
        "size": {
            "height": 428,
            "width": 600
        }
    },
    "dataset": {
        "average_hash": "fcf29edecffe0000",
        "split": "train",
        "version": "v2"
    },
    "regions": [
        {
            "boundingBox": {
                "height": 90.4000244140625,
                "left": 415,
                "top": 180.20001220703125,
                "width": 157.5999755859375
            },
            "id": "ad_OqHTUV",
            "points": [
                {
                    "x": 415,
                    "y": 180.20001220703125
                },
                {
                    "x": 572.5999755859375,
                    "y": 180.20001220703125
                },
                {
                    "x": 572.5999755859375,
                    "y": 270.60003662109375
                },
                {
                    "x": 415,
                    "y": 270.60003662109375
                }
            ]
        }
    ]
}