{
    "asset": {
        "format": "jpg",
        "id": "be9c297959acd659c54c66fd1dcd413c",
        "name": "71770825_p0_master1200.jpg",
        "size": {
            "height": 461,
            "width": 600
        }
    },
    "dataset": {
        "average_hash": "ffa1e3e3d3c3c181",
        "split": "train",
        "version": "v2"
    },
    "regions": [
        {
            "boundingBox": {
                "height": 112.79998779296875,
                "left": 214.20001220703125,
                "top": 336.4000244140625,
                "width": 216.79998779296875
            },
            "id": "67Bf2LohK",
            "points": [
                {
                    "x": 214.20001220703125,
                    "y": 336.4000244140625
                },
                {
                    "x": 431,
                    "y": 336.4000244140625
                },
                {
                    "x": 431,
                    "y": 449.20001220703125
                },
                {
                    "x": 214.20001220703125,
                    "y": 449.20001220703125
                }
            ]
        }
    ]
}