{
    "asset": {
        "format": "jpg",
        "id": "7d793a64212f1059cec9514d927658c9",
        "name": "71776068_p0_master1200.jpg",
        "size": {
            "height": 848,
            "width": 600
        }
    },
    "dataset": {
        "average_hash": "ffebeb030010ec8c",
        "split": "train",
        "version": "v2"
    },
    "regions": [
        {
            "boundingBox": {
                "height": 156.80001831054688,
                "left": 216.60003662109375,
                "top": 331.8000183105469,
                "width": 256.79998779296875
            },
            "id": "tn_c5KwqA",
            "points": [
                {
                    "x": 216.60003662109375,
                    "y": 331.8000183105469
                },
                {
                    "x": 473.4000244140625,
                    "y": 331.8000183105469
                },
                {
                    "x": 473.4000244140625,
                    "y": 488.60003662109375
                },
                {
                    "x": 216.60003662109375,
                    "y": 488.60003662109375
                }
            ]
        }
    ]
}