{
    "asset": {
        "format": "jpg",
        "id": "a41886d725e514f3e569622dcbd3ec03",
        "name": "71775578_p0_master1200.jpg",
        "size": {
            "height": 600,
            "width": 600
        }
    },
    "dataset": {
        "average_hash": "2700301d1f3f76b8",
        "split": "train",
        "version": "v2"
    },
    "regions": [
        {
            "boundingBox": {
                "height": 98.4000244140625,
                "left": 212.60003662109375,
                "top": 222.20001220703125,
                "width": 167.20001220703125
            },
            "id": "F70FWxzqO",
            "points": [
                {
                    "x": 212.60003662109375,
                    "y": 222.20001220703125
                },
                {
                    "x": 379.800048828125,
                    "y": 222.20001220703125
                },
                {
                    "x": 379.800048828125,
                    "y": 320.60003662109375
                },
                {
                    "x": 212.60003662109375,
                    "y": 320.60003662109375
                }
            ]
        }
    ]
}