{
    "asset": {
        "format": "jpg",
        "id": "7ee4f8a851ea6ae0750b41a4a8fbd76d",
        "name": "71788025_p0_master1200.jpg",
        "size": {
            "height": 747,
            "width": 600
        }
    },
    "dataset": {
        "average_hash": "38e6eaf6fc984103",
        "split": "test",
        "version": "v2"
    },
    "regions": [
        {
            "boundingBox": {
                "height": 214.20001220703125,
                "left": 87.79998779296875,
                "top": 405.79998779296875,
                "width": 168.20001220703125
            },
            "id": "ZwEfaM5xk",
            "points": [
                {
                    "x": 87.79998779296875,
                    "y": 405.79998779296875
                },
                {
                    "x": 256,
                    "y": 405.79998779296875
                },
                {
                    "x": 256,
                    "y": 620
                },
                {
                    "x": 87.79998779296875,
                    "y": 620
                }
            ]
        }
    ]
}