{
    "asset": {
        "format": "jpg",
        "id": "1a48af0faa0bafcc1d9ba4b7b332f14a",
        "name": "71785958_p0_master1200.jpg",
        "size": {
            "height": 650,
            "width": 600
        }
    },
    "dataset": {
        "average_hash": "ff1f1f1f93818b8f",
        "split": "train",
        "version": "v2"
    },
    "regions": [
        {
            "boundingBox": {
                "height": 88,
                "left": 75.79998779296875,
                "top": 293.60003662109375,
                "width": 148.800048828125
            },
            "id": "nuYjGhw_d",
            "points": [
                {
                    "x": 75.79998779296875,
                    "y": 293.60003662109375
                },
                {
                    "x": 224.60003662109375,
                    "y": 293.60003662109375
                },
                {
                    "x": 224.60003662109375,
                    "y": 381.60003662109375
                },
                {
                    "x": 75.79998779296875,
                    "y": 381.60003662109375
                }
            ]
        }
    ]
}