{
    "asset": {
        "format": "jpg",
        "id": "d912da6cf8189cf17044c7b388e60357",
        "name": "71783566_p0_master1200.jpg",
        "size": {
            "height": 847,
            "width": 600
        }
    },
    "dataset": {
        "average_hash": "feffd7addd08031f",
        "split": "train",
        "version": "v2"
    },
    "regions": [
        {
            "boundingBox": {
                "height": 148.97587430336233,
                "left": 134.64996337890625,
                "top": 372.03928016319907,
                "width": 299.2000732421875
            },
            "id": "kfXOae9xY",
            "points": [
                {
                    "x": 134.64996337890625,
                    "y": 372.03928016319907
                },
                {
                    "x": 433.85003662109375,
                    "y": 372.03928016319907
                },
                {
                    "x": 433.85003662109375,
                    "y": 521.0151544665614
                },
                {
                    "x": 134.64996337890625,
                    "y": 521.0151544665614
                }
            ]
        }
    ]
}