{
    "asset": {
        "format": "jpg",
        "id": "9e979ccd6b81e487002af270e05a0a9a",
        "name": "71780812_p0_master1200.jpg",
        "size": {
            "height": 750,
            "width": 600
        }
    },
    "dataset": {
        "average_hash": "bdbd0d018181df7e",
        "split": "train",
        "version": "v2"
    },
    "regions": [
        {
            "boundingBox": {
                "height": 79.19998168945312,
                "left": 189,
                "top": 259.6000061035156,
                "width": 138.800048828125
            },
            "id": "fxa6wUj40",
            "points": [
                {
                    "x": 189,
                    "y": 259.6000061035156
                },
                {
                    "x": 327.800048828125,
                    "y": 259.6000061035156
                },
                {
                    "x": 327.800048828125,
                    "y": 338.79998779296875
                },
                {
                    "x": 189,
                    "y": 338.79998779296875
                }
            ]
        }
    ]
}