{
    "asset": {
        "format": "jpg",
        "id": "b86af29d7f35afec9fe549007fbdec8d",
        "name": "71787360_p0_master1200.jpg",
        "size": {
            "height": 400,
            "width": 600
        }
    },
    "dataset": {
        "average_hash": "1f1f3f330303038b",
        "split": "train",
        "version": "v2"
    },
    "regions": [
        {
            "boundingBox": {
                "height": 104.79998779296875,
                "left": 131.60003662109375,
                "top": 195.60003662109375,
                "width": 197.60003662109375
            },
            "id": "nc4jUzrls",
            "points": [
                {
                    "x": 131.60003662109375,
                    "y": 195.60003662109375
                },
                {
                    "x": 329.2000732421875,
                    "y": 195.60003662109375
                },
                {
                    "x": 329.2000732421875,
                    "y": 300.4000244140625
                },
                {
                    "x": 131.60003662109375,
                    "y": 300.4000244140625
                }
            ]
        }
    ]
}