{
    "asset": {
        "format": "jpg",
        "id": "15445fe73348c3255dc2e749760adc31",
        "name": "71785496_p0_master1200.jpg",
        "size": {
            "height": 660,
            "width": 600
        }
    },
    "dataset": {
        "average_hash": "ffefc3c9c9c1c1c0",
        "split": "train",
        "version": "v2"
    },
    "regions": [
        {
            "boundingBox": {
                "height": 104,
                "left": 189.4000244140625,
                "top": 550.6000366210938,
                "width": 276
            },
            "id": "4VWYntebO",
            "points": [
                {
                    "x": 189.4000244140625,
                    "y": 550.6000366210938
                },
                {
                    "x": 465.4000244140625,
                    "y": 550.6000366210938
                },
                {
                    "x": 465.4000244140625,
                    "y": 654.6000366210938
                },
                {
                    "x": 189.4000244140625,
                    "y": 654.6000366210938
                }
            ]
        }
    ]
}