{
    "asset": {
        "format": "jpg",
        "id": "88dde08ba9002870d75bef4a17f69a2d",
        "name": "71781852_p0_master1200.jpg",
        "size": {
            "height": 600,
            "width": 600
        }
    },
    "dataset": {
        "average_hash": "1c1cbc3c3c1c9ef7",
        "split": "train",
        "version": "v2"
    },
    "regions": [
        {
            "boundingBox": {
                "height": 182.4000244140625,
                "left": 115,
                "top": 358.20001220703125,
                "width": 267.2000732421875
            },
            "id": "todh6g0u7",
            "points": [
                {
                    "x": 115,
                    "y": 358.20001220703125
                },
                {
                    "x": 382.2000732421875,
                    "y": 358.20001220703125
                },
                {
                    "x": 382.2000732421875,
                    "y": 540.6000366210938
                },
                {
                    "x": 115,
                    "y": 540.6000366210938
                }
            ]
        }
    ]
}