{
    "asset": {
        "format": "jpg",
        "id": "b52a951e95e5b2eea17269d89cca18e8",
        "name": "71787360_p1_master1200.jpg",
        "size": {
            "height": 400,
            "width": 600
        }
    },
    "dataset": {
        "average_hash": "0f1f1f171f0f0303",
        "split": "train",
        "version": "v3"
    },
    "regions": [
        {
            "boundingBox": {
                "height": 71.54471544715446,
                "left": 103.07414104882459,
                "top": 220.42682926829266,
                "width": 145.3887884267631
            },
            "id": "u2VCDCv2E",
            "points": [
                {
                    "x": 103.07414104882459,
                    "y": 220.42682926829266
                },
                {
                    "x": 248.46292947558769,
                    "y": 220.42682926829266
                },
                {
                    "x": 248.46292947558769,
                    "y": 291.9715447154471
                },
                {
                    "x": 103.07414104882459,
                    "y": 291.9715447154471
                }
            ]
        }
    ]
}