{
    "asset": {
        "format": "jpg",
        "id": "686a9fd1e27ceb58c20974e06d8ef0a7",
        "name": "71787757_p0_master1200.jpg",
        "size": {
            "height": 738,
            "width": 600
        }
    },
    "dataset": {
        "average_hash": "44661a3c7e7c044c",
        "split": "train",
        "version": "v2"
    },
    "regions": [
        {
            "boundingBox": {
                "height": 130.39999389648438,
                "left": 248.60003662109375,
                "top": 266.3999938964844,
                "width": 235.99993896484375
            },
            "id": "MPFnDnyw5",
            "points": [
                {
                    "x": 248.60003662109375,
                    "y": 266.3999938964844
                },
                {
                    "x": 484.5999755859375,
                    "y": 266.3999938964844
                },
                {
                    "x": 484.5999755859375,
                    "y": 396.79998779296875
                },
                {
                    "x": 248.60003662109375,
                    "y": 396.79998779296875
                }
            ]
        }
    ]
}