{
    "asset": {
        "format": "jpg",
        "id": "ef438dd01daf44b846705c09abd553a5",
        "name": "71788025_p1_master1200.jpg",
        "size": {
            "height": 738,
            "width": 600
        }
    },
    "dataset": {
        "average_hash": "0f0b241c7e3e787f",
        "split": "test",
        "version": "v3"
    },
    "regions": [
        {
            "boundingBox": {
                "height": 171.05960264900662,
                "left": 316.5351323828921,
                "top": 410.5430463576159,
                "width": 240.73319755600815
            },
            "id": "FqoAJBmWm",
            "points": [
                {
                    "x": 316.5351323828921,
                    "y": 410.5430463576159
                },
                {
                    "x": 557.2683299389003,
                    "y": 410.5430463576159
                },
                {
                    "x": 557.2683299389003,
                    "y": 581.6026490066225
                },
                {
                    "x": 316.5351323828921,
                    "y": 581.6026490066225
                }
            ]
        },
        {
            "boundingBox": {
                "height": 129.5165562913907,
                "left": 0,
                "top": 392.2152317880794,
                "width": 227.3294297352343
            },
            "id": "X-EnfIGcE",
            "points": [
                {
                    "x": 0,
                    "y": 392.2152317880794
                },
                {
                    "x": 227.3294297352343,
                    "y": 392.2152317880794
                },
                {
                    "x": 227.3294297352343,
                    "y": 521.7317880794701
                },
                {
                    "x": 0,
                    "y": 521.7317880794701
                }
            ]
        }
    ]
}