{
    "asset": {
        "format": "jpg",
        "id": "df3bd6853ef8ae9eab4168780136ffe2",
        "name": "71799091_p0_master1200.jpg",
        "size": {
            "height": 439,
            "width": 600
        }
    },
    "dataset": {
        "average_hash": "208c07d9d9e0c139",
        "split": "test",
        "version": "v2"
    },
    "regions": [
        {
            "boundingBox": {
                "height": 202.86206375191747,
                "left": 0,
                "top": 236.13793624808258,
                "width": 312.1656130787521
            },
            "id": "UnFATT7xN",
            "points": [
                {
                    "x": 0,
                    "y": 236.13793624808258
                },
                {
                    "x": 312.1656130787521,
                    "y": 236.13793624808258
                },
                {
                    "x": 312.1656130787521,
                    "y": 439.00000000000006
                },
                {
                    "x": 0,
                    "y": 439.00000000000006
                }
            ]
        }
    ]
}