{
    "asset": {
        "format": "jpg",
        "id": "ee22478837b2993db53e2bc9728bbe72",
        "name": "71797583_p0_master1200.jpg",
        "size": {
            "height": 338,
            "width": 600
        }
    },
    "dataset": {
        "average_hash": "f8e0ede4fcffc081",
        "split": "train",
        "version": "v2"
    },
    "regions": [
        {
            "boundingBox": {
                "height": 41.79998779296875,
                "left": 257.79998779296875,
                "top": 102.20001220703125,
                "width": 81.60003662109375
            },
            "id": "YfATIjbjO",
            "points": [
                {
                    "x": 257.79998779296875,
                    "y": 102.20001220703125
                },
                {
                    "x": 339.4000244140625,
                    "y": 102.20001220703125
                },
                {
                    "x": 339.4000244140625,
                    "y": 144
                },
                {
                    "x": 257.79998779296875,
                    "y": 144
                }
            ]
        }
    ]
}