{
    "asset": {
        "format": "jpg",
        "id": "311d88e5f8e06f9dfb522dfa2e218b43",
        "name": "71797583_p2_master1200.jpg",
        "size": {
            "height": 900,
            "width": 600
        }
    },
    "dataset": {
        "average_hash": "bfc9d9e7e7c38383",
        "split": "train",
        "version": "v3"
    },
    "regions": [
        {
            "boundingBox": {
                "height": 144.53642384105962,
                "left": 139.71774193548387,
                "top": 435.0993377483444,
                "width": 293.30024813895784
            },
            "id": "zZJ4N_RbC",
            "points": [
                {
                    "x": 139.71774193548387,
                    "y": 435.0993377483444
                },
                {
                    "x": 433.0179900744417,
                    "y": 435.0993377483444
                },
                {
                    "x": 433.0179900744417,
                    "y": 579.635761589404
                },
                {
                    "x": 139.71774193548387,
                    "y": 579.635761589404
                }
            ]
        }
    ]
}