{
    "asset": {
        "format": "jpg",
        "id": "b1e02d858399ef37724c20fe8f5f0bef",
        "name": "71798454_p3_master1200.jpg",
        "size": {
            "height": 800,
            "width": 600
        }
    },
    "dataset": {
        "average_hash": "0cffbfffef400100",
        "split": "train",
        "version": "v3"
    },
    "regions": [
        {
            "boundingBox": {
                "height": 123.17880794701988,
                "left": 165.56291390728478,
                "top": 460.9271523178808,
                "width": 246.35761589403975
            },
            "id": "nqVLXFATC",
            "points": [
                {
                    "x": 165.56291390728478,
                    "y": 460.9271523178808
                },
                {
                    "x": 411.92052980132456,
                    "y": 460.9271523178808
                },
                {
                    "x": 411.92052980132456,
                    "y": 584.1059602649007
                },
                {
                    "x": 165.56291390728478,
                    "y": 584.1059602649007
                }
            ]
        }
    ]
}