{
    "asset": {
        "format": "jpg",
        "id": "f5cc70c729c744a045b7bb705fe4a1f0",
        "name": "71794481_p0_master1200.jpg",
        "size": {
            "height": 600,
            "width": 600
        }
    },
    "dataset": {
        "average_hash": "97838119013fdfdf",
        "split": "train",
        "version": "v2"
    },
    "regions": [
        {
            "boundingBox": {
                "height": 119.199951171875,
                "left": 135.79998779296875,
                "top": 428.60003662109375,
                "width": 120.800048828125
            },
            "id": "UtbYdbz7u",
            "points": [
                {
                    "x": 135.79998779296875,
                    "y": 428.60003662109375
                },
                {
                    "x": 256.60003662109375,
                    "y": 428.60003662109375
                },
                {
                    "x": 256.60003662109375,
                    "y": 547.7999877929688
                },
                {
                    "x": 135.79998779296875,
                    "y": 547.7999877929688
                }
            ]
        },
        {
            "boundingBox": {
                "height": 142.4000244140625,
                "left": 263.79998779296875,
                "top": 419.79998779296875,
                "width": 211.20001220703125
            },
            "id": "bJZsM6C77",
            "points": [
                {
                    "x": 263.79998779296875,
                    "y": 419.79998779296875
                },
                {
                    "x": 475,
                    "y": 419.79998779296875
                },
                {
                    "x": 475,
                    "y": 562.2000122070312
                },
                {
                    "x": 263.79998779296875,
                    "y": 562.2000122070312
                }
            ]
        }
    ]
}