{
    "asset": {
        "format": "jpg",
        "id": "2322665670cafc1320bf18128afd4e82",
        "name": "71794861_p0_master1200.jpg",
        "size": {
            "height": 822,
            "width": 600
        }
    },
    "dataset": {
        "average_hash": "ffc78793938fc3c3",
        "split": "train",
        "version": "v2"
    },
    "regions": [
        {
            "boundingBox": {
                "height": 191.20001220703125,
                "left": 150.20001220703125,
                "top": 474,
                "width": 332.00006103515625
            },
            "id": "9Bi71qnQk",
            "points": [
                {
                    "x": 150.20001220703125,
                    "y": 474
                },
                {
                    "x": 482.2000732421875,
                    "y": 474
                },
                {
                    "x": 482.2000732421875,
                    "y": 665.2000122070312
                },
                {
                    "x": 150.20001220703125,
                    "y": 665.2000122070312
                }
            ]
        }
    ]
}