{
    "asset": {
        "format": "jpg",
        "id": "e5293eceecac060288e319c290b15244",
        "name": "71798453_p0_master1200.jpg",
        "size": {
            "height": 863,
            "width": 600
        }
    },
    "dataset": {
        "average_hash": "fff7cbe3a53d0181",
        "split": "train",
        "version": "v2"
    },
    "regions": [
        {
            "boundingBox": {
                "height": 237.87561360865902,
                "left": 33.86248779296875,
                "top": 509.79073147873316,
                "width": 436.00006103515625
            },
            "id": "KUSqrEunD",
            "points": [
                {
                    "x": 33.86248779296875,
                    "y": 509.79073147873316
                },
                {
                    "x": 469.862548828125,
                    "y": 509.79073147873316
                },
                {
                    "x": 469.862548828125,
                    "y": 747.6663450873922
                },
                {
                    "x": 33.86248779296875,
                    "y": 747.6663450873922
                }
            ]
        }
    ]
}