{
    "asset": {
        "format": "jpg",
        "id": "97af1164903744bd081ac73816aadc8f",
        "name": "71795630_p0_master1200.jpg",
        "size": {
            "height": 888,
            "width": 600
        }
    },
    "dataset": {
        "average_hash": "d3f3fbe7c2008000",
        "split": "train",
        "version": "v2"
    },
    "regions": [
        {
            "boundingBox": {
                "height": 117.60000610351562,
                "left": 175,
                "top": 305.3999938964844,
                "width": 193.5999755859375
            },
            "id": "TBMNxPkgI",
            "points": [
                {
                    "x": 175,
                    "y": 305.3999938964844
                },
                {
                    "x": 368.5999755859375,
                    "y": 305.3999938964844
                },
                {
                    "x": 368.5999755859375,
                    "y": 423
                },
                {
                    "x": 175,
                    "y": 423
                }
            ]
        }
    ]
}