{
    "asset": {
        "format": "jpg",
        "id": "78c45cd3c7e849058c7c1efc713ec8d4",
        "name": "71794296_p0_master1200.jpg",
        "size": {
            "height": 864,
            "width": 600
        }
    },
    "dataset": {
        "average_hash": "df8f0f9f810f1800",
        "split": "test",
        "version": "v2"
    },
    "regions": [
        {
            "boundingBox": {
                "height": 294.20001220703125,
                "left": 159.20001220703125,
                "top": 510.79998779296875,
                "width": 440.79998779296875
            },
            "id": "P7ijjacm-",
            "points": [
                {
                    "x": 159.20001220703125,
                    "y": 510.79998779296875
                },
                {
                    "x": 600,
                    "y": 510.79998779296875
                },
                {
                    "x": 600,
                    "y": 805
                },
                {
                    "x": 159.20001220703125,
                    "y": 805
                }
            ]
        }
    ]
}