{
    "asset": {
        "format": "jpg",
        "id": "edbe60f65b5e6dffb2ae543bd808f325",
        "name": "71798261_p0_master1200.jpg",
        "size": {
            "height": 848,
            "width": 600
        }
    },
    "dataset": {
        "average_hash": "c38181818331fdff",
        "split": "test",
        "version": "v2"
    },
    "regions": [
        {
            "boundingBox": {
                "height": 163.199951171875,
                "left": 116.60003662109375,
                "top": 372.60003662109375,
                "width": 164
            },
            "id": "Xp-Sg7Eph",
            "points": [
                {
                    "x": 116.60003662109375,
                    "y": 372.60003662109375
                },
                {
                    "x": 280.60003662109375,
                    "y": 372.60003662109375
                },
                {
                    "x": 280.60003662109375,
                    "y": 535.7999877929688
                },
                {
                    "x": 116.60003662109375,
                    "y": 535.7999877929688
                }
            ]
        }
    ]
}