{
    "asset": {
        "format": "jpg",
        "id": "9dda54e7298c0e0a13b4bb8ec641a048",
        "name": "71798454_p2_master1200.jpg",
        "size": {
            "height": 800,
            "width": 600
        }
    },
    "dataset": {
        "average_hash": "fffeff1818000000",
        "split": "train",
        "version": "v3"
    },
    "regions": [
        {
            "boundingBox": {
                "height": 227.8145695364238,
                "left": 0,
                "top": 561.58940397351,
                "width": 451.65562913907286
            },
            "id": "bCUzLA77L",
            "points": [
                {
                    "x": 0,
                    "y": 561.58940397351
                },
                {
                    "x": 451.65562913907286,
                    "y": 561.58940397351
                },
                {
                    "x": 451.65562913907286,
                    "y": 789.4039735099338
                },
                {
                    "x": 0,
                    "y": 789.4039735099338
                }
            ]
        }
    ]
}