{
    "asset": {
        "format": "jpg",
        "id": "1a21bbbf4b4716c67b12c818129de136",
        "name": "71798417_p0_master1200.jpg",
        "size": {
            "height": 750,
            "width": 600
        }
    },
    "dataset": {
        "average_hash": "20a0f1e3e1fefaf0",
        "split": "test",
        "version": "v2"
    },
    "regions": [
        {
            "boundingBox": {
                "height": 92,
                "left": 259.79998779296875,
                "top": 186,
                "width": 164.79998779296875
            },
            "id": "VsKeoB1y9",
            "points": [
                {
                    "x": 259.79998779296875,
                    "y": 186
                },
                {
                    "x": 424.5999755859375,
                    "y": 186
                },
                {
                    "x": 424.5999755859375,
                    "y": 278
                },
                {
                    "x": 259.79998779296875,
                    "y": 278
                }
            ]
        }
    ]
}