{
    "asset": {
        "format": "jpg",
        "id": "1c8aa69b84b1d9d1ace7c00490bca596",
        "name": "71794254_p0_master1200.jpg",
        "size": {
            "height": 800,
            "width": 600
        }
    },
    "dataset": {
        "average_hash": "ffffffe3e3c7878f",
        "split": "train",
        "version": "v2"
    },
    "regions": [
        {
            "boundingBox": {
                "height": 189.5999755859375,
                "left": 73.4000244140625,
                "top": 533.4000244140625,
                "width": 231.199951171875
            },
            "id": "CqgyA9974",
            "points": [
                {
                    "x": 73.4000244140625,
                    "y": 533.4000244140625
                },
                {
                    "x": 304.5999755859375,
                    "y": 533.4000244140625
                },
                {
                    "x": 304.5999755859375,
                    "y": 723
                },
                {
                    "x": 73.4000244140625,
                    "y": 723
                }
            ]
        }
    ]
}