{
    "asset": {
        "format": "jpg",
        "id": "b52944e9b53059758d59a64a2f5fff7f",
        "name": "71797583_p1_master1200.jpg",
        "size": {
            "height": 1118,
            "width": 600
        }
    },
    "dataset": {
        "average_hash": "c381c3c3c3ffffff",
        "split": "train",
        "version": "v3"
    },
    "regions": [
        {
            "boundingBox": {
                "height": 111.05960264900662,
                "left": 201.07060185185185,
                "top": 323.92384105960264,
                "width": 211.11111111111111
            },
            "id": "zjuOKY_i5",
            "points": [
                {
                    "x": 201.07060185185185,
                    "y": 323.92384105960264
                },
                {
                    "x": 412.181712962963,
                    "y": 323.92384105960264
                },
                {
                    "x": 412.181712962963,
                    "y": 434.9834437086093
                },
                {
                    "x": 201.07060185185185,
                    "y": 434.9834437086093
                }
            ]
        }
    ]
}