{
    "asset": {
        "format": "jpg",
        "id": "4434a75d4c7e0f4eb1cafb6c52d4fae0",
        "name": "71798454_p4_master1200.jpg",
        "size": {
            "height": 800,
            "width": 600
        }
    },
    "dataset": {
        "average_hash": "ffffffd899c14000",
        "split": "train",
        "version": "v3"
    },
    "regions": [
        {
            "boundingBox": {
                "height": 173.50993377483445,
                "left": 0,
                "top": 626.4900662251656,
                "width": 508.60927152317885
            },
            "id": "ddG1Tsz-m",
            "points": [
                {
                    "x": 0,
                    "y": 626.4900662251656
                },
                {
                    "x": 508.60927152317885,
                    "y": 626.4900662251656
                },
                {
                    "x": 508.60927152317885,
                    "y": 800.0000000000001
                },
                {
                    "x": 0,
                    "y": 800.0000000000001
                }
            ]
        }
    ]
}