{
    "asset": {
        "format": "jpg",
        "id": "8ea88178182083fa80b261a9b78f3f5e",
        "name": "71796915_p0_master1200.jpg",
        "size": {
            "height": 847,
            "width": 600
        }
    },
    "dataset": {
        "average_hash": "fffbc487c4121199",
        "split": "train",
        "version": "v2"
    },
    "regions": [
        {
            "boundingBox": {
                "height": 93.71067496225344,
                "left": 247.449951171875,
                "top": 314.371158392435,
                "width": 156.00006103515625
            },
            "id": "oh9BM8xoa",
            "points": [
                {
                    "x": 247.449951171875,
                    "y": 314.371158392435
                },
                {
                    "x": 403.45001220703125,
                    "y": 314.371158392435
                },
                {
                    "x": 403.45001220703125,
                    "y": 408.08183335468846
                },
                {
                    "x": 247.449951171875,
                    "y": 408.08183335468846
                }
            ]
        }
    ]
}