{
    "asset": {
        "format": "jpg",
        "id": "5a100e9150d2dd300aa5b6b3b5fd0fee",
        "name": "71799039_p0_master1200.jpg",
        "size": {
            "height": 848,
            "width": 600
        }
    },
    "dataset": {
        "average_hash": "fefae4e460603030",
        "split": "train",
        "version": "v2"
    },
    "regions": [
        {
            "boundingBox": {
                "height": 116,
                "left": 327.800048828125,
                "top": 255,
                "width": 180
            },
            "id": "l8FG0IK6p",
            "points": [
                {
                    "x": 327.800048828125,
                    "y": 255
                },
                {
                    "x": 507.800048828125,
                    "y": 255
                },
                {
                    "x": 507.800048828125,
                    "y": 371
                },
                {
                    "x": 327.800048828125,
                    "y": 371
                }
            ]
        }
    ]
}