{
    "asset": {
        "format": "jpg",
        "id": "209408e3b9f77e611f20f4b4e99de122",
        "name": "71794861_p1_master1200.jpg",
        "size": {
            "height": 800,
            "width": 600
        }
    },
    "dataset": {
        "average_hash": "ffc78393cbcfc1cb",
        "split": "train",
        "version": "v3"
    },
    "regions": [
        {
            "boundingBox": {
                "height": 148.34437086092717,
                "left": 247.68211920529802,
                "top": 479.4701986754967,
                "width": 247.68211920529802
            },
            "id": "_NLooNo_V",
            "points": [
                {
                    "x": 247.68211920529802,
                    "y": 479.4701986754967
                },
                {
                    "x": 495.36423841059604,
                    "y": 479.4701986754967
                },
                {
                    "x": 495.36423841059604,
                    "y": 627.8145695364238
                },
                {
                    "x": 247.68211920529802,
                    "y": 627.8145695364238
                }
            ]
        }
    ]
}