{
    "asset": {
        "format": "jpg",
        "id": "87aa886a9b392ad121b7f8f11bbaac2d",
        "name": "71798454_p0_master1200.jpg",
        "size": {
            "height": 800,
            "width": 600
        }
    },
    "dataset": {
        "average_hash": "ffff9fbbb1370800",
        "split": "train",
        "version": "v2"
    },
    "regions": [
        {
            "boundingBox": {
                "height": 233.20001220703125,
                "left": 8.60003662109375,
                "top": 551.7999877929688,
                "width": 445.39996337890625
            },
            "id": "APLdePv-Y",
            "points": [
                {
                    "x": 8.60003662109375,
                    "y": 551.7999877929688
                },
                {
                    "x": 454,
                    "y": 551.7999877929688
                },
                {
                    "x": 454,
                    "y": 785
                },
                {
                    "x": 8.60003662109375,
                    "y": 785
                }
            ]
        }
    ]
}