{
    "asset": {
        "format": "jpg",
        "id": "d8940e8c795fd6c11087bba701fbd5ae",
        "name": "71799091_p1_master1200.jpg",
        "size": {
            "height": 675,
            "width": 600
        }
    },
    "dataset": {
        "average_hash": "8485bdfb0f004f1f",
        "split": "test",
        "version": "v3"
    },
    "regions": [
        {
            "boundingBox": {
                "height": 205.62913907284772,
                "left": 135.14315642458098,
                "top": 216.8046357615894,
                "width": 259.270251396648
            },
            "id": "fMwgaR1Jv",
            "points": [
                {
                    "x": 135.14315642458098,
                    "y": 216.8046357615894
                },
                {
                    "x": 394.41340782122904,
                    "y": 216.8046357615894
                },
                {
                    "x": 394.41340782122904,
                    "y": 422.4337748344371
                },
                {
                    "x": 135.14315642458098,
                    "y": 422.4337748344371
                }
            ]
        }
    ]
}