{
    "asset": {
        "format": "jpg",
        "id": "d81679048779c2706ada45c1607ffc9a",
        "name": "71795788_p0_master1200.jpg",
        "size": {
            "height": 340,
            "width": 420
        }
    },
    "dataset": {
        "average_hash": "c1c3c3db1b3f3de3",
        "split": "train",
        "version": "v2"
    },
    "regions": [
        {
            "boundingBox": {
                "height": 88.79998779296875,
                "left": 123.4000244140625,
                "top": 243.4000244140625,
                "width": 194.4000244140625
            },
            "id": "cMTroeWdB",
            "points": [
                {
                    "x": 123.4000244140625,
                    "y": 243.4000244140625
                },
                {
                    "x": 317.800048828125,
                    "y": 243.4000244140625
                },
                {
                    "x": 317.800048828125,
                    "y": 332.20001220703125
                },
                {
                    "x": 123.4000244140625,
                    "y": 332.20001220703125
                }
            ]
        }
    ]
}