{
    "asset": {
        "format": "jpg",
        "id": "8e9e807e33df4e422d795e800edfc081",
        "name": "71798417_p1_master1200.jpg",
        "size": {
            "height": 750,
            "width": 600
        }
    },
    "dataset": {
        "average_hash": "c4c2c7c7e7e7ffc3",
        "split": "test",
        "version": "v3"
    },
    "regions": [
        {
            "boundingBox": {
                "height": 136.58940397350995,
                "left": 172.80667701863354,
                "top": 394.8675496688742,
                "width": 255.9006211180124
            },
            "id": "Ifm3PTsUu",
            "points": [
                {
                    "x": 172.80667701863354,
                    "y": 394.8675496688742
                },
                {
                    "x": 428.70729813664593,
                    "y": 394.8675496688742
                },
                {
                    "x": 428.70729813664593,
                    "y": 531.4569536423841
                },
                {
                    "x": 172.80667701863354,
                    "y": 531.4569536423841
                }
            ]
        }
    ]
}