{
    "asset": {
        "format": "jpg",
        "id": "36d917e6fb8f1e6ddc7de2d8af0357d1",
        "name": "71809689_p1_master1200.jpg",
        "size": {
            "height": 600,
            "width": 600
        }
    },
    "dataset": {
        "average_hash": "e1e0e9c9c99f8981",
        "split": "test",
        "version": "v3"
    },
    "regions": [
        {
            "boundingBox": {
                "height": 120.43399638336346,
                "left": 138.87884267631102,
                "top": 438.878842676311,
                "width": 274.502712477396
            },
            "id": "akDkpJfQ4",
            "points": [
                {
                    "x": 138.87884267631102,
                    "y": 438.878842676311
                },
                {
                    "x": 413.38155515370704,
                    "y": 438.878842676311
                },
                {
                    "x": 413.38155515370704,
                    "y": 559.3128390596745
                },
                {
                    "x": 138.87884267631102,
                    "y": 559.3128390596745
                }
            ]
        }
    ]
}