{
    "asset": {
        "format": "jpg",
        "id": "d3f5b867ed01baf39a367e0421d14978",
        "name": "71809689_p2_master1200.jpg",
        "size": {
            "height": 600,
            "width": 600
        }
    },
    "dataset": {
        "average_hash": "fff7e7ede1c98180",
        "split": "test",
        "version": "v3"
    },
    "regions": [
        {
            "boundingBox": {
                "height": 130.19891500904157,
                "left": 173.59855334538878,
                "top": 468.17359855334536,
                "width": 274.502712477396
            },
            "id": "jkAFP5yMi",
            "points": [
                {
                    "x": 173.59855334538878,
                    "y": 468.17359855334536
                },
                {
                    "x": 448.1012658227848,
                    "y": 468.17359855334536
                },
                {
                    "x": 448.1012658227848,
                    "y": 598.372513562387
                },
                {
                    "x": 173.59855334538878,
                    "y": 598.372513562387
                }
            ]
        }
    ]
}