{
    "asset": {
        "format": "jpg",
        "id": "831349fa7d31c488f84567d19d36831e",
        "name": "71809689_p7_master1200.jpg",
        "size": {
            "height": 600,
            "width": 600
        }
    },
    "dataset": {
        "average_hash": "c101c9e9e1afbf9e",
        "split": "test",
        "version": "v3"
    },
    "regions": [
        {
            "boundingBox": {
                "height": 135.623869801085,
                "left": 136.70886075949366,
                "top": 460.5786618444846,
                "width": 322.2423146473779
            },
            "id": "U4BJeWyRq",
            "points": [
                {
                    "x": 136.70886075949366,
                    "y": 460.5786618444846
                },
                {
                    "x": 458.9511754068716,
                    "y": 460.5786618444846
                },
                {
                    "x": 458.9511754068716,
                    "y": 596.2025316455696
                },
                {
                    "x": 136.70886075949366,
                    "y": 596.2025316455696
                }
            ]
        }
    ]
}