{
    "asset": {
        "format": "jpg",
        "id": "b402c4649508700eaf235d62b3b076ce",
        "name": "71809689_p14_master1200.jpg",
        "size": {
            "height": 600,
            "width": 600
        }
    },
    "dataset": {
        "average_hash": "fff3ebc9c9998181",
        "split": "test",
        "version": "v3"
    },
    "regions": [
        {
            "boundingBox": {
                "height": 106.32911392405063,
                "left": 154.06871609403254,
                "top": 431.28390596745027,
                "width": 308.1374321880651
            },
            "id": "Guyqi9i8h",
            "points": [
                {
                    "x": 154.06871609403254,
                    "y": 431.28390596745027
                },
                {
                    "x": 462.2061482820976,
                    "y": 431.28390596745027
                },
                {
                    "x": 462.2061482820976,
                    "y": 537.6130198915009
                },
                {
                    "x": 154.06871609403254,
                    "y": 537.6130198915009
                }
            ]
        }
    ]
}