{
    "asset": {
        "format": "jpg",
        "id": "24920c2e501af39f9629602c53c19efa",
        "name": "71804644_p0_master1200.jpg",
        "size": {
            "height": 804,
            "width": 600
        }
    },
    "dataset": {
        "average_hash": "fd3e1c1c48181010",
        "split": "train",
        "version": "v2"
    },
    "regions": [
        {
            "boundingBox": {
                "height": 191.20001220703125,
                "left": 121.4000244140625,
                "top": 489,
                "width": 329.5999755859375
            },
            "id": "SM6MO7Eeb",
            "points": [
                {
                    "x": 121.4000244140625,
                    "y": 489
                },
                {
                    "x": 451,
                    "y": 489
                },
                {
                    "x": 451,
                    "y": 680.2000122070312
                },
                {
                    "x": 121.4000244140625,
                    "y": 680.2000122070312
                }
            ]
        }
    ]
}