{
    "asset": {
        "format": "jpg",
        "id": "4fa288614307b5af30ecdbf0e80f827f",
        "name": "71809689_p3_master1200.jpg",
        "size": {
            "height": 600,
            "width": 600
        }
    },
    "dataset": {
        "average_hash": "8797b393e5fd3901",
        "split": "test",
        "version": "v3"
    },
    "regions": [
        {
            "boundingBox": {
                "height": 183.3634719710669,
                "left": 73.77938517179024,
                "top": 368.3544303797468,
                "width": 295.11754068716095
            },
            "id": "CcXMcdJRP",
            "points": [
                {
                    "x": 73.77938517179024,
                    "y": 368.3544303797468
                },
                {
                    "x": 368.89692585895114,
                    "y": 368.3544303797468
                },
                {
                    "x": 368.89692585895114,
                    "y": 551.7179023508137
                },
                {
                    "x": 73.77938517179024,
                    "y": 551.7179023508137
                }
            ]
        }
    ]
}