{
    "asset": {
        "format": "jpg",
        "id": "161ad5c1e426fd74bafe74d5fdf6b4ea",
        "name": "71809689_p5_master1200.jpg",
        "size": {
            "height": 600,
            "width": 600
        }
    },
    "dataset": {
        "average_hash": "c3c3c5fff7060c1c",
        "split": "test",
        "version": "v3"
    },
    "regions": [
        {
            "boundingBox": {
                "height": 124.23146473779384,
                "left": 141.0488245931284,
                "top": 475.7685352622061,
                "width": 354.7920433996383
            },
            "id": "jo9V2TLRV",
            "points": [
                {
                    "x": 141.0488245931284,
                    "y": 475.7685352622061
                },
                {
                    "x": 495.8408679927667,
                    "y": 475.7685352622061
                },
                {
                    "x": 495.8408679927667,
                    "y": 600
                },
                {
                    "x": 141.0488245931284,
                    "y": 600
                }
            ]
        }
    ]
}