{
    "asset": {
        "format": "jpg",
        "id": "af611c85b2e26773ab30ae5847c58a1f",
        "name": "71809689_p12_master1200.jpg",
        "size": {
            "height": 600,
            "width": 600
        }
    },
    "dataset": {
        "average_hash": "e3e3e1d9ddbc74ed",
        "split": "test",
        "version": "v3"
    },
    "regions": [
        {
            "boundingBox": {
                "height": 139.9638336347197,
                "left": 22.78481012658228,
                "top": 452.98372513562384,
                "width": 327.6672694394213
            },
            "id": "twURXofmt",
            "points": [
                {
                    "x": 22.78481012658228,
                    "y": 452.98372513562384
                },
                {
                    "x": 350.4520795660036,
                    "y": 452.98372513562384
                },
                {
                    "x": 350.4520795660036,
                    "y": 592.9475587703436
                },
                {
                    "x": 22.78481012658228,
                    "y": 592.9475587703436
                }
            ]
        }
    ]
}