{
    "asset": {
        "format": "jpg",
        "id": "0700dcb1ef2ded9b503e03bb936de22a",
        "name": "71809689_p6_master1200.jpg",
        "size": {
            "height": 600,
            "width": 600
        }
    },
    "dataset": {
        "average_hash": "f321e1e9e3e3e77f",
        "split": "test",
        "version": "v3"
    },
    "regions": [
        {
            "boundingBox": {
                "height": 152.98372513562387,
                "left": 136.70886075949366,
                "top": 435.623869801085,
                "width": 320.07233273056056
            },
            "id": "_H_ctm9le",
            "points": [
                {
                    "x": 136.70886075949366,
                    "y": 435.623869801085
                },
                {
                    "x": 456.78119349005425,
                    "y": 435.623869801085
                },
                {
                    "x": 456.78119349005425,
                    "y": 588.6075949367088
                },
                {
                    "x": 136.70886075949366,
                    "y": 588.6075949367088
                }
            ]
        }
    ]
}