{
    "asset": {
        "format": "jpg",
        "id": "8e7575ab04574a5a67d48e6699710a66",
        "name": "71809689_p8_master1200.jpg",
        "size": {
            "height": 600,
            "width": 600
        }
    },
    "dataset": {
        "average_hash": "ffe32b5b1909d990",
        "split": "test",
        "version": "v3"
    },
    "regions": [
        {
            "boundingBox": {
                "height": 124.23146473779384,
                "left": 122.60397830018083,
                "top": 475.7685352622061,
                "width": 295.11754068716095
            },
            "id": "lZCefYRHa",
            "points": [
                {
                    "x": 122.60397830018083,
                    "y": 475.7685352622061
                },
                {
                    "x": 417.72151898734177,
                    "y": 475.7685352622061
                },
                {
                    "x": 417.72151898734177,
                    "y": 600
                },
                {
                    "x": 122.60397830018083,
                    "y": 600
                }
            ]
        }
    ]
}