{
    "asset": {
        "format": "jpg",
        "id": "bcbab37d693cc086c57adce576deb112",
        "name": "71809689_p11_master1200.jpg",
        "size": {
            "height": 600,
            "width": 600
        }
    },
    "dataset": {
        "average_hash": "c3fff7ff9f3900c2",
        "split": "test",
        "version": "v3"
    },
    "regions": [
        {
            "boundingBox": {
                "height": 122.60397830018083,
                "left": 149.7287522603978,
                "top": 400.90415913200724,
                "width": 290.7775768535262
            },
            "id": "6q106ywyT",
            "points": [
                {
                    "x": 149.7287522603978,
                    "y": 400.90415913200724
                },
                {
                    "x": 440.50632911392404,
                    "y": 400.90415913200724
                },
                {
                    "x": 440.50632911392404,
                    "y": 523.508137432188
                },
                {
                    "x": 149.7287522603978,
                    "y": 523.508137432188
                }
            ]
        }
    ]
}