{
    "asset": {
        "format": "jpg",
        "id": "1d3b208d4941747c57257fd69c789b03",
        "name": "71809689_p9_master1200.jpg",
        "size": {
            "height": 600,
            "width": 600
        }
    },
    "dataset": {
        "average_hash": "e3e3e3e9e3fcc187",
        "split": "test",
        "version": "v3"
    },
    "regions": [
        {
            "boundingBox": {
                "height": 96.56419529837251,
                "left": 230.01808318264014,
                "top": 446.4737793851718,
                "width": 245.20795660036165
            },
            "id": "rJncMesUr",
            "points": [
                {
                    "x": 230.01808318264014,
                    "y": 446.4737793851718
                },
                {
                    "x": 475.2260397830018,
                    "y": 446.4737793851718
                },
                {
                    "x": 475.2260397830018,
                    "y": 543.0379746835442
                },
                {
                    "x": 230.01808318264014,
                    "y": 543.0379746835442
                }
            ]
        }
    ]
}