{
    "asset": {
        "format": "jpg",
        "id": "a05104e646d55308d1d74c85d793dce8",
        "name": "71809689_p0_master1200.jpg",
        "size": {
            "height": 600,
            "width": 600
        }
    },
    "dataset": {
        "average_hash": "ffe78696843c3001",
        "split": "test",
        "version": "v2"
    },
    "regions": [
        {
            "boundingBox": {
                "height": 184,
                "left": 49.4000244140625,
                "top": 411,
                "width": 346.4000244140625
            },
            "id": "E0nvNAX6f",
            "points": [
                {
                    "x": 49.4000244140625,
                    "y": 411
                },
                {
                    "x": 395.800048828125,
                    "y": 411
                },
                {
                    "x": 395.800048828125,
                    "y": 595
                },
                {
                    "x": 49.4000244140625,
                    "y": 595
                }
            ]
        }
    ]
}