{
    "asset": {
        "format": "jpg",
        "id": "eb3416b7b417fed607436845e8c4fb9b",
        "name": "71803858_p0_master1200.jpg",
        "size": {
            "height": 1101,
            "width": 600
        }
    },
    "dataset": {
        "average_hash": "ffc7e7e3c303e3ed",
        "split": "train",
        "version": "v2"
    },
    "regions": [
        {
            "boundingBox": {
                "height": 151.07279999984772,
                "left": 184.3511450381679,
                "top": 418.42578661119614,
                "width": 272.06104074725664
            },
            "id": "7Alheem4S",
            "points": [
                {
                    "x": 184.3511450381679,
                    "y": 418.42578661119614
                },
                {
                    "x": 456.4121857854246,
                    "y": 418.42578661119614
                },
                {
                    "x": 456.4121857854246,
                    "y": 569.4985866110438
                },
                {
                    "x": 184.3511450381679,
                    "y": 569.4985866110438
                }
            ]
        }
    ]
}