{
    "asset": {
        "format": "jpg",
        "id": "27af5c2c58edccf890e3431d2dcc8cf8",
        "name": "71809689_p13_master1200.jpg",
        "size": {
            "height": 600,
            "width": 600
        }
    },
    "dataset": {
        "average_hash": "c78383d8c2ee6e82",
        "split": "test",
        "version": "v3"
    },
    "regions": [
        {
            "boundingBox": {
                "height": 203.9783001808318,
                "left": 70.5244122965642,
                "top": 387.88426763110306,
                "width": 404.7016274864376
            },
            "id": "XZCcmKnbX",
            "points": [
                {
                    "x": 70.5244122965642,
                    "y": 387.88426763110306
                },
                {
                    "x": 475.2260397830018,
                    "y": 387.88426763110306
                },
                {
                    "x": 475.2260397830018,
                    "y": 591.8625678119349
                },
                {
                    "x": 70.5244122965642,
                    "y": 591.8625678119349
                }
            ]
        }
    ]
}