{
    "asset": {
        "format": "jpg",
        "id": "0621198c767a04af02f6714d1fa7e906",
        "name": "71808939_p0_master1200.jpg",
        "size": {
            "height": 839,
            "width": 600
        }
    },
    "dataset": {
        "average_hash": "e3c3c3efe3d3c3fb",
        "split": "test",
        "version": "v2"
    },
    "regions": [
        {
            "boundingBox": {
                "height": 175.4090814340086,
                "left": 156.25,
                "top": 345.61194539582243,
                "width": 243.99993896484375
            },
            "id": "zsw51kCCs",
            "points": [
                {
                    "x": 156.25,
                    "y": 345.61194539582243
                },
                {
                    "x": 400.24993896484375,
                    "y": 345.61194539582243
                },
                {
                    "x": 400.24993896484375,
                    "y": 521.021026829831
                },
                {
                    "x": 156.25,
                    "y": 521.021026829831
                }
            ]
        }
    ]
}