{
    "asset": {
        "format": "jpg",
        "id": "d9cebd8091ff9a9ef44239d2d48b4a92",
        "name": "71809994_p0_master1200.jpg",
        "size": {
            "height": 848,
            "width": 600
        }
    },
    "dataset": {
        "average_hash": "fffffff3c18183e7",
        "split": "train",
        "version": "v2"
    },
    "regions": [
        {
            "boundingBox": {
                "height": 116.800048828125,
                "left": 135.79998779296875,
                "top": 502.79998779296875,
                "width": 182.40008544921875
            },
            "id": "gbiVIeiDt",
            "points": [
                {
                    "x": 135.79998779296875,
                    "y": 502.79998779296875
                },
                {
                    "x": 318.2000732421875,
                    "y": 502.79998779296875
                },
                {
                    "x": 318.2000732421875,
                    "y": 619.6000366210938
                },
                {
                    "x": 135.79998779296875,
                    "y": 619.6000366210938
                }
            ]
        }
    ]
}