{
    "asset": {
        "format": "jpg",
        "id": "8f3efbca8c0be307625f48a554d9a399",
        "name": "71800259_p0_master1200.jpg",
        "size": {
            "height": 425,
            "width": 600
        }
    },
    "dataset": {
        "average_hash": "ffcf9fb7010101ff",
        "split": "train",
        "version": "v2"
    },
    "regions": [
        {
            "boundingBox": {
                "height": 50.4000244140625,
                "left": 255.79998779296875,
                "top": 208.29998779296875,
                "width": 83.20001220703125
            },
            "id": "orYFlw1zQ",
            "points": [
                {
                    "x": 255.79998779296875,
                    "y": 208.29998779296875
                },
                {
                    "x": 339,
                    "y": 208.29998779296875
                },
                {
                    "x": 339,
                    "y": 258.70001220703125
                },
                {
                    "x": 255.79998779296875,
                    "y": 258.70001220703125
                }
            ]
        }
    ]
}