{
    "asset": {
        "format": "jpg",
        "id": "e24a5853173111090b2c20c731772f53",
        "name": "71809689_p4_master1200.jpg",
        "size": {
            "height": 600,
            "width": 600
        }
    },
    "dataset": {
        "average_hash": "9fffc3d3e7c30183",
        "split": "test",
        "version": "v3"
    },
    "regions": [
        {
            "boundingBox": {
                "height": 141.0488245931284,
                "left": 134.5388788426763,
                "top": 454.06871609403254,
                "width": 276.67269439421335
            },
            "id": "KPZSJeOEY",
            "points": [
                {
                    "x": 134.5388788426763,
                    "y": 454.06871609403254
                },
                {
                    "x": 411.21157323688965,
                    "y": 454.06871609403254
                },
                {
                    "x": 411.21157323688965,
                    "y": 595.117540687161
                },
                {
                    "x": 134.5388788426763,
                    "y": 595.117540687161
                }
            ]
        }
    ]
}