{
    "asset": {
        "format": "jpg",
        "id": "c8fb540751383cf196d628dc9ffd148d",
        "name": "71808297_p0_master1200.jpg",
        "size": {
            "height": 927,
            "width": 600
        }
    },
    "dataset": {
        "average_hash": "3c3c3c031d3d0200",
        "split": "train",
        "version": "v2"
    },
    "regions": [
        {
            "boundingBox": {
                "height": 121.73132360470733,
                "left": 197.0875244140625,
                "top": 387.21772891347405,
                "width": 246.4000244140625
            },
            "id": "WIlBx2E88",
            "points": [
                {
                    "x": 197.0875244140625,
                    "y": 387.21772891347405
                },
                {
                    "x": 443.487548828125,
                    "y": 387.21772891347405
                },
                {
                    "x": 443.487548828125,
                    "y": 508.9490525181814
                },
                {
                    "x": 197.0875244140625,
                    "y": 508.9490525181814
                }
            ]
        }
    ]
}