{
    "asset": {
        "format": "jpg",
        "id": "d98d4a3172cf77e5af982c554eb0fef9",
        "name": "71807664_p0_master1200.jpg",
        "size": {
            "height": 425,
            "width": 600
        }
    },
    "dataset": {
        "average_hash": "e7e7cfe7c381c3f3",
        "split": "train",
        "version": "v2"
    },
    "regions": [
        {
            "boundingBox": {
                "height": 88.79998779296875,
                "left": 175,
                "top": 189.9000244140625,
                "width": 157.5999755859375
            },
            "id": "GFkZuIAIc",
            "points": [
                {
                    "x": 175,
                    "y": 189.9000244140625
                },
                {
                    "x": 332.5999755859375,
                    "y": 189.9000244140625
                },
                {
                    "x": 332.5999755859375,
                    "y": 278.70001220703125
                },
                {
                    "x": 175,
                    "y": 278.70001220703125
                }
            ]
        }
    ]
}