{
    "asset": {
        "format": "jpg",
        "id": "5a15de1e64b2e62b603738d6e8953f79",
        "name": "71808950_p0_master1200.jpg",
        "size": {
            "height": 886,
            "width": 600
        }
    },
    "dataset": {
        "average_hash": "7c7c3c060018767e",
        "split": "train",
        "version": "v2"
    },
    "regions": [
        {
            "boundingBox": {
                "height": 78.4000244140625,
                "left": 227.79998779296875,
                "top": 402.79998779296875,
                "width": 139.20001220703125
            },
            "id": "u87FoE5d3",
            "points": [
                {
                    "x": 227.79998779296875,
                    "y": 402.79998779296875
                },
                {
                    "x": 367,
                    "y": 402.79998779296875
                },
                {
                    "x": 367,
                    "y": 481.20001220703125
                },
                {
                    "x": 227.79998779296875,
                    "y": 481.20001220703125
                }
            ]
        }
    ]
}