{
    "asset": {
        "format": "jpg",
        "id": "f3dd8db0e7d283f0a11d3d75c5dc4601",
        "name": "71813958_p0_master1200.jpg",
        "size": {
            "height": 848,
            "width": 600
        }
    },
    "dataset": {
        "average_hash": "7f8db9b060dc1f1f",
        "split": "test",
        "version": "v2"
    },
    "regions": [
        {
            "boundingBox": {
                "height": 202.39996337890625,
                "left": 92.60003662109375,
                "top": 541.4000244140625,
                "width": 364.79998779296875
            },
            "id": "ExGxWGLtt",
            "points": [
                {
                    "x": 92.60003662109375,
                    "y": 541.4000244140625
                },
                {
                    "x": 457.4000244140625,
                    "y": 541.4000244140625
                },
                {
                    "x": 457.4000244140625,
                    "y": 743.7999877929688
                },
                {
                    "x": 92.60003662109375,
                    "y": 743.7999877929688
                }
            ]
        }
    ]
}