{
    "asset": {
        "format": "jpg",
        "id": "1c8a2ba74451d5ee6fad926b4b1cc8c2",
        "name": "71815135_p0_master1200.jpg",
        "size": {
            "height": 813,
            "width": 600
        }
    },
    "dataset": {
        "average_hash": "f7fffbefb7309881",
        "split": "train",
        "version": "v2"
    },
    "regions": [
        {
            "boundingBox": {
                "height": 208.79998779296875,
                "left": 103.79998779296875,
                "top": 524.4000244140625,
                "width": 308.79998779296875
            },
            "id": "NJyd7BobF",
            "points": [
                {
                    "x": 103.79998779296875,
                    "y": 524.4000244140625
                },
                {
                    "x": 412.5999755859375,
                    "y": 524.4000244140625
                },
                {
                    "x": 412.5999755859375,
                    "y": 733.2000122070312
                },
                {
                    "x": 103.79998779296875,
                    "y": 733.2000122070312
                }
            ]
        }
    ]
}