{
    "asset": {
        "format": "jpg",
        "id": "8c5a28f0b51c8fd3257c71b0606b6ea9",
        "name": "71816867_p1_master1200.jpg",
        "size": {
            "height": 462,
            "width": 600
        }
    },
    "dataset": {
        "average_hash": "f3f0f0f0f0f8fefe",
        "split": "train",
        "version": "v3"
    },
    "regions": [
        {
            "boundingBox": {
                "height": 96.52112676056339,
                "left": 372.1518987341772,
                "top": 198.36311619718313,
                "width": 163.83363471971066
            },
            "id": "RZkJJNn5o",
            "points": [
                {
                    "x": 372.1518987341772,
                    "y": 198.36311619718313
                },
                {
                    "x": 535.9855334538879,
                    "y": 198.36311619718313
                },
                {
                    "x": 535.9855334538879,
                    "y": 294.8842429577465
                },
                {
                    "x": 372.1518987341772,
                    "y": 294.8842429577465
                }
            ]
        }
    ]
}