{
    "asset": {
        "format": "jpg",
        "id": "1a962e7cf26f5044157875864584ea87",
        "name": "71816579_p2_master1200.jpg",
        "size": {
            "height": 750,
            "width": 600
        }
    },
    "dataset": {
        "average_hash": "e3e3e7c3c3e7e7e7",
        "split": "train",
        "version": "v3"
    },
    "regions": [
        {
            "boundingBox": {
                "height": 90.6456953642384,
                "left": 181.50232919254657,
                "top": 196.19205298013244,
                "width": 178.88198757763973
            },
            "id": "YljUeYZCC",
            "points": [
                {
                    "x": 181.50232919254657,
                    "y": 196.19205298013244
                },
                {
                    "x": 360.38431677018633,
                    "y": 196.19205298013244
                },
                {
                    "x": 360.38431677018633,
                    "y": 286.8377483443709
                },
                {
                    "x": 181.50232919254657,
                    "y": 286.8377483443709
                }
            ]
        }
    ]
}