{
    "asset": {
        "format": "jpg",
        "id": "32fe7549637e00e3947c591c0edc4b0a",
        "name": "71816139_p0_master1200.jpg",
        "size": {
            "height": 612,
            "width": 600
        }
    },
    "dataset": {
        "average_hash": "ff8f8f0f8fcfccc4",
        "split": "train",
        "version": "v2"
    },
    "regions": [
        {
            "boundingBox": {
                "height": 71.20004272460938,
                "left": 177.20001220703125,
                "top": 217.39999389648438,
                "width": 105.5999755859375
            },
            "id": "lxAIGaI_9",
            "points": [
                {
                    "x": 177.20001220703125,
                    "y": 217.39999389648438
                },
                {
                    "x": 282.79998779296875,
                    "y": 217.39999389648438
                },
                {
                    "x": 282.79998779296875,
                    "y": 288.60003662109375
                },
                {
                    "x": 177.20001220703125,
                    "y": 288.60003662109375
                }
            ]
        }
    ]
}