{
    "asset": {
        "format": "jpg",
        "id": "873b0f17444ff1c9d05c9ef6e6d0d7c0",
        "name": "71810278_p0_master1200.jpg",
        "size": {
            "height": 848,
            "width": 600
        }
    },
    "dataset": {
        "average_hash": "c7c3c3c3c1e1f1bd",
        "split": "train",
        "version": "v2"
    },
    "regions": [
        {
            "boundingBox": {
                "height": 216.800048828125,
                "left": 171.79998779296875,
                "top": 387.79998779296875,
                "width": 279.20001220703125
            },
            "id": "ukMH5Rd-P",
            "points": [
                {
                    "x": 171.79998779296875,
                    "y": 387.79998779296875
                },
                {
                    "x": 451,
                    "y": 387.79998779296875
                },
                {
                    "x": 451,
                    "y": 604.6000366210938
                },
                {
                    "x": 171.79998779296875,
                    "y": 604.6000366210938
                }
            ]
        }
    ]
}