{
    "asset": {
        "format": "jpg",
        "id": "7fbbaa3e4b8a637477174ad540f0de66",
        "name": "71814693_p0_master1200.jpg",
        "size": {
            "height": 839,
            "width": 600
        }
    },
    "dataset": {
        "average_hash": "ffc3dbe1c3e10000",
        "split": "train",
        "version": "v2"
    },
    "regions": [
        {
            "boundingBox": {
                "height": 104.92510855226357,
                "left": 205.04998779296875,
                "top": 379.25201641802,
                "width": 225.5999755859375
            },
            "id": "t77tH7DV8",
            "points": [
                {
                    "x": 205.04998779296875,
                    "y": 379.25201641802
                },
                {
                    "x": 430.64996337890625,
                    "y": 379.25201641802
                },
                {
                    "x": 430.64996337890625,
                    "y": 484.17712497028356
                },
                {
                    "x": 205.04998779296875,
                    "y": 484.17712497028356
                }
            ]
        }
    ]
}