{
    "asset": {
        "format": "jpg",
        "id": "47524c72e96291ff34d21a8194bd6b53",
        "name": "71816139_p1_master1200.jpg",
        "size": {
            "height": 894,
            "width": 600
        }
    },
    "dataset": {
        "average_hash": "fff3c38dc90303c9",
        "split": "train",
        "version": "v3"
    },
    "regions": [
        {
            "boundingBox": {
                "height": 62.16556291390728,
                "left": 271.38888888888886,
                "top": 251.62251655629137,
                "width": 112.59259259259258
            },
            "id": "PXcZP9Grf",
            "points": [
                {
                    "x": 271.38888888888886,
                    "y": 251.62251655629137
                },
                {
                    "x": 383.98148148148147,
                    "y": 251.62251655629137
                },
                {
                    "x": 383.98148148148147,
                    "y": 313.7880794701987
                },
                {
                    "x": 271.38888888888886,
                    "y": 313.7880794701987
                }
            ]
        }
    ]
}