{
    "asset": {
        "format": "jpg",
        "id": "4357f471b51afc73772520d3299a029a",
        "name": "71816867_p4_master1200.jpg",
        "size": {
            "height": 545,
            "width": 600
        }
    },
    "dataset": {
        "average_hash": "f9f9f8c998890098",
        "split": "train",
        "version": "v3"
    },
    "regions": [
        {
            "boundingBox": {
                "height": 37.99800796812749,
                "left": 409.0415913200723,
                "top": 122.84891683266932,
                "width": 49.90958408679927
            },
            "id": "AoBRd9xk6",
            "points": [
                {
                    "x": 409.0415913200723,
                    "y": 122.84891683266932
                },
                {
                    "x": 458.9511754068716,
                    "y": 122.84891683266932
                },
                {
                    "x": 458.9511754068716,
                    "y": 160.8469248007968
                },
                {
                    "x": 409.0415913200723,
                    "y": 160.8469248007968
                }
            ]
        },
        {
            "boundingBox": {
                "height": 32.569721115537845,
                "left": 460.0361663652803,
                "top": 117.42062998007967,
                "width": 68.35443037974683
            },
            "id": "9juRI9ZTb",
            "points": [
                {
                    "x": 460.0361663652803,
                    "y": 117.42062998007967
                },
                {
                    "x": 528.3905967450271,
                    "y": 117.42062998007967
                },
                {
                    "x": 528.3905967450271,
                    "y": 149.9903510956175
                },
                {
                    "x": 460.0361663652803,
                    "y": 149.9903510956175
                }
            ]
        },
        {
            "boundingBox": {
                "height": 43.42629482071713,
                "left": 449.1862567811935,
                "top": 419.23337898406373,
                "width": 62.929475587703436
            },
            "id": "uKICHhZwP",
            "points": [
                {
                    "x": 449.1862567811935,
                    "y": 419.23337898406373
                },
                {
                    "x": 512.1157323688969,
                    "y": 419.23337898406373
                },
                {
                    "x": 512.1157323688969,
                    "y": 462.6596738047808
                },
                {
                    "x": 449.1862567811935,
                    "y": 462.6596738047808
                }
            ]
        },
        {
            "boundingBox": {
                "height": 32.569721115537845,
                "left": 139.9638336347197,
                "top": 359.52222360557766,
                "width": 62.929475587703436
            },
            "id": "9N-elcbex",
            "points": [
                {
                    "x": 139.9638336347197,
                    "y": 359.52222360557766
                },
                {
                    "x": 202.89330922242314,
                    "y": 359.52222360557766
                },
                {
                    "x": 202.89330922242314,
                    "y": 392.0919447211155
                },
                {
                    "x": 139.9638336347197,
                    "y": 392.0919447211155
                }
            ]
        }
    ]
}