{
    "asset": {
        "format": "jpg",
        "id": "9bfe35ad0840e1e9af766ce2177b9a50",
        "name": "71816867_p5_master1200.jpg",
        "size": {
            "height": 545,
            "width": 600
        }
    },
    "dataset": {
        "average_hash": "fdf8f0f0f1f0f7ff",
        "split": "train",
        "version": "v3"
    },
    "regions": [
        {
            "boundingBox": {
                "height": 108.56573705179282,
                "left": 341.77215189873414,
                "top": 237.9285981075697,
                "width": 155.15370705244123
            },
            "id": "F8ezhVpif",
            "points": [
                {
                    "x": 341.77215189873414,
                    "y": 237.9285981075697
                },
                {
                    "x": 496.92585895117537,
                    "y": 237.9285981075697
                },
                {
                    "x": 496.92585895117537,
                    "y": 346.49433515936255
                },
                {
                    "x": 341.77215189873414,
                    "y": 346.49433515936255
                }
            ]
        }
    ]
}