{
    "asset": {
        "format": "jpg",
        "id": "dea387323d5ce666dbda2af56f329d21",
        "name": "71816579_p3_master1200.jpg",
        "size": {
            "height": 750,
            "width": 600
        }
    },
    "dataset": {
        "average_hash": "e7c3c399c7efe7e7",
        "split": "train",
        "version": "v3"
    },
    "regions": [
        {
            "boundingBox": {
                "height": 90.6456953642384,
                "left": 164.11102484472048,
                "top": 196.19205298013244,
                "width": 173.91304347826085
            },
            "id": "2bnYFpk3l",
            "points": [
                {
                    "x": 164.11102484472048,
                    "y": 196.19205298013244
                },
                {
                    "x": 338.02406832298135,
                    "y": 196.19205298013244
                },
                {
                    "x": 338.02406832298135,
                    "y": 286.8377483443709
                },
                {
                    "x": 164.11102484472048,
                    "y": 286.8377483443709
                }
            ]
        }
    ]
}