{
    "asset": {
        "format": "jpg",
        "id": "115e9f232763bfbf7a2efb2e477b93df",
        "name": "71816139_p2_master1200.jpg",
        "size": {
            "height": 779,
            "width": 600
        }
    },
    "dataset": {
        "average_hash": "ffcf8787cfb38787",
        "split": "train",
        "version": "v3"
    },
    "regions": [
        {
            "boundingBox": {
                "height": 78.67384105960265,
                "left": 167.88306451612902,
                "top": 304.3774834437086,
                "width": 161.29032258064515
            },
            "id": "9wnkuqqxj",
            "points": [
                {
                    "x": 167.88306451612902,
                    "y": 304.3774834437086
                },
                {
                    "x": 329.1733870967742,
                    "y": 304.3774834437086
                },
                {
                    "x": 329.1733870967742,
                    "y": 383.05132450331126
                },
                {
                    "x": 167.88306451612902,
                    "y": 383.05132450331126
                }
            ]
        }
    ]
}