{
    "asset": {
        "format": "jpg",
        "id": "952ffaad0ac26eefa477c848dca4d84d",
        "name": "71813814_p0_master1200.jpg",
        "size": {
            "height": 720,
            "width": 600
        }
    },
    "dataset": {
        "average_hash": "e7c3c3c3ffffdb4a",
        "split": "train",
        "version": "v2"
    },
    "regions": [
        {
            "boundingBox": {
                "height": 141.5999755859375,
                "left": 169.4000244140625,
                "top": 368.60003662109375,
                "width": 274.4000244140625
            },
            "id": "nKRpCLiAg",
            "points": [
                {
                    "x": 169.4000244140625,
                    "y": 368.60003662109375
                },
                {
                    "x": 443.800048828125,
                    "y": 368.60003662109375
                },
                {
                    "x": 443.800048828125,
                    "y": 510.20001220703125
                },
                {
                    "x": 169.4000244140625,
                    "y": 510.20001220703125
                }
            ]
        }
    ]
}