{
    "asset": {
        "format": "jpg",
        "id": "e649f837dff6792c64f3d5ecf6f90656",
        "name": "71810278_p2_master1200.jpg",
        "size": {
            "height": 848,
            "width": 600
        }
    },
    "dataset": {
        "average_hash": "cf878f838399d99b",
        "split": "train",
        "version": "v3"
    },
    "regions": [
        {
            "boundingBox": {
                "height": 136.18543046357615,
                "left": 150.61475409836066,
                "top": 289.21854304635764,
                "width": 306.3231850117096
            },
            "id": "8hM9GWSjZ",
            "points": [
                {
                    "x": 150.61475409836066,
                    "y": 289.21854304635764
                },
                {
                    "x": 456.93793911007026,
                    "y": 289.21854304635764
                },
                {
                    "x": 456.93793911007026,
                    "y": 425.4039735099338
                },
                {
                    "x": 150.61475409836066,
                    "y": 425.4039735099338
                }
            ]
        }
    ]
}