{
    "asset": {
        "format": "jpg",
        "id": "40f60b02814a2811cac261157f08552b",
        "name": "71816139_p3_master1200.jpg",
        "size": {
            "height": 764,
            "width": 600
        }
    },
    "dataset": {
        "average_hash": "e3e3fbe387cfc3c3",
        "split": "train",
        "version": "v3"
    },
    "regions": [
        {
            "boundingBox": {
                "height": 83.48344370860927,
                "left": 275.55379746835445,
                "top": 260.56953642384104,
                "width": 132.9113924050633
            },
            "id": "KjY7YTV7U",
            "points": [
                {
                    "x": 275.55379746835445,
                    "y": 260.56953642384104
                },
                {
                    "x": 408.4651898734177,
                    "y": 260.56953642384104
                },
                {
                    "x": 408.4651898734177,
                    "y": 344.05298013245033
                },
                {
                    "x": 275.55379746835445,
                    "y": 344.05298013245033
                }
            ]
        }
    ]
}