{
    "asset": {
        "format": "jpg",
        "id": "0b960abe9ada9b58139cc2a27909745c",
        "name": "71818425_p0_master1200.jpg",
        "size": {
            "height": 608,
            "width": 600
        }
    },
    "dataset": {
        "average_hash": "00b9f978c3f3f3fb",
        "split": "test",
        "version": "v2"
    },
    "regions": [
        {
            "boundingBox": {
                "height": 164.79998779296875,
                "left": 255.79998779296875,
                "top": 337.4000244140625,
                "width": 214.40008544921875
            },
            "id": "pmFEeZ9B4",
            "points": [
                {
                    "x": 255.79998779296875,
                    "y": 337.4000244140625
                },
                {
                    "x": 470.2000732421875,
                    "y": 337.4000244140625
                },
                {
                    "x": 470.2000732421875,
                    "y": 502.20001220703125
                },
                {
                    "x": 255.79998779296875,
                    "y": 502.20001220703125
                }
            ]
        }
    ]
}