{
    "asset": {
        "format": "jpg",
        "id": "3d88877d980bdaf4b200788dc2b7bab3",
        "name": "71810278_p3_master1200.jpg",
        "size": {
            "height": 425,
            "width": 600
        }
    },
    "dataset": {
        "average_hash": "fff9e0f0e1657afe",
        "split": "train",
        "version": "v3"
    },
    "regions": [
        {
            "boundingBox": {
                "height": 74.80867346938776,
                "left": 318.98734177215186,
                "top": 238.36794483418367,
                "width": 139.9638336347197
            },
            "id": "FXwlGJzTq",
            "points": [
                {
                    "x": 318.98734177215186,
                    "y": 238.36794483418367
                },
                {
                    "x": 458.9511754068716,
                    "y": 238.36794483418367
                },
                {
                    "x": 458.9511754068716,
                    "y": 313.1766183035714
                },
                {
                    "x": 318.98734177215186,
                    "y": 313.1766183035714
                }
            ]
        }
    ]
}