{
    "asset": {
        "format": "jpg",
        "id": "1d1e18bc8280cc769501ebacfcdc2a0c",
        "name": "71817645_p0_master1200.jpg",
        "size": {
            "height": 847,
            "width": 600
        }
    },
    "dataset": {
        "average_hash": "01e41f1f3201131c",
        "split": "train",
        "version": "v2"
    },
    "regions": [
        {
            "boundingBox": {
                "height": 123.34566925265266,
                "left": 271.449951171875,
                "top": 292.7456203668112,
                "width": 224.00006103515625
            },
            "id": "uMoviyKNI",
            "points": [
                {
                    "x": 271.449951171875,
                    "y": 292.7456203668112
                },
                {
                    "x": 495.45001220703125,
                    "y": 292.7456203668112
                },
                {
                    "x": 495.45001220703125,
                    "y": 416.09128961946385
                },
                {
                    "x": 271.449951171875,
                    "y": 416.09128961946385
                }
            ]
        }
    ]
}