{
    "asset": {
        "format": "jpg",
        "id": "27af6dc90645d2f1fad8adebab697209",
        "name": "71812245_p0_master1200.jpg",
        "size": {
            "height": 516,
            "width": 516
        }
    },
    "dataset": {
        "average_hash": "ffc3d3d1c1c181c7",
        "split": "test",
        "version": "v2"
    },
    "regions": [
        {
            "boundingBox": {
                "height": 106.4000244140625,
                "left": 94.60003662109375,
                "top": 349,
                "width": 214.39996337890625
            },
            "id": "mk_ftOhLF",
            "points": [
                {
                    "x": 94.60003662109375,
                    "y": 349
                },
                {
                    "x": 309,
                    "y": 349
                },
                {
                    "x": 309,
                    "y": 455.4000244140625
                },
                {
                    "x": 94.60003662109375,
                    "y": 455.4000244140625
                }
            ]
        }
    ]
}