{
    "asset": {
        "format": "jpg",
        "id": "587009417d5dd028624d86d70e8e0218",
        "name": "71816867_p3_master1200.jpg",
        "size": {
            "height": 462,
            "width": 600
        }
    },
    "dataset": {
        "average_hash": "f8f8f8fce5f4f8fa",
        "split": "train",
        "version": "v3"
    },
    "regions": [
        {
            "boundingBox": {
                "height": 53.14084507042254,
                "left": 388.4267631103074,
                "top": 233.0673415492958,
                "width": 81.374321880651
            },
            "id": "Hnqn2OyTS",
            "points": [
                {
                    "x": 388.4267631103074,
                    "y": 233.0673415492958
                },
                {
                    "x": 469.8010849909584,
                    "y": 233.0673415492958
                },
                {
                    "x": 469.8010849909584,
                    "y": 286.20818661971833
                },
                {
                    "x": 388.4267631103074,
                    "y": 286.20818661971833
                }
            ]
        }
    ]
}