{
    "asset": {
        "format": "jpg",
        "id": "b1b34cc3aa8a1d27773357452906aebd",
        "name": "71810278_p1_master1200.jpg",
        "size": {
            "height": 848,
            "width": 600
        }
    },
    "dataset": {
        "average_hash": "e3e1cdc3e1e1c180",
        "split": "train",
        "version": "v3"
    },
    "regions": [
        {
            "boundingBox": {
                "height": 108.10596026490069,
                "left": 171.692037470726,
                "top": 447.8675496688742,
                "width": 274.0046838407494
            },
            "id": "Ami4arwo4",
            "points": [
                {
                    "x": 171.692037470726,
                    "y": 447.8675496688742
                },
                {
                    "x": 445.6967213114754,
                    "y": 447.8675496688742
                },
                {
                    "x": 445.6967213114754,
                    "y": 555.9735099337748
                },
                {
                    "x": 171.692037470726,
                    "y": 555.9735099337748
                }
            ]
        }
    ]
}