{
    "asset": {
        "format": "jpg",
        "id": "78a51f7a66bf205345d6a457fce2c0f6",
        "name": "71816867_p2_master1200.jpg",
        "size": {
            "height": 545,
            "width": 600
        }
    },
    "dataset": {
        "average_hash": "f8f8f8ff07070f4f",
        "split": "train",
        "version": "v3"
    },
    "regions": [
        {
            "boundingBox": {
                "height": 31.31442978087649,
                "left": 414.46654611211557,
                "top": 103.3070841633466,
                "width": 54.249547920434
            },
            "id": "-nWNDiqYb",
            "points": [
                {
                    "x": 414.46654611211557,
                    "y": 103.3070841633466
                },
                {
                    "x": 468.71609403254956,
                    "y": 103.3070841633466
                },
                {
                    "x": 468.71609403254956,
                    "y": 134.6215139442231
                },
                {
                    "x": 414.46654611211557,
                    "y": 134.6215139442231
                }
            ]
        },
        {
            "boundingBox": {
                "height": 85.76693227091633,
                "left": 171.42857142857142,
                "top": 389.92062998007964,
                "width": 75.94936708860759
            },
            "id": "k2Q9V8Bzk",
            "points": [
                {
                    "x": 171.42857142857142,
                    "y": 389.92062998007964
                },
                {
                    "x": 247.37793851717902,
                    "y": 389.92062998007964
                },
                {
                    "x": 247.37793851717902,
                    "y": 475.687562250996
                },
                {
                    "x": 171.42857142857142,
                    "y": 475.687562250996
                }
            ]
        },
        {
            "boundingBox": {
                "height": 82.50996015936255,
                "left": 27.124773960217,
                "top": 461.57401643426294,
                "width": 126.94394213381554
            },
            "id": "L4gS6NIcP",
            "points": [
                {
                    "x": 27.124773960217,
                    "y": 461.57401643426294
                },
                {
                    "x": 154.06871609403254,
                    "y": 461.57401643426294
                },
                {
                    "x": 154.06871609403254,
                    "y": 544.0839765936255
                },
                {
                    "x": 27.124773960217,
                    "y": 544.0839765936255
                }
            ]
        }
    ]
}