{
    "asset": {
        "format": "jpg",
        "id": "2b98ad9df4c24d38d7b5ffbed33a703b",
        "name": "71816579_p1_master1200.jpg",
        "size": {
            "height": 750,
            "width": 600
        }
    },
    "dataset": {
        "average_hash": "e7e3c3c7c7e7e7e7",
        "split": "train",
        "version": "v3"
    },
    "regions": [
        {
            "boundingBox": {
                "height": 83.19536423841059,
                "left": 167.83773291925465,
                "top": 197.4337748344371,
                "width": 182.6086956521739
            },
            "id": "130oyVEu6",
            "points": [
                {
                    "x": 167.83773291925465,
                    "y": 197.4337748344371
                },
                {
                    "x": 350.44642857142856,
                    "y": 197.4337748344371
                },
                {
                    "x": 350.44642857142856,
                    "y": 280.6291390728477
                },
                {
                    "x": 167.83773291925465,
                    "y": 280.6291390728477
                }
            ]
        }
    ]
}