{
    "asset": {
        "format": "jpg",
        "id": "aad3f3cc0a507ae5b11b0f196e437bae",
        "name": "71810597_p0_master1200.jpg",
        "size": {
            "height": 682,
            "width": 512
        }
    },
    "dataset": {
        "average_hash": "c3d3d3dfc7c3c7e7",
        "split": "train",
        "version": "v2"
    },
    "regions": [
        {
            "boundingBox": {
                "height": 152.79998779296875,
                "left": 106.20001220703125,
                "top": 360,
                "width": 285.60003662109375
            },
            "id": "H3Dvwqs4z",
            "points": [
                {
                    "x": 106.20001220703125,
                    "y": 360
                },
                {
                    "x": 391.800048828125,
                    "y": 360
                },
                {
                    "x": 391.800048828125,
                    "y": 512.7999877929688
                },
                {
                    "x": 106.20001220703125,
                    "y": 512.7999877929688
                }
            ]
        }
    ]
}