{
    "asset": {
        "format": "jpg",
        "id": "1300343f95a4e33e330f62fe6fa3c80a",
        "name": "71819919_p0_master1200.jpg",
        "size": {
            "height": 668,
            "width": 447
        }
    },
    "dataset": {
        "average_hash": "ffc3d3c3818191bd",
        "split": "train",
        "version": "v2"
    },
    "regions": [
        {
            "boundingBox": {
                "height": 142.39996337890625,
                "left": 79.79998779296875,
                "top": 414.60003662109375,
                "width": 248.79998779296875
            },
            "id": "q6QZX1Fq5",
            "points": [
                {
                    "x": 79.79998779296875,
                    "y": 414.60003662109375
                },
                {
                    "x": 328.5999755859375,
                    "y": 414.60003662109375
                },
                {
                    "x": 328.5999755859375,
                    "y": 557
                },
                {
                    "x": 79.79998779296875,
                    "y": 557
                }
            ]
        }
    ]
}