{
    "asset": {
        "format": "jpg",
        "id": "77075c0ecc33ca19e85094a43788abe2",
        "name": "71816579_p0_master1200.jpg",
        "size": {
            "height": 750,
            "width": 600
        }
    },
    "dataset": {
        "average_hash": "e7e3c3c7c7e7e7e7",
        "split": "train",
        "version": "v2"
    },
    "regions": [
        {
            "boundingBox": {
                "height": 97.5999755859375,
                "left": 151,
                "top": 202.80001831054688,
                "width": 201.5999755859375
            },
            "id": "-aBxSJuyr",
            "points": [
                {
                    "x": 151,
                    "y": 202.80001831054688
                },
                {
                    "x": 352.5999755859375,
                    "y": 202.80001831054688
                },
                {
                    "x": 352.5999755859375,
                    "y": 300.3999938964844
                },
                {
                    "x": 151,
                    "y": 300.3999938964844
                }
            ]
        }
    ]
}