{
    "asset": {
        "format": "jpg",
        "id": "1e83256eae7ec29a043811acf45346e9",
        "name": "71816867_p0_master1200.jpg",
        "size": {
            "height": 545,
            "width": 600
        }
    },
    "dataset": {
        "average_hash": "24c7cfcde7c94910",
        "split": "train",
        "version": "v2"
    },
    "regions": [
        {
            "boundingBox": {
                "height": 124.800048828125,
                "left": 181.79998779296875,
                "top": 327.29998779296875,
                "width": 198.40008544921875
            },
            "id": "rLGfonzbB",
            "points": [
                {
                    "x": 181.79998779296875,
                    "y": 327.29998779296875
                },
                {
                    "x": 380.2000732421875,
                    "y": 327.29998779296875
                },
                {
                    "x": 380.2000732421875,
                    "y": 452.10003662109375
                },
                {
                    "x": 181.79998779296875,
                    "y": 452.10003662109375
                }
            ]
        }
    ]
}