{
    "asset": {
        "format": "jpg",
        "id": "be22afed072db4719abcac1d629f76b5",
        "name": "71820416_p0_master1200.jpg",
        "size": {
            "height": 818,
            "width": 578
        }
    },
    "dataset": {
        "average_hash": "ffdf9f9387878787",
        "split": "train",
        "version": "v2"
    },
    "regions": [
        {
            "boundingBox": {
                "height": 176.79998779296875,
                "left": 76.79998779296875,
                "top": 450.4000244140625,
                "width": 316.79998779296875
            },
            "id": "jdlNmU2g-",
            "points": [
                {
                    "x": 76.79998779296875,
                    "y": 450.4000244140625
                },
                {
                    "x": 393.5999755859375,
                    "y": 450.4000244140625
                },
                {
                    "x": 393.5999755859375,
                    "y": 627.2000122070312
                },
                {
                    "x": 76.79998779296875,
                    "y": 627.2000122070312
                }
            ]
        }
    ]
}