{
    "asset": {
        "format": "jpg",
        "id": "94b5fc037ec0fdcc3d24b59bea0713d2",
        "name": "71824145_p3_master1200.jpg",
        "size": {
            "height": 462,
            "width": 600
        }
    },
    "dataset": {
        "average_hash": "fffffff8c0c0c0e0",
        "split": "train",
        "version": "v3"
    },
    "regions": [
        {
            "boundingBox": {
                "height": 101.94366197183099,
                "left": 410.126582278481,
                "top": 349.1095950704226,
                "width": 133.45388788426763
            },
            "id": "SJCYvXZe3",
            "points": [
                {
                    "x": 410.126582278481,
                    "y": 349.1095950704226
                },
                {
                    "x": 543.5804701627486,
                    "y": 349.1095950704226
                },
                {
                    "x": 543.5804701627486,
                    "y": 451.05325704225356
                },
                {
                    "x": 410.126582278481,
                    "y": 451.05325704225356
                }
            ]
        }
    ]
}