{
    "asset": {
        "format": "jpg",
        "id": "76af12a4eccc52106b0d4f901dcc6780",
        "name": "71829864_p0_master1200.jpg",
        "size": {
            "height": 927,
            "width": 600
        }
    },
    "dataset": {
        "average_hash": "ffffdfc7b3330000",
        "split": "train",
        "version": "v2"
    },
    "regions": [
        {
            "boundingBox": {
                "height": 79.28554137788117,
                "left": 217.88751220703125,
                "top": 188.60344961343523,
                "width": 126.39996337890625
            },
            "id": "dfWShxzOG",
            "points": [
                {
                    "x": 217.88751220703125,
                    "y": 188.60344961343523
                },
                {
                    "x": 344.2874755859375,
                    "y": 188.60344961343523
                },
                {
                    "x": 344.2874755859375,
                    "y": 267.8889909913164
                },
                {
                    "x": 217.88751220703125,
                    "y": 267.8889909913164
                }
            ]
        }
    ]
}