{
    "asset": {
        "format": "jpg",
        "id": "be2f03848a4da4f801403fd15cc5f220",
        "name": "71824145_p6_master1200.jpg",
        "size": {
            "height": 462,
            "width": 600
        }
    },
    "dataset": {
        "average_hash": "e919dddd8389094c",
        "split": "train",
        "version": "v3"
    },
    "regions": [
        {
            "boundingBox": {
                "height": 45.549295774647895,
                "left": 238.69801084990956,
                "top": 294.8842429577465,
                "width": 48.824593128390596
            },
            "id": "2AnIbtsVi",
            "points": [
                {
                    "x": 238.69801084990956,
                    "y": 294.8842429577465
                },
                {
                    "x": 287.52260397830014,
                    "y": 294.8842429577465
                },
                {
                    "x": 287.52260397830014,
                    "y": 340.4335387323944
                },
                {
                    "x": 238.69801084990956,
                    "y": 340.4335387323944
                }
            ]
        },
        {
            "boundingBox": {
                "height": 24.943661971830988,
                "left": 392.7667269439421,
                "top": 298.13776408450707,
                "width": 54.249547920434
            },
            "id": "mdHWHMgQU",
            "points": [
                {
                    "x": 392.7667269439421,
                    "y": 298.13776408450707
                },
                {
                    "x": 447.0162748643761,
                    "y": 298.13776408450707
                },
                {
                    "x": 447.0162748643761,
                    "y": 323.08142605633805
                },
                {
                    "x": 392.7667269439421,
                    "y": 323.08142605633805
                }
            ]
        },
        {
            "boundingBox": {
                "height": 55.30985915492958,
                "left": 456.78119349005425,
                "top": 358.87015845070425,
                "width": 103.07414104882459
            },
            "id": "4h5WCKxD9",
            "points": [
                {
                    "x": 456.78119349005425,
                    "y": 358.87015845070425
                },
                {
                    "x": 559.8553345388788,
                    "y": 358.87015845070425
                },
                {
                    "x": 559.8553345388788,
                    "y": 414.18001760563385
                },
                {
                    "x": 456.78119349005425,
                    "y": 414.18001760563385
                }
            ]
        },
        {
            "boundingBox": {
                "height": 69.40845070422536,
                "left": 134.5388788426763,
                "top": 294.8842429577465,
                "width": 90.05424954792043
            },
            "id": "AE4xLhLh4",
            "points": [
                {
                    "x": 134.5388788426763,
                    "y": 294.8842429577465
                },
                {
                    "x": 224.59312839059675,
                    "y": 294.8842429577465
                },
                {
                    "x": 224.59312839059675,
                    "y": 364.2926936619719
                },
                {
                    "x": 134.5388788426763,
                    "y": 364.2926936619719
                }
            ]
        }
    ]
}