{
    "asset": {
        "format": "jpg",
        "id": "f7b951efadefacfd1c0c2a80697cae07",
        "name": "71829243_p0_master1200.jpg",
        "size": {
            "height": 857,
            "width": 600
        }
    },
    "dataset": {
        "average_hash": "040653ff2f0f4103",
        "split": "train",
        "version": "v2"
    },
    "regions": [
        {
            "boundingBox": {
                "height": 135.20001220703125,
                "left": 172.60003662109375,
                "top": 419.5,
                "width": 256.79998779296875
            },
            "id": "MHXdxnm1c",
            "points": [
                {
                    "x": 172.60003662109375,
                    "y": 419.5
                },
                {
                    "x": 429.4000244140625,
                    "y": 419.5
                },
                {
                    "x": 429.4000244140625,
                    "y": 554.7000122070312
                },
                {
                    "x": 172.60003662109375,
                    "y": 554.7000122070312
                }
            ]
        }
    ]
}