{
    "asset": {
        "format": "jpg",
        "id": "5ca9887f25ce0b68a388925e9e426042",
        "name": "71829243_p1_master1200.jpg",
        "size": {
            "height": 857,
            "width": 600
        }
    },
    "dataset": {
        "average_hash": "2f0353ffaf1f4103",
        "split": "train",
        "version": "v3"
    },
    "regions": [
        {
            "boundingBox": {
                "height": 114.92880794701988,
                "left": 189.9822695035461,
                "top": 432.7566225165563,
                "width": 219.8581560283688
            },
            "id": "TCCgPujVi",
            "points": [
                {
                    "x": 189.9822695035461,
                    "y": 432.7566225165563
                },
                {
                    "x": 409.8404255319149,
                    "y": 432.7566225165563
                },
                {
                    "x": 409.8404255319149,
                    "y": 547.6854304635762
                },
                {
                    "x": 189.9822695035461,
                    "y": 547.6854304635762
                }
            ]
        }
    ]
}