{
    "asset": {
        "format": "jpg",
        "id": "2dd99df335786c5091c1a08719e87dbb",
        "name": "71821707_p0_master1200.jpg",
        "size": {
            "height": 848,
            "width": 600
        }
    },
    "dataset": {
        "average_hash": "fcffff676131f83f",
        "split": "train",
        "version": "v2"
    },
    "regions": [
        {
            "boundingBox": {
                "height": 164,
                "left": 255,
                "top": 422.20001220703125,
                "width": 279.2000732421875
            },
            "id": "VZ85IFNXn",
            "points": [
                {
                    "x": 255,
                    "y": 422.20001220703125
                },
                {
                    "x": 534.2000732421875,
                    "y": 422.20001220703125
                },
                {
                    "x": 534.2000732421875,
                    "y": 586.2000122070312
                },
                {
                    "x": 255,
                    "y": 586.2000122070312
                }
            ]
        }
    ]
}