{
    "asset": {
        "format": "jpg",
        "id": "a436edd6262b1acd51c0874c75e19666",
        "name": "71824145_p5_master1200.jpg",
        "size": {
            "height": 462,
            "width": 600
        }
    },
    "dataset": {
        "average_hash": "bf9f0f09b0918f8f",
        "split": "train",
        "version": "v3"
    },
    "regions": [
        {
            "boundingBox": {
                "height": 26.02816901408451,
                "left": 73.77938517179024,
                "top": 80.15184859154931,
                "width": 61.844484629294755
            },
            "id": "fz5vFucZK",
            "points": [
                {
                    "x": 73.77938517179024,
                    "y": 80.15184859154931
                },
                {
                    "x": 135.623869801085,
                    "y": 80.15184859154931
                },
                {
                    "x": 135.623869801085,
                    "y": 106.18001760563381
                },
                {
                    "x": 73.77938517179024,
                    "y": 106.18001760563381
                }
            ]
        },
        {
            "boundingBox": {
                "height": 40.12676056338029,
                "left": 106.32911392405063,
                "top": 395.74339788732397,
                "width": 77.03435804701627
            },
            "id": "vKYHcCzue",
            "points": [
                {
                    "x": 106.32911392405063,
                    "y": 395.74339788732397
                },
                {
                    "x": 183.3634719710669,
                    "y": 395.74339788732397
                },
                {
                    "x": 183.3634719710669,
                    "y": 435.87015845070425
                },
                {
                    "x": 106.32911392405063,
                    "y": 435.87015845070425
                }
            ]
        }
    ]
}