{
    "asset": {
        "format": "jpg",
        "id": "162ed775f55ee7ed5247e10b6bd7086c",
        "name": "71824145_p0_master1200.jpg",
        "size": {
            "height": 545,
            "width": 600
        }
    },
    "dataset": {
        "average_hash": "ffe3c3c1e777ff08",
        "split": "train",
        "version": "v2"
    },
    "regions": [
        {
            "boundingBox": {
                "height": 127.199951171875,
                "left": 243,
                "top": 333.10003662109375,
                "width": 169.5999755859375
            },
            "id": "BiS_qC4Nl",
            "points": [
                {
                    "x": 243,
                    "y": 333.10003662109375
                },
                {
                    "x": 412.5999755859375,
                    "y": 333.10003662109375
                },
                {
                    "x": 412.5999755859375,
                    "y": 460.29998779296875
                },
                {
                    "x": 243,
                    "y": 460.29998779296875
                }
            ]
        }
    ]
}