{
    "asset": {
        "format": "jpg",
        "id": "ad1f2545053097a5fa546434f4eedd05",
        "name": "71824145_p1_master1200.jpg",
        "size": {
            "height": 462,
            "width": 600
        }
    },
    "dataset": {
        "average_hash": "fbd9b9111033b787",
        "split": "train",
        "version": "v3"
    },
    "regions": [
        {
            "boundingBox": {
                "height": 67.23943661971832,
                "left": 412.29656419529834,
                "top": 117.02508802816902,
                "width": 71.60940325497288
            },
            "id": "yD7F34zNI",
            "points": [
                {
                    "x": 412.29656419529834,
                    "y": 117.02508802816902
                },
                {
                    "x": 483.90596745027125,
                    "y": 117.02508802816902
                },
                {
                    "x": 483.90596745027125,
                    "y": 184.26452464788736
                },
                {
                    "x": 412.29656419529834,
                    "y": 184.26452464788736
                }
            ]
        },
        {
            "boundingBox": {
                "height": 96.52112676056339,
                "left": 245.20795660036165,
                "top": 359.95466549295776,
                "width": 67.26943942133815
            },
            "id": "WZ1z9kruH",
            "points": [
                {
                    "x": 245.20795660036165,
                    "y": 359.95466549295776
                },
                {
                    "x": 312.4773960216998,
                    "y": 359.95466549295776
                },
                {
                    "x": 312.4773960216998,
                    "y": 456.47579225352115
                },
                {
                    "x": 245.20795660036165,
                    "y": 456.47579225352115
                }
            ]
        }
    ]
}