{
    "asset": {
        "format": "jpg",
        "id": "44a8119a93c7ecb5c5f5eef43ab6f691",
        "name": "71824145_p4_master1200.jpg",
        "size": {
            "height": 462,
            "width": 600
        }
    },
    "dataset": {
        "average_hash": "fefcf8f0e0c0c1e3",
        "split": "train",
        "version": "v3"
    },
    "regions": [
        {
            "boundingBox": {
                "height": 40.12676056338029,
                "left": 512.1157323688969,
                "top": 101.84198943661973,
                "width": 73.77938517179024
            },
            "id": "h5QmQxERt",
            "points": [
                {
                    "x": 512.1157323688969,
                    "y": 101.84198943661973
                },
                {
                    "x": 585.8951175406871,
                    "y": 101.84198943661973
                },
                {
                    "x": 585.8951175406871,
                    "y": 141.96875000000003
                },
                {
                    "x": 512.1157323688969,
                    "y": 141.96875000000003
                }
            ]
        }
    ]
}