{
    "asset": {
        "format": "jpg",
        "id": "55d7bb358143a8456753d700ac03b2b1",
        "name": "71822989_p0_master1200.jpg",
        "size": {
            "height": 600,
            "width": 600
        }
    },
    "dataset": {
        "average_hash": "fffffffd60000000",
        "split": "test",
        "version": "v2"
    },
    "regions": [
        {
            "boundingBox": {
                "height": 138.39999389648438,
                "left": 204,
                "top": 155.60000610351562,
                "width": 200.800048828125
            },
            "id": "l1mtyEBej",
            "points": [
                {
                    "x": 204,
                    "y": 155.60000610351562
                },
                {
                    "x": 404.800048828125,
                    "y": 155.60000610351562
                },
                {
                    "x": 404.800048828125,
                    "y": 294
                },
                {
                    "x": 204,
                    "y": 294
                }
            ]
        }
    ]
}