{
    "asset": {
        "format": "jpg",
        "id": "bd1c7cc34aa1ecba24653a27323bc9cc",
        "name": "71824145_p7_master1200.jpg",
        "size": {
            "height": 462,
            "width": 600
        }
    },
    "dataset": {
        "average_hash": "f9f0f0f0f0f0f0fa",
        "split": "train",
        "version": "v3"
    },
    "regions": [
        {
            "boundingBox": {
                "height": 91.09859154929579,
                "left": 393.8517179023508,
                "top": 286.20818661971833,
                "width": 170.34358047016275
            },
            "id": "XGOaIXOdB",
            "points": [
                {
                    "x": 393.8517179023508,
                    "y": 286.20818661971833
                },
                {
                    "x": 564.1952983725135,
                    "y": 286.20818661971833
                },
                {
                    "x": 564.1952983725135,
                    "y": 377.30677816901414
                },
                {
                    "x": 393.8517179023508,
                    "y": 377.30677816901414
                }
            ]
        }
    ]
}