{
    "asset": {
        "format": "jpg",
        "id": "07e80ae720b9e42e4fddd91c366b0d3e",
        "name": "71835985_p0_master1200.jpg",
        "size": {
            "height": 700,
            "width": 600
        }
    },
    "dataset": {
        "average_hash": "00101a3800077f7e",
        "split": "train",
        "version": "v2"
    },
    "regions": [
        {
            "boundingBox": {
                "height": 110.60000610351562,
                "left": 241.4000244140625,
                "top": 259.3999938964844,
                "width": 160
            },
            "id": "unIobHohZ",
            "points": [
                {
                    "x": 241.4000244140625,
                    "y": 259.3999938964844
                },
                {
                    "x": 401.4000244140625,
                    "y": 259.3999938964844
                },
                {
                    "x": 401.4000244140625,
                    "y": 370
                },
                {
                    "x": 241.4000244140625,
                    "y": 370
                }
            ]
        }
    ]
}