{
    "asset": {
        "format": "jpg",
        "id": "8413f3cd93dba89b91c7c6ea8b9bbaef",
        "name": "71833420_p0_master1200.jpg",
        "size": {
            "height": 900,
            "width": 600
        }
    },
    "dataset": {
        "average_hash": "c7e1e1c1df8f8fff",
        "split": "train",
        "version": "v2"
    },
    "regions": [
        {
            "boundingBox": {
                "height": 126.4000244140625,
                "left": 283.79998779296875,
                "top": 425.79998779296875,
                "width": 192.00006103515625
            },
            "id": "q_V1zNdPu",
            "points": [
                {
                    "x": 283.79998779296875,
                    "y": 425.79998779296875
                },
                {
                    "x": 475.800048828125,
                    "y": 425.79998779296875
                },
                {
                    "x": 475.800048828125,
                    "y": 552.2000122070312
                },
                {
                    "x": 283.79998779296875,
                    "y": 552.2000122070312
                }
            ]
        }
    ]
}