{
    "asset": {
        "format": "jpg",
        "id": "4d101507fd684bc2cd84129ed6439365",
        "name": "71836675_p0_master1200.jpg",
        "size": {
            "height": 728,
            "width": 600
        }
    },
    "dataset": {
        "average_hash": "e7c0c18199e7e7f7",
        "split": "test",
        "version": "v2"
    },
    "regions": [
        {
            "boundingBox": {
                "height": 68.79998779296875,
                "left": 207.79998779296875,
                "top": 195.80001831054688,
                "width": 132.79998779296875
            },
            "id": "LEfHzehoj",
            "points": [
                {
                    "x": 207.79998779296875,
                    "y": 195.80001831054688
                },
                {
                    "x": 340.5999755859375,
                    "y": 195.80001831054688
                },
                {
                    "x": 340.5999755859375,
                    "y": 264.6000061035156
                },
                {
                    "x": 207.79998779296875,
                    "y": 264.6000061035156
                }
            ]
        }
    ]
}