{
    "asset": {
        "format": "jpg",
        "id": "420b0623005883161742695c3421019a",
        "name": "71836723_p0_master1200.jpg",
        "size": {
            "height": 770,
            "width": 600
        }
    },
    "dataset": {
        "average_hash": "020282d7fffcf8f0",
        "split": "train",
        "version": "v2"
    },
    "regions": [
        {
            "boundingBox": {
                "height": 281.60003662109375,
                "left": 51.20001220703125,
                "top": 374.79998779296875,
                "width": 502.39996337890625
            },
            "id": "XDM078MZl",
            "points": [
                {
                    "x": 51.20001220703125,
                    "y": 374.79998779296875
                },
                {
                    "x": 553.5999755859375,
                    "y": 374.79998779296875
                },
                {
                    "x": 553.5999755859375,
                    "y": 656.4000244140625
                },
                {
                    "x": 51.20001220703125,
                    "y": 656.4000244140625
                }
            ]
        }
    ]
}