{
    "asset": {
        "format": "jpg",
        "id": "813fce9342e812b8e9c12fc9ea5ec337",
        "name": "71833561_p2_master1200.jpg",
        "size": {
            "height": 540,
            "width": 600
        }
    },
    "dataset": {
        "average_hash": "e7e6980c4ee74200",
        "split": "train",
        "version": "v3"
    },
    "regions": [
        {
            "boundingBox": {
                "height": 105.18072289156626,
                "left": 171.42857142857142,
                "top": 369.60655120481925,
                "width": 266.90777576853526
            },
            "id": "dZLcSkSfs",
            "points": [
                {
                    "x": 171.42857142857142,
                    "y": 369.60655120481925
                },
                {
                    "x": 438.33634719710665,
                    "y": 369.60655120481925
                },
                {
                    "x": 438.33634719710665,
                    "y": 474.7872740963855
                },
                {
                    "x": 171.42857142857142,
                    "y": 474.7872740963855
                }
            ]
        }
    ]
}