{
    "asset": {
        "format": "jpg",
        "id": "e5235156d5b4c1e69e66796bb9e53ca2",
        "name": "71831870_p0_master1200.jpg",
        "size": {
            "height": 817,
            "width": 600
        }
    },
    "dataset": {
        "average_hash": "cb8bcf93055d8030",
        "split": "train",
        "version": "v2"
    },
    "regions": [
        {
            "boundingBox": {
                "height": 147.69998168945312,
                "left": 280.20001220703125,
                "top": 289.3000183105469,
                "width": 243.20001220703125
            },
            "id": "uOzud3PtP",
            "points": [
                {
                    "x": 280.20001220703125,
                    "y": 289.3000183105469
                },
                {
                    "x": 523.4000244140625,
                    "y": 289.3000183105469
                },
                {
                    "x": 523.4000244140625,
                    "y": 437
                },
                {
                    "x": 280.20001220703125,
                    "y": 437
                }
            ]
        }
    ]
}