{
    "asset": {
        "format": "jpg",
        "id": "090d19d6f667585a1df0498dcbe71027",
        "name": "71833451_p0_master1200.jpg",
        "size": {
            "height": 600,
            "width": 600
        }
    },
    "dataset": {
        "average_hash": "fbbff7c7c70585f7",
        "split": "train",
        "version": "v2"
    },
    "regions": [
        {
            "boundingBox": {
                "height": 75.20001220703125,
                "left": 187.79998779296875,
                "top": 259.79998779296875,
                "width": 147.20001220703125
            },
            "id": "IdpueRUx-",
            "points": [
                {
                    "x": 187.79998779296875,
                    "y": 259.79998779296875
                },
                {
                    "x": 335,
                    "y": 259.79998779296875
                },
                {
                    "x": 335,
                    "y": 335
                },
                {
                    "x": 187.79998779296875,
                    "y": 335
                }
            ]
        }
    ]
}