{
    "asset": {
        "format": "jpg",
        "id": "f75ffbe080a557619b4c47d729f84e6a",
        "name": "71833451_p1_master1200.jpg",
        "size": {
            "height": 600,
            "width": 600
        }
    },
    "dataset": {
        "average_hash": "38383040040484f4",
        "split": "train",
        "version": "v3"
    },
    "regions": [
        {
            "boundingBox": {
                "height": 70.5244122965642,
                "left": 190.95840867992766,
                "top": 267.4502712477396,
                "width": 144.30379746835442
            },
            "id": "xbHmhnYve",
            "points": [
                {
                    "x": 190.95840867992766,
                    "y": 267.4502712477396
                },
                {
                    "x": 335.2622061482821,
                    "y": 267.4502712477396
                },
                {
                    "x": 335.2622061482821,
                    "y": 337.9746835443038
                },
                {
                    "x": 190.95840867992766,
                    "y": 337.9746835443038
                }
            ]
        }
    ]
}