{
    "asset": {
        "format": "jpg",
        "id": "22483b801715fda1e028f966ed66b81e",
        "name": "71834866_p0_master1200.jpg",
        "size": {
            "height": 848,
            "width": 600
        }
    },
    "dataset": {
        "average_hash": "2008183e3e3fffc3",
        "split": "train",
        "version": "v2"
    },
    "regions": [
        {
            "boundingBox": {
                "height": 138.39999389648438,
                "left": 187.79998779296875,
                "top": 335.8000183105469,
                "width": 249.60003662109375
            },
            "id": "dsBIebKtb",
            "points": [
                {
                    "x": 187.79998779296875,
                    "y": 335.8000183105469
                },
                {
                    "x": 437.4000244140625,
                    "y": 335.8000183105469
                },
                {
                    "x": 437.4000244140625,
                    "y": 474.20001220703125
                },
                {
                    "x": 187.79998779296875,
                    "y": 474.20001220703125
                }
            ]
        }
    ]
}