{
    "asset": {
        "format": "jpg",
        "id": "458ee0bb2f2964601f2766fe6d82e272",
        "name": "71834624_p0_master1200.jpg",
        "size": {
            "height": 849,
            "width": 600
        }
    },
    "dataset": {
        "average_hash": "f0f0b07c7d770303",
        "split": "train",
        "version": "v2"
    },
    "regions": [
        {
            "boundingBox": {
                "height": 182.39996337890625,
                "left": 58.20001220703125,
                "top": 441.9000244140625,
                "width": 244.79998779296875
            },
            "id": "BIDYpv5OU",
            "points": [
                {
                    "x": 58.20001220703125,
                    "y": 441.9000244140625
                },
                {
                    "x": 303,
                    "y": 441.9000244140625
                },
                {
                    "x": 303,
                    "y": 624.2999877929688
                },
                {
                    "x": 58.20001220703125,
                    "y": 624.2999877929688
                }
            ]
        }
    ]
}