{
    "asset": {
        "format": "jpg",
        "id": "cc030c94327973567230fa32089c4f25",
        "name": "71834201_p0_master1200.jpg",
        "size": {
            "height": 420,
            "width": 600
        }
    },
    "dataset": {
        "average_hash": "ffdf87838f818180",
        "split": "train",
        "version": "v2"
    },
    "regions": [
        {
            "boundingBox": {
                "height": 96.5999755859375,
                "left": 87.79998779296875,
                "top": 323.4000244140625,
                "width": 264.00006103515625
            },
            "id": "pC0tB28_9",
            "points": [
                {
                    "x": 87.79998779296875,
                    "y": 323.4000244140625
                },
                {
                    "x": 351.800048828125,
                    "y": 323.4000244140625
                },
                {
                    "x": 351.800048828125,
                    "y": 420
                },
                {
                    "x": 87.79998779296875,
                    "y": 420
                }
            ]
        }
    ]
}