{
    "asset": {
        "format": "jpg",
        "id": "b4710d5a57cbc3c7f502c46bcc6a64a0",
        "name": "71832886_p0_master1200.jpg",
        "size": {
            "height": 848,
            "width": 600
        }
    },
    "dataset": {
        "average_hash": "efc3c3818befc7f3",
        "split": "train",
        "version": "v2"
    },
    "regions": [
        {
            "boundingBox": {
                "height": 112,
                "left": 202.60003662109375,
                "top": 294,
                "width": 234.39996337890625
            },
            "id": "0z2iG7W6l",
            "points": [
                {
                    "x": 202.60003662109375,
                    "y": 294
                },
                {
                    "x": 437,
                    "y": 294
                },
                {
                    "x": 437,
                    "y": 406
                },
                {
                    "x": 202.60003662109375,
                    "y": 406
                }
            ]
        }
    ]
}