{
    "asset": {
        "format": "jpg",
        "id": "e03fd92b85a618a4871191f6eaef34a5",
        "name": "71833561_p1_master1200.jpg",
        "size": {
            "height": 540,
            "width": 600
        }
    },
    "dataset": {
        "average_hash": "42583c3c2c2c0000",
        "split": "train",
        "version": "v3"
    },
    "regions": [
        {
            "boundingBox": {
                "height": 112.7710843373494,
                "left": 168.17359855334539,
                "top": 390.20896084337346,
                "width": 271.24773960217
            },
            "id": "3nFxXpQea",
            "points": [
                {
                    "x": 168.17359855334539,
                    "y": 390.20896084337346
                },
                {
                    "x": 439.42133815551534,
                    "y": 390.20896084337346
                },
                {
                    "x": 439.42133815551534,
                    "y": 502.98004518072287
                },
                {
                    "x": 168.17359855334539,
                    "y": 502.98004518072287
                }
            ]
        }
    ]
}