{
    "asset": {
        "format": "jpg",
        "id": "f2daa6351db1f0a7bad7eb99fc5c1ddd",
        "name": "71835565_p0_master1200.jpg",
        "size": {
            "height": 474,
            "width": 600
        }
    },
    "dataset": {
        "average_hash": "f3a3939c1c077774",
        "split": "train",
        "version": "v2"
    },
    "regions": [
        {
            "boundingBox": {
                "height": 91.20001220703125,
                "left": 160.4000244140625,
                "top": 218,
                "width": 156.800048828125
            },
            "id": "F3zAk02QE",
            "points": [
                {
                    "x": 160.4000244140625,
                    "y": 218
                },
                {
                    "x": 317.2000732421875,
                    "y": 218
                },
                {
                    "x": 317.2000732421875,
                    "y": 309.20001220703125
                },
                {
                    "x": 160.4000244140625,
                    "y": 309.20001220703125
                }
            ]
        },
        {
            "boundingBox": {
                "height": 68.79998779296875,
                "left": 313.5999755859375,
                "top": 212.20001220703125,
                "width": 128
            },
            "id": "MZaE6t6Mp",
            "points": [
                {
                    "x": 313.5999755859375,
                    "y": 212.20001220703125
                },
                {
                    "x": 441.5999755859375,
                    "y": 212.20001220703125
                },
                {
                    "x": 441.5999755859375,
                    "y": 281
                },
                {
                    "x": 313.5999755859375,
                    "y": 281
                }
            ]
        },
        {
            "boundingBox": {
                "height": 0,
                "left": 454.2000732421875,
                "top": 344.79998779296875,
                "width": 0
            },
            "id": "8ycxDkpTO",
            "points": [
                {
                    "x": 454.2000732421875,
                    "y": 344.79998779296875
                },
                {
                    "x": 454.2000732421875,
                    "y": 344.79998779296875
                },
                {
                    "x": 454.2000732421875,
                    "y": 344.79998779296875
                },
                {
                    "x": 454.2000732421875,
                    "y": 344.79998779296875
                }
            ]
        }
    ]
}