{
    "asset": {
        "format": "jpg",
        "id": "22dd9699505553f0872bb39d17e812fd",
        "name": "71833704_p0_master1200.jpg",
        "size": {
            "height": 800,
            "width": 600
        }
    },
    "dataset": {
        "average_hash": "c0c098d8c53f3f0c",
        "split": "train",
        "version": "v2"
    },
    "regions": [
        {
            "boundingBox": {
                "height": 341.79998779296875,
                "left": 0.60003662109375,
                "top": 458.20001220703125,
                "width": 407.99993896484375
            },
            "id": "f9FdnAkta",
            "points": [
                {
                    "x": 0.60003662109375,
                    "y": 458.20001220703125
                },
                {
                    "x": 408.5999755859375,
                    "y": 458.20001220703125
                },
                {
                    "x": 408.5999755859375,
                    "y": 800
                },
                {
                    "x": 0.60003662109375,
                    "y": 800
                }
            ]
        }
    ]
}