{
    "asset": {
        "format": "jpg",
        "id": "36df9335f7214ad1374344a3c835819d",
        "name": "71833677_p0_master1200.jpg",
        "size": {
            "height": 600,
            "width": 600
        }
    },
    "dataset": {
        "average_hash": "387874fe7e7c2040",
        "split": "train",
        "version": "v2"
    },
    "regions": [
        {
            "boundingBox": {
                "height": 128.79998779296875,
                "left": 75.79998779296875,
                "top": 318.20001220703125,
                "width": 215.20001220703125
            },
            "id": "db1mDvN4h",
            "points": [
                {
                    "x": 75.79998779296875,
                    "y": 318.20001220703125
                },
                {
                    "x": 291,
                    "y": 318.20001220703125
                },
                {
                    "x": 291,
                    "y": 447
                },
                {
                    "x": 75.79998779296875,
                    "y": 447
                }
            ]
        },
        {
            "boundingBox": {
                "height": 154.20001220703125,
                "left": 314.2000732421875,
                "top": 318.79998779296875,
                "width": 166.7999267578125
            },
            "id": "MkRwdVRL2",
            "points": [
                {
                    "x": 314.2000732421875,
                    "y": 318.79998779296875
                },
                {
                    "x": 481,
                    "y": 318.79998779296875
                },
                {
                    "x": 481,
                    "y": 473
                },
                {
                    "x": 314.2000732421875,
                    "y": 473
                }
            ]
        }
    ]
}