{
    "asset": {
        "format": "jpg",
        "id": "c140cfa65ad667b9092bd2490079a005",
        "name": "71833754_p0_master1200.jpg",
        "size": {
            "height": 675,
            "width": 600
        }
    },
    "dataset": {
        "average_hash": "1f171f3e4c61c1c1",
        "split": "train",
        "version": "v2"
    },
    "regions": [
        {
            "boundingBox": {
                "height": 136,
                "left": 107.60003662109375,
                "top": 293,
                "width": 197.60003662109375
            },
            "id": "8QaTpxEqW",
            "points": [
                {
                    "x": 107.60003662109375,
                    "y": 293
                },
                {
                    "x": 305.2000732421875,
                    "y": 293
                },
                {
                    "x": 305.2000732421875,
                    "y": 429
                },
                {
                    "x": 107.60003662109375,
                    "y": 429
                }
            ]
        }
    ]
}