{
    "asset": {
        "format": "jpg",
        "id": "f66335f859372649e5ecaafa402d13ed",
        "name": "71833561_p0_master1200.jpg",
        "size": {
            "height": 540,
            "width": 600
        }
    },
    "dataset": {
        "average_hash": "42583c3c2c2c0001",
        "split": "train",
        "version": "v2"
    },
    "regions": [
        {
            "boundingBox": {
                "height": 173.5999755859375,
                "left": 131,
                "top": 356.20001220703125,
                "width": 326.4000244140625
            },
            "id": "vGGvptA4I",
            "points": [
                {
                    "x": 131,
                    "y": 356.20001220703125
                },
                {
                    "x": 457.4000244140625,
                    "y": 356.20001220703125
                },
                {
                    "x": 457.4000244140625,
                    "y": 529.7999877929688
                },
                {
                    "x": 131,
                    "y": 529.7999877929688
                }
            ]
        }
    ]
}