{
    "asset": {
        "format": "jpg",
        "id": "84597197bbc1b570e72e1ed5f0f6b125",
        "name": "71832944_p0_master1200.jpg",
        "size": {
            "height": 848,
            "width": 600
        }
    },
    "dataset": {
        "average_hash": "81c7ffef0787ffff",
        "split": "test",
        "version": "v2"
    },
    "regions": [
        {
            "boundingBox": {
                "height": 168.79998779296875,
                "left": 51.79998779296875,
                "top": 290.20001220703125,
                "width": 313.60003662109375
            },
            "id": "xOomuaam6",
            "points": [
                {
                    "x": 51.79998779296875,
                    "y": 290.20001220703125
                },
                {
                    "x": 365.4000244140625,
                    "y": 290.20001220703125
                },
                {
                    "x": 365.4000244140625,
                    "y": 459
                },
                {
                    "x": 51.79998779296875,
                    "y": 459
                }
            ]
        }
    ]
}