{
    "asset": {
        "format": "jpg",
        "id": "7734659b61d3ffad11a46818140ade06",
        "name": "71849667_p1_master1200.jpg",
        "size": {
            "height": 845,
            "width": 600
        }
    },
    "dataset": {
        "average_hash": "fffff7e3e1000000",
        "split": "train",
        "version": "v3"
    },
    "regions": [
        {
            "boundingBox": {
                "height": 104.92549668874172,
                "left": 243.2910839160839,
                "top": 337.16059602649005,
                "width": 181.8181818181818
            },
            "id": "ZanhgRwqS",
            "points": [
                {
                    "x": 243.2910839160839,
                    "y": 337.16059602649005
                },
                {
                    "x": 425.1092657342657,
                    "y": 337.16059602649005
                },
                {
                    "x": 425.1092657342657,
                    "y": 442.08609271523176
                },
                {
                    "x": 243.2910839160839,
                    "y": 442.08609271523176
                }
            ]
        }
    ]
}