{
    "asset": {
        "format": "jpg",
        "id": "692d9c7bd740805fb3d91c60e1c15bcb",
        "name": "71848619_p0_master1200.jpg",
        "size": {
            "height": 885,
            "width": 600
        }
    },
    "dataset": {
        "average_hash": "8f073f97838101c1",
        "split": "train",
        "version": "v2"
    },
    "regions": [
        {
            "boundingBox": {
                "height": 246.4000244140625,
                "left": 217.60003662109375,
                "top": 515.2000122070312,
                "width": 361.60003662109375
            },
            "id": "5JGi1Xu1b",
            "points": [
                {
                    "x": 217.60003662109375,
                    "y": 515.2000122070312
                },
                {
                    "x": 579.2000732421875,
                    "y": 515.2000122070312
                },
                {
                    "x": 579.2000732421875,
                    "y": 761.6000366210938
                },
                {
                    "x": 217.60003662109375,
                    "y": 761.6000366210938
                }
            ]
        }
    ]
}