{
    "asset": {
        "format": "jpg",
        "id": "1b28ae2aec17dca627631707e3deecaf",
        "name": "71847264_p1_master1200.jpg",
        "size": {
            "height": 752,
            "width": 600
        }
    },
    "dataset": {
        "average_hash": "e3e3e7e7e3c3c7f9",
        "split": "train",
        "version": "v3"
    },
    "regions": [
        {
            "boundingBox": {
                "height": 119.523178807947,
                "left": 182.326244813278,
                "top": 224.10596026490066,
                "width": 189.21161825726142
            },
            "id": "k_4CH4DIy",
            "points": [
                {
                    "x": 182.326244813278,
                    "y": 224.10596026490066
                },
                {
                    "x": 371.5378630705394,
                    "y": 224.10596026490066
                },
                {
                    "x": 371.5378630705394,
                    "y": 343.62913907284764
                },
                {
                    "x": 182.326244813278,
                    "y": 343.62913907284764
                }
            ]
        }
    ]
}