{
    "asset": {
        "format": "jpg",
        "id": "35bcd4282472491379273f0a7d60a493",
        "name": "71849138_p0_master1200.jpg",
        "size": {
            "height": 710,
            "width": 500
        }
    },
    "dataset": {
        "average_hash": "fd7990f1f9fff8f8",
        "split": "train",
        "version": "v2"
    },
    "regions": [
        {
            "boundingBox": {
                "height": 87.20001220703125,
                "left": 277.800048828125,
                "top": 187.60000610351562,
                "width": 140.7999267578125
            },
            "id": "9E9Pc18Un",
            "points": [
                {
                    "x": 277.800048828125,
                    "y": 187.60000610351562
                },
                {
                    "x": 418.5999755859375,
                    "y": 187.60000610351562
                },
                {
                    "x": 418.5999755859375,
                    "y": 274.8000183105469
                },
                {
                    "x": 277.800048828125,
                    "y": 274.8000183105469
                }
            ]
        }
    ]
}