{
    "asset": {
        "format": "jpg",
        "id": "544fabfff302402ead0df2a76dd1debc",
        "name": "71845297_p0_master1200.jpg",
        "size": {
            "height": 848,
            "width": 600
        }
    },
    "dataset": {
        "average_hash": "043f3fffce0c0000",
        "split": "train",
        "version": "v2"
    },
    "regions": [
        {
            "boundingBox": {
                "height": 96.00003051757812,
                "left": 189.4000244140625,
                "top": 320.6000061035156,
                "width": 157.5999755859375
            },
            "id": "3ILs3BnlP",
            "points": [
                {
                    "x": 189.4000244140625,
                    "y": 320.6000061035156
                },
                {
                    "x": 347,
                    "y": 320.6000061035156
                },
                {
                    "x": 347,
                    "y": 416.60003662109375
                },
                {
                    "x": 189.4000244140625,
                    "y": 416.60003662109375
                }
            ]
        }
    ]
}