{
    "asset": {
        "format": "jpg",
        "id": "c491f6440f9d0bc73b51085b2aca6e7b",
        "name": "71843553_p10_master1200.jpg",
        "size": {
            "height": 338,
            "width": 600
        }
    },
    "dataset": {
        "average_hash": "4e4e4e5f4f1c7c78",
        "split": "train",
        "version": "v3"
    },
    "regions": [
        {
            "boundingBox": {
                "height": 80.16666666666666,
                "left": 321.15732368896926,
                "top": 248.91276041666666,
                "width": 211.57323688969257
            },
            "id": "Z2zeIWlZ9",
            "points": [
                {
                    "x": 321.15732368896926,
                    "y": 248.91276041666666
                },
                {
                    "x": 532.7305605786618,
                    "y": 248.91276041666666
                },
                {
                    "x": 532.7305605786618,
                    "y": 329.0794270833333
                },
                {
                    "x": 321.15732368896926,
                    "y": 329.0794270833333
                }
            ]
        }
    ]
}