{
    "asset": {
        "format": "jpg",
        "id": "8fdd887fe0c68409bd97ba8462faa978",
        "name": "71849138_p1_master1200.jpg",
        "size": {
            "height": 700,
            "width": 500
        }
    },
    "dataset": {
        "average_hash": "cda9f1e0f9ffd8f8",
        "split": "train",
        "version": "v3"
    },
    "regions": [
        {
            "boundingBox": {
                "height": 60.26490066225165,
                "left": 286.7966937354988,
                "top": 195.86092715231786,
                "width": 142.69141531322506
            },
            "id": "N2D2DPbOn",
            "points": [
                {
                    "x": 286.7966937354988,
                    "y": 195.86092715231786
                },
                {
                    "x": 429.4881090487239,
                    "y": 195.86092715231786
                },
                {
                    "x": 429.4881090487239,
                    "y": 256.1258278145695
                },
                {
                    "x": 286.7966937354988,
                    "y": 256.1258278145695
                }
            ]
        }
    ]
}