{
    "asset": {
        "format": "jpg",
        "id": "71dc4bdc79b45a7ae3dc1fdb7a9c1323",
        "name": "71840147_p0_master1200.jpg",
        "size": {
            "height": 886,
            "width": 600
        }
    },
    "dataset": {
        "average_hash": "f3e1f9cbd1b191b1",
        "split": "train",
        "version": "v2"
    },
    "regions": [
        {
            "boundingBox": {
                "height": 240,
                "left": 83.79998779296875,
                "top": 516.4000244140625,
                "width": 300.79998779296875
            },
            "id": "nKbasjf50",
            "points": [
                {
                    "x": 83.79998779296875,
                    "y": 516.4000244140625
                },
                {
                    "x": 384.5999755859375,
                    "y": 516.4000244140625
                },
                {
                    "x": 384.5999755859375,
                    "y": 756.4000244140625
                },
                {
                    "x": 83.79998779296875,
                    "y": 756.4000244140625
                }
            ]
        }
    ]
}