{
    "asset": {
        "format": "jpg",
        "id": "96b8d123082102a26ce10fd684cf6efc",
        "name": "71847264_p0_master1200.jpg",
        "size": {
            "height": 435,
            "width": 600
        }
    },
    "dataset": {
        "average_hash": "f7e3c3c1c3c7c7c7",
        "split": "train",
        "version": "v2"
    },
    "regions": [
        {
            "boundingBox": {
                "height": 144,
                "left": 121.4000244140625,
                "top": 290.60003662109375,
                "width": 217.5999755859375
            },
            "id": "_eU2I9XWf",
            "points": [
                {
                    "x": 121.4000244140625,
                    "y": 290.60003662109375
                },
                {
                    "x": 339,
                    "y": 290.60003662109375
                },
                {
                    "x": 339,
                    "y": 434.60003662109375
                },
                {
                    "x": 121.4000244140625,
                    "y": 434.60003662109375
                }
            ]
        }
    ]
}