{
    "asset": {
        "format": "jpg",
        "id": "27b13cedce85973fe1562b0bcd5de0e4",
        "name": "71843553_p1_master1200.jpg",
        "size": {
            "height": 338,
            "width": 600
        }
    },
    "dataset": {
        "average_hash": "58fb3bdbdb08103c",
        "split": "train",
        "version": "v3"
    },
    "regions": [
        {
            "boundingBox": {
                "height": 32.5,
                "left": 273.4177215189873,
                "top": 188.24609375,
                "width": 59.67450271247739
            },
            "id": "_bAJu7-ex",
            "points": [
                {
                    "x": 273.4177215189873,
                    "y": 188.24609375
                },
                {
                    "x": 333.09222423146474,
                    "y": 188.24609375
                },
                {
                    "x": 333.09222423146474,
                    "y": 220.74609374999997
                },
                {
                    "x": 273.4177215189873,
                    "y": 220.74609374999997
                }
            ]
        }
    ]
}