{
    "asset": {
        "format": "jpg",
        "id": "59662cc5f8cc2e408875bd044ecefea0",
        "name": "71849138_p4_master1200.jpg",
        "size": {
            "height": 700,
            "width": 500
        }
    },
    "dataset": {
        "average_hash": "ddf9f1f9d8f9f8f8",
        "split": "train",
        "version": "v3"
    },
    "regions": [
        {
            "boundingBox": {
                "height": 77.64900662251655,
                "left": 274.0356728538283,
                "top": 201.65562913907283,
                "width": 85.84686774941996
            },
            "id": "FnXpkc41J",
            "points": [
                {
                    "x": 274.0356728538283,
                    "y": 201.65562913907283
                },
                {
                    "x": 359.8825406032483,
                    "y": 201.65562913907283
                },
                {
                    "x": 359.8825406032483,
                    "y": 279.3046357615894
                },
                {
                    "x": 274.0356728538283,
                    "y": 279.3046357615894
                }
            ]
        }
    ]
}