{
    "asset": {
        "format": "jpg",
        "id": "332a3b0f23fe3ec041e68ff8507082d2",
        "name": "71843553_p20_master1200.jpg",
        "size": {
            "height": 338,
            "width": 600
        }
    },
    "dataset": {
        "average_hash": "6e2f2f3f7b23363e",
        "split": "train",
        "version": "v3"
    },
    "regions": [
        {
            "boundingBox": {
                "height": 289.50390625,
                "left": 2.1699819168173597,
                "top": 48.49609375,
                "width": 150.8137432188065
            },
            "id": "98Rbj4R9x",
            "points": [
                {
                    "x": 2.1699819168173597,
                    "y": 48.49609375
                },
                {
                    "x": 152.98372513562387,
                    "y": 48.49609375
                },
                {
                    "x": 152.98372513562387,
                    "y": 338
                },
                {
                    "x": 2.1699819168173597,
                    "y": 338
                }
            ]
        }
    ]
}