{
    "asset": {
        "format": "jpg",
        "id": "0f5301ec0dd8d698d66de51bb5fe15c9",
        "name": "71840745_p0_master1200.jpg",
        "size": {
            "height": 450,
            "width": 600
        }
    },
    "dataset": {
        "average_hash": "30e7b139071f7bf1",
        "split": "train",
        "version": "v2"
    },
    "regions": [
        {
            "boundingBox": {
                "height": 123.199951171875,
                "left": 251.79998779296875,
                "top": 305.60003662109375,
                "width": 216.79998779296875
            },
            "id": "SlZBh1rlr",
            "points": [
                {
                    "x": 251.79998779296875,
                    "y": 305.60003662109375
                },
                {
                    "x": 468.5999755859375,
                    "y": 305.60003662109375
                },
                {
                    "x": 468.5999755859375,
                    "y": 428.79998779296875
                },
                {
                    "x": 251.79998779296875,
                    "y": 428.79998779296875
                }
            ]
        }
    ]
}