{
    "asset": {
        "format": "jpg",
        "id": "e49f9ca034f36238ce87a978a914fa9c",
        "name": "71843553_p3_master1200.jpg",
        "size": {
            "height": 335,
            "width": 600
        }
    },
    "dataset": {
        "average_hash": "58fb3bfb5900003c",
        "split": "train",
        "version": "v3"
    },
    "regions": [
        {
            "boundingBox": {
                "height": 29.271844660194176,
                "left": 267.99276672694396,
                "top": 206.4105481391586,
                "width": 57.504520795660035
            },
            "id": "aFC15Fnuy",
            "points": [
                {
                    "x": 267.99276672694396,
                    "y": 206.4105481391586
                },
                {
                    "x": 325.497287522604,
                    "y": 206.4105481391586
                },
                {
                    "x": 325.497287522604,
                    "y": 235.68239279935278
                },
                {
                    "x": 267.99276672694396,
                    "y": 235.68239279935278
                }
            ]
        }
    ]
}