{
    "asset": {
        "format": "jpg",
        "id": "ed50e5bf99af2ce5ff83907e915b9ecb",
        "name": "71843553_p18_master1200.jpg",
        "size": {
            "height": 339,
            "width": 600
        }
    },
    "dataset": {
        "average_hash": "5e0f3f3f1f0f1e1e",
        "split": "train",
        "version": "v3"
    },
    "regions": [
        {
            "boundingBox": {
                "height": 295.5384615384615,
                "left": 0,
                "top": 31.76427283653846,
                "width": 106.32911392405063
            },
            "id": "Y4WfYnpzR",
            "points": [
                {
                    "x": 0,
                    "y": 31.76427283653846
                },
                {
                    "x": 106.32911392405063,
                    "y": 31.76427283653846
                },
                {
                    "x": 106.32911392405063,
                    "y": 327.302734375
                },
                {
                    "x": 0,
                    "y": 327.302734375
                }
            ]
        }
    ]
}