{
    "asset": {
        "format": "jpg",
        "id": "79afaa5897c1a2ff3c3947c325498955",
        "name": "71843553_p19_master1200.jpg",
        "size": {
            "height": 337,
            "width": 600
        }
    },
    "dataset": {
        "average_hash": "5e1e3f3f7f371602",
        "split": "train",
        "version": "v3"
    },
    "regions": [
        {
            "boundingBox": {
                "height": 284.9871382636656,
                "left": 0,
                "top": 50.1842845659164,
                "width": 119.34900542495478
            },
            "id": "cSEi6ADBz",
            "points": [
                {
                    "x": 0,
                    "y": 50.1842845659164
                },
                {
                    "x": 119.34900542495478,
                    "y": 50.1842845659164
                },
                {
                    "x": 119.34900542495478,
                    "y": 335.171422829582
                },
                {
                    "x": 0,
                    "y": 335.171422829582
                }
            ]
        }
    ]
}