{
    "asset": {
        "format": "jpg",
        "id": "6b922443b019c3c91e6ac2c02d4c9f34",
        "name": "71843553_p4_master1200.jpg",
        "size": {
            "height": 336,
            "width": 600
        }
    },
    "dataset": {
        "average_hash": "001839193d7fff7e",
        "split": "train",
        "version": "v3"
    },
    "regions": [
        {
            "boundingBox": {
                "height": 54.19354838709678,
                "left": 241.95298372513562,
                "top": 183.00483870967744,
                "width": 52.079566003616634
            },
            "id": "kD18p3q0u",
            "points": [
                {
                    "x": 241.95298372513562,
                    "y": 183.00483870967744
                },
                {
                    "x": 294.03254972875226,
                    "y": 183.00483870967744
                },
                {
                    "x": 294.03254972875226,
                    "y": 237.1983870967742
                },
                {
                    "x": 241.95298372513562,
                    "y": 237.1983870967742
                }
            ]
        }
    ]
}