{
    "asset": {
        "format": "jpg",
        "id": "53d30b2b26c6336471d9790eddfc9318",
        "name": "71849138_p2_master1200.jpg",
        "size": {
            "height": 700,
            "width": 500
        }
    },
    "dataset": {
        "average_hash": "ff1999f999dfd9f8",
        "split": "train",
        "version": "v3"
    },
    "regions": [
        {
            "boundingBox": {
                "height": 74.17218543046357,
                "left": 294.917343387471,
                "top": 193.54304635761588,
                "width": 147.33178654292342
            },
            "id": "jTYGmQPnI",
            "points": [
                {
                    "x": 294.917343387471,
                    "y": 193.54304635761588
                },
                {
                    "x": 442.2491299303944,
                    "y": 193.54304635761588
                },
                {
                    "x": 442.2491299303944,
                    "y": 267.71523178807945
                },
                {
                    "x": 294.917343387471,
                    "y": 267.71523178807945
                }
            ]
        }
    ]
}