{
    "asset": {
        "format": "jpg",
        "id": "2f31a9a817435ac941b6d883d2de742a",
        "name": "71841017_p0_master1200.jpg",
        "size": {
            "height": 1067,
            "width": 600
        }
    },
    "dataset": {
        "average_hash": "f1f1f3fde3e300c3",
        "split": "train",
        "version": "v2"
    },
    "regions": [
        {
            "boundingBox": {
                "height": 182.78754629662527,
                "left": 171.68205670199862,
                "top": 432.12391529360826,
                "width": 305.21258285437847
            },
            "id": "huaCBd0oo",
            "points": [
                {
                    "x": 171.68205670199862,
                    "y": 432.12391529360826
                },
                {
                    "x": 476.8946395563771,
                    "y": 432.12391529360826
                },
                {
                    "x": 476.8946395563771,
                    "y": 614.9114615902336
                },
                {
                    "x": 171.68205670199862,
                    "y": 614.9114615902336
                }
            ]
        }
    ]
}