{
    "asset": {
        "format": "jpg",
        "id": "02358f748d39d4971ba5ff71c7e2c9ec",
        "name": "71846081_p0_master1200.jpg",
        "size": {
            "height": 542,
            "width": 600
        }
    },
    "dataset": {
        "average_hash": "0cfdffc4c0f0f0ff",
        "split": "train",
        "version": "v2"
    },
    "regions": [
        {
            "boundingBox": {
                "height": 92,
                "left": 181.4000244140625,
                "top": 236.4000244140625,
                "width": 155.199951171875
            },
            "id": "v9z0AaXXq",
            "points": [
                {
                    "x": 181.4000244140625,
                    "y": 236.4000244140625
                },
                {
                    "x": 336.5999755859375,
                    "y": 236.4000244140625
                },
                {
                    "x": 336.5999755859375,
                    "y": 328.4000244140625
                },
                {
                    "x": 181.4000244140625,
                    "y": 328.4000244140625
                }
            ]
        }
    ]
}