{
    "asset": {
        "format": "jpg",
        "id": "3dcd930a6bdad5d6251f38a69405bc4a",
        "name": "71843553_p5_master1200.jpg",
        "size": {
            "height": 337,
            "width": 600
        }
    },
    "dataset": {
        "average_hash": "001c3c7e7fffff7e",
        "split": "train",
        "version": "v3"
    },
    "regions": [
        {
            "boundingBox": {
                "height": 70.43408360128618,
                "left": 350.4520795660036,
                "top": 191.05245176848877,
                "width": 43.399638336347195
            },
            "id": "WWxWhKSYW",
            "points": [
                {
                    "x": 350.4520795660036,
                    "y": 191.05245176848877
                },
                {
                    "x": 393.8517179023508,
                    "y": 191.05245176848877
                },
                {
                    "x": 393.8517179023508,
                    "y": 261.4865353697749
                },
                {
                    "x": 350.4520795660036,
                    "y": 261.4865353697749
                }
            ]
        }
    ]
}