{
    "asset": {
        "format": "jpg",
        "id": "082c10f523f6d038a0038422d761da9f",
        "name": "71849667_p0_master1200.jpg",
        "size": {
            "height": 845,
            "width": 600
        }
    },
    "dataset": {
        "average_hash": "fffff7e3e1000000",
        "split": "train",
        "version": "v2"
    },
    "regions": [
        {
            "boundingBox": {
                "height": 112.79998779296875,
                "left": 252.60003662109375,
                "top": 337.20001220703125,
                "width": 180.79998779296875
            },
            "id": "f2sQW2x4P",
            "points": [
                {
                    "x": 252.60003662109375,
                    "y": 337.20001220703125
                },
                {
                    "x": 433.4000244140625,
                    "y": 337.20001220703125
                },
                {
                    "x": 433.4000244140625,
                    "y": 450
                },
                {
                    "x": 252.60003662109375,
                    "y": 450
                }
            ]
        }
    ]
}