{
    "asset": {
        "format": "jpg",
        "id": "36d15c6a1e9b2c75383938ce64e8b58e",
        "name": "71843843_p0_master1200.jpg",
        "size": {
            "height": 420,
            "width": 600
        }
    },
    "dataset": {
        "average_hash": "e3e1fbd981808880",
        "split": "train",
        "version": "v2"
    },
    "regions": [
        {
            "boundingBox": {
                "height": 48.79998779296875,
                "left": 88.60003662109375,
                "top": 186.60003662109375,
                "width": 109.5999755859375
            },
            "id": "BwMJgtm-l",
            "points": [
                {
                    "x": 88.60003662109375,
                    "y": 186.60003662109375
                },
                {
                    "x": 198.20001220703125,
                    "y": 186.60003662109375
                },
                {
                    "x": 198.20001220703125,
                    "y": 235.4000244140625
                },
                {
                    "x": 88.60003662109375,
                    "y": 235.4000244140625
                }
            ]
        },
        {
            "boundingBox": {
                "height": 57.60003662109375,
                "left": 231,
                "top": 233,
                "width": 102.4000244140625
            },
            "id": "ErZVoy52n",
            "points": [
                {
                    "x": 231,
                    "y": 233
                },
                {
                    "x": 333.4000244140625,
                    "y": 233
                },
                {
                    "x": 333.4000244140625,
                    "y": 290.60003662109375
                },
                {
                    "x": 231,
                    "y": 290.60003662109375
                }
            ]
        },
        {
            "boundingBox": {
                "height": 62.4000244140625,
                "left": 413.4000244140625,
                "top": 208.20001220703125,
                "width": 101.5999755859375
            },
            "id": "ju0oLAR46",
            "points": [
                {
                    "x": 413.4000244140625,
                    "y": 208.20001220703125
                },
                {
                    "x": 515,
                    "y": 208.20001220703125
                },
                {
                    "x": 515,
                    "y": 270.60003662109375
                },
                {
                    "x": 413.4000244140625,
                    "y": 270.60003662109375
                }
            ]
        }
    ]
}