{
    "asset": {
        "format": "jpg",
        "id": "1ab4c07008e4d032451348ba0787d70b",
        "name": "71843553_p7_master1200.jpg",
        "size": {
            "height": 341,
            "width": 600
        }
    },
    "dataset": {
        "average_hash": "3e7e3c3c1e3f7676",
        "split": "train",
        "version": "v3"
    },
    "regions": [
        {
            "boundingBox": {
                "height": 35.8375796178344,
                "left": 305.96745027124774,
                "top": 235.82892117834396,
                "width": 60.75949367088607
            },
            "id": "nNEd9FkDu",
            "points": [
                {
                    "x": 305.96745027124774,
                    "y": 235.82892117834396
                },
                {
                    "x": 366.7269439421338,
                    "y": 235.82892117834396
                },
                {
                    "x": 366.7269439421338,
                    "y": 271.66650079617835
                },
                {
                    "x": 305.96745027124774,
                    "y": 271.66650079617835
                }
            ]
        }
    ]
}