{
    "asset": {
        "format": "jpg",
        "id": "618849ef4a0b3ac56cf9e7ed65d362d6",
        "name": "71843553_p8_master1200.jpg",
        "size": {
            "height": 334,
            "width": 600
        }
    },
    "dataset": {
        "average_hash": "7e7e2e3406677e7e",
        "split": "train",
        "version": "v3"
    },
    "regions": [
        {
            "boundingBox": {
                "height": 42.2922077922078,
                "left": 241.95298372513562,
                "top": 172.33735795454547,
                "width": 92.22423146473778
            },
            "id": "5YA14UZyh",
            "points": [
                {
                    "x": 241.95298372513562,
                    "y": 172.33735795454547
                },
                {
                    "x": 334.1772151898734,
                    "y": 172.33735795454547
                },
                {
                    "x": 334.1772151898734,
                    "y": 214.62956574675326
                },
                {
                    "x": 241.95298372513562,
                    "y": 214.62956574675326
                }
            ]
        }
    ]
}