{
    "asset": {
        "format": "jpg",
        "id": "1cb3e5661d616003bed85d1f8fb14804",
        "name": "71840504_p0_master1200.jpg",
        "size": {
            "height": 615,
            "width": 600
        }
    },
    "dataset": {
        "average_hash": "dfcfcf8080fff7ff",
        "split": "train",
        "version": "v2"
    },
    "regions": [
        {
            "boundingBox": {
                "height": 52.88598125842961,
                "left": 163.8586956521739,
                "top": 198.32247557003257,
                "width": 83.47827311742266
            },
            "id": "sbZRgR4VR",
            "points": [
                {
                    "x": 163.8586956521739,
                    "y": 198.32247557003257
                },
                {
                    "x": 247.33696876959658,
                    "y": 198.32247557003257
                },
                {
                    "x": 247.33696876959658,
                    "y": 251.20845682846218
                },
                {
                    "x": 163.8586956521739,
                    "y": 251.20845682846218
                }
            ]
        }
    ]
}