{
    "asset": {
        "format": "jpg",
        "id": "ea5af547548700bad6d89daa2d06525f",
        "name": "71843553_p0_master1200.jpg",
        "size": {
            "height": 340,
            "width": 600
        }
    },
    "dataset": {
        "average_hash": "5afbfbdb5b00107e",
        "split": "train",
        "version": "v2"
    },
    "regions": [
        {
            "boundingBox": {
                "height": 35.20001220703125,
                "left": 269.4000244140625,
                "top": 192.20001220703125,
                "width": 55.199951171875
            },
            "id": "YMAG4Tb73",
            "points": [
                {
                    "x": 269.4000244140625,
                    "y": 192.20001220703125
                },
                {
                    "x": 324.5999755859375,
                    "y": 192.20001220703125
                },
                {
                    "x": 324.5999755859375,
                    "y": 227.4000244140625
                },
                {
                    "x": 269.4000244140625,
                    "y": 227.4000244140625
                }
            ]
        }
    ]
}