{
    "asset": {
        "format": "jpg",
        "id": "ebc4a6bbab4dab48e79a4108683272bb",
        "name": "71843553_p11_master1200.jpg",
        "size": {
            "height": 337,
            "width": 600
        }
    },
    "dataset": {
        "average_hash": "1c1c1c3eff5f7e7e",
        "split": "train",
        "version": "v3"
    },
    "regions": [
        {
            "boundingBox": {
                "height": 43.00542604501608,
                "left": 258.2278481012658,
                "top": 293.99457395498393,
                "width": 150.8137432188065
            },
            "id": "2Kby1s6Cz",
            "points": [
                {
                    "x": 258.2278481012658,
                    "y": 293.99457395498393
                },
                {
                    "x": 409.0415913200723,
                    "y": 293.99457395498393
                },
                {
                    "x": 409.0415913200723,
                    "y": 337
                },
                {
                    "x": 258.2278481012658,
                    "y": 337
                }
            ]
        }
    ]
}