{
    "asset": {
        "format": "jpg",
        "id": "cc8bda3372e310759c62019be66f550c",
        "name": "71843553_p14_master1200.jpg",
        "size": {
            "height": 335,
            "width": 600
        }
    },
    "dataset": {
        "average_hash": "3e3e3e3e1e1c0040",
        "split": "train",
        "version": "v3"
    },
    "regions": [
        {
            "boundingBox": {
                "height": 297.0550161812298,
                "left": 0,
                "top": 18.85391383495146,
                "width": 307.0524412296564
            },
            "id": "7ouZN9eAY",
            "points": [
                {
                    "x": 0,
                    "y": 18.85391383495146
                },
                {
                    "x": 307.0524412296564,
                    "y": 18.85391383495146
                },
                {
                    "x": 307.0524412296564,
                    "y": 315.9089300161813
                },
                {
                    "x": 0,
                    "y": 315.9089300161813
                }
            ]
        }
    ]
}