{
    "asset": {
        "format": "jpg",
        "id": "e80fab20f5dfe6e460fee061dda37d34",
        "name": "71843553_p6_master1200.jpg",
        "size": {
            "height": 333,
            "width": 600
        }
    },
    "dataset": {
        "average_hash": "7e7e3c2426666e7e",
        "split": "train",
        "version": "v3"
    },
    "regions": [
        {
            "boundingBox": {
                "height": 82.43648208469055,
                "left": 299.4575045207956,
                "top": 174.05893729641696,
                "width": 45.56962025316456
            },
            "id": "yWy8d-x_c",
            "points": [
                {
                    "x": 299.4575045207956,
                    "y": 174.05893729641696
                },
                {
                    "x": 345.0271247739602,
                    "y": 174.05893729641696
                },
                {
                    "x": 345.0271247739602,
                    "y": 256.4954193811075
                },
                {
                    "x": 299.4575045207956,
                    "y": 256.4954193811075
                }
            ]
        }
    ]
}