{
    "asset": {
        "format": "jpg",
        "id": "59918271779acd1ff4548e68f89938ec",
        "name": "71843553_p17_master1200.jpg",
        "size": {
            "height": 337,
            "width": 600
        }
    },
    "dataset": {
        "average_hash": "1e2f3f7f6f1b1b72",
        "split": "train",
        "version": "v3"
    },
    "regions": [
        {
            "boundingBox": {
                "height": 286.07073954983923,
                "left": 0,
                "top": 39.348271704180064,
                "width": 111.75406871609403
            },
            "id": "E99LUxlgF",
            "points": [
                {
                    "x": 0,
                    "y": 39.348271704180064
                },
                {
                    "x": 111.75406871609403,
                    "y": 39.348271704180064
                },
                {
                    "x": 111.75406871609403,
                    "y": 325.4190112540193
                },
                {
                    "x": 0,
                    "y": 325.4190112540193
                }
            ]
        }
    ]
}