{
    "asset": {
        "format": "jpg",
        "id": "306ce748fdd428cfd51a3757b3e7631e",
        "name": "71852064_p0_master1200.jpg",
        "size": {
            "height": 977,
            "width": 600
        }
    },
    "dataset": {
        "average_hash": "00043e0e0c0c3c7e",
        "split": "test",
        "version": "v2"
    },
    "regions": [
        {
            "boundingBox": {
                "height": 90.99709559577418,
                "left": 289.4237660553496,
                "top": 274.61621001753144,
                "width": 124.47453902939618
            },
            "id": "QcHCBxNOn",
            "points": [
                {
                    "x": 289.4237660553496,
                    "y": 274.61621001753144
                },
                {
                    "x": 413.89830508474574,
                    "y": 274.61621001753144
                },
                {
                    "x": 413.89830508474574,
                    "y": 365.6133056133056
                },
                {
                    "x": 289.4237660553496,
                    "y": 365.6133056133056
                }
            ]
        }
    ]
}