{
    "asset": {
        "format": "jpg",
        "id": "f9c493531fce78012e446cbc997bb42b",
        "name": "71856541_p5_master1200.jpg",
        "size": {
            "height": 1000,
            "width": 542
        }
    },
    "dataset": {
        "average_hash": "f8f0c1a3d3d3c7c0",
        "split": "train",
        "version": "v3"
    },
    "regions": [
        {
            "boundingBox": {
                "height": 112.58278145695364,
                "left": 341.75420489296636,
                "top": 230.13245033112582,
                "width": 92.81957186544342
            },
            "id": "A1O83HAJ2",
            "points": [
                {
                    "x": 341.75420489296636,
                    "y": 230.13245033112582
                },
                {
                    "x": 434.57377675840974,
                    "y": 230.13245033112582
                },
                {
                    "x": 434.57377675840974,
                    "y": 342.71523178807945
                },
                {
                    "x": 341.75420489296636,
                    "y": 342.71523178807945
                }
            ]
        }
    ]
}