{
    "asset": {
        "format": "jpg",
        "id": "56d77232cf3f6b6fbdfd8cefa28c69d5",
        "name": "71856541_p3_master1200.jpg",
        "size": {
            "height": 1000,
            "width": 500
        }
    },
    "dataset": {
        "average_hash": "c783c34783c7cfef",
        "split": "train",
        "version": "v3"
    },
    "regions": [
        {
            "boundingBox": {
                "height": 82.78145695364239,
                "left": 163.0794701986755,
                "top": 288.0794701986755,
                "width": 149.0066225165563
            },
            "id": "cjEKna8w8",
            "points": [
                {
                    "x": 163.0794701986755,
                    "y": 288.0794701986755
                },
                {
                    "x": 312.0860927152318,
                    "y": 288.0794701986755
                },
                {
                    "x": 312.0860927152318,
                    "y": 370.8609271523179
                },
                {
                    "x": 163.0794701986755,
                    "y": 370.8609271523179
                }
            ]
        }
    ]
}