{
    "asset": {
        "format": "jpg",
        "id": "0051c84ab091cacf964fca8595f6228d",
        "name": "71855896_p0_master1200.jpg",
        "size": {
            "height": 965,
            "width": 600
        }
    },
    "dataset": {
        "average_hash": "f9e1d1d8f88889ff",
        "split": "train",
        "version": "v2"
    },
    "regions": [
        {
            "boundingBox": {
                "height": 221.08728135202134,
                "left": 57.99329878893185,
                "top": 527.239121974382,
                "width": 213.9130557261183
            },
            "id": "guOF6eZPC",
            "points": [
                {
                    "x": 57.99329878893185,
                    "y": 527.239121974382
                },
                {
                    "x": 271.90635451505017,
                    "y": 527.239121974382
                },
                {
                    "x": 271.90635451505017,
                    "y": 748.3264033264032
                },
                {
                    "x": 57.99329878893185,
                    "y": 748.3264033264032
                }
            ]
        }
    ]
}