{
    "asset": {
        "format": "jpg",
        "id": "c03297d4e8af5d9e2f3149c236d3f645",
        "name": "71855616_p0_master1200.jpg",
        "size": {
            "height": 768,
            "width": 576
        }
    },
    "dataset": {
        "average_hash": "0030343c3c361c1e",
        "split": "train",
        "version": "v2"
    },
    "regions": [
        {
            "boundingBox": {
                "height": 156.79998779296875,
                "left": 161.4000244140625,
                "top": 354.20001220703125,
                "width": 248.800048828125
            },
            "id": "z7tn9PRRj",
            "points": [
                {
                    "x": 161.4000244140625,
                    "y": 354.20001220703125
                },
                {
                    "x": 410.2000732421875,
                    "y": 354.20001220703125
                },
                {
                    "x": 410.2000732421875,
                    "y": 511
                },
                {
                    "x": 161.4000244140625,
                    "y": 511
                }
            ]
        }
    ]
}