{
    "asset": {
        "format": "jpg",
        "id": "97f236958df59dd86a5ee163d21ce461",
        "name": "71859086_p0_master1200.jpg",
        "size": {
            "height": 900,
            "width": 600
        }
    },
    "dataset": {
        "average_hash": "ffe7c3c18191c3ff",
        "split": "train",
        "version": "v2"
    },
    "regions": [
        {
            "boundingBox": {
                "height": 118.39999389648438,
                "left": 152.60003662109375,
                "top": 370.6000061035156,
                "width": 226.39996337890625
            },
            "id": "pUvF2akhH",
            "points": [
                {
                    "x": 152.60003662109375,
                    "y": 370.6000061035156
                },
                {
                    "x": 379,
                    "y": 370.6000061035156
                },
                {
                    "x": 379,
                    "y": 489
                },
                {
                    "x": 152.60003662109375,
                    "y": 489
                }
            ]
        }
    ]
}