{
    "asset": {
        "format": "jpg",
        "id": "39927d725b5522a5c7526c5cb6b04535",
        "name": "71852083_p0_master1200.jpg",
        "size": {
            "height": 849,
            "width": 600
        }
    },
    "dataset": {
        "average_hash": "f3f3f13ce4d09b78",
        "split": "train",
        "version": "v2"
    },
    "regions": [
        {
            "boundingBox": {
                "height": 103.199951171875,
                "left": 139.79998779296875,
                "top": 409.10003662109375,
                "width": 223.20001220703125
            },
            "id": "sNunN6Z7W",
            "points": [
                {
                    "x": 139.79998779296875,
                    "y": 409.10003662109375
                },
                {
                    "x": 363,
                    "y": 409.10003662109375
                },
                {
                    "x": 363,
                    "y": 512.2999877929688
                },
                {
                    "x": 139.79998779296875,
                    "y": 512.2999877929688
                }
            ]
        }
    ]
}