{
    "asset": {
        "format": "jpg",
        "id": "f437879dc3f7c1ae8cb0f44d465351db",
        "name": "71859468_p5_master1200.jpg",
        "size": {
            "height": 338,
            "width": 600
        }
    },
    "dataset": {
        "average_hash": "cc8e07cfc7e7e7f3",
        "split": "test",
        "version": "v3"
    },
    "regions": [
        {
            "boundingBox": {
                "height": 55.24999999999999,
                "left": 205.0632911392405,
                "top": 140.57942708333331,
                "width": 112.8390596745027
            },
            "id": "o_L3zgwdn",
            "points": [
                {
                    "x": 205.0632911392405,
                    "y": 140.57942708333331
                },
                {
                    "x": 317.9023508137432,
                    "y": 140.57942708333331
                },
                {
                    "x": 317.9023508137432,
                    "y": 195.82942708333331
                },
                {
                    "x": 205.0632911392405,
                    "y": 195.82942708333331
                }
            ]
        }
    ]
}