{
    "asset": {
        "format": "jpg",
        "id": "a6756a2b513a0013c09a75f4f2b44f7b",
        "name": "71856541_p0_master1200.jpg",
        "size": {
            "height": 808,
            "width": 403
        }
    },
    "dataset": {
        "average_hash": "f3db91b0f6e8e0f9",
        "split": "train",
        "version": "v2"
    },
    "regions": [
        {
            "boundingBox": {
                "height": 229.60000610351562,
                "left": 239.800048828125,
                "top": 241.80001831054688,
                "width": 151.199951171875
            },
            "id": "phJm0pqnP",
            "points": [
                {
                    "x": 239.800048828125,
                    "y": 241.80001831054688
                },
                {
                    "x": 391,
                    "y": 241.80001831054688
                },
                {
                    "x": 391,
                    "y": 471.4000244140625
                },
                {
                    "x": 239.800048828125,
                    "y": 471.4000244140625
                }
            ]
        }
    ]
}