{
    "asset": {
        "format": "jpg",
        "id": "6cdc6b25a32f5177ac3548f3154ac76e",
        "name": "71854997_p0_master1200.jpg",
        "size": {
            "height": 815,
            "width": 600
        }
    },
    "dataset": {
        "average_hash": "70cc0e586cce1c11",
        "split": "train",
        "version": "v2"
    },
    "regions": [
        {
            "boundingBox": {
                "height": 161.79850135447057,
                "left": 217.03753662109375,
                "top": 297.56512278713814,
                "width": 221.5999755859375
            },
            "id": "g688I6gXO",
            "points": [
                {
                    "x": 217.03753662109375,
                    "y": 297.56512278713814
                },
                {
                    "x": 438.63751220703125,
                    "y": 297.56512278713814
                },
                {
                    "x": 438.63751220703125,
                    "y": 459.36362414160874
                },
                {
                    "x": 217.03753662109375,
                    "y": 459.36362414160874
                }
            ]
        }
    ]
}