{
    "asset": {
        "format": "jpg",
        "id": "b23f5c13753c4cda696037fef4b1914b",
        "name": "71859468_p1_master1200.jpg",
        "size": {
            "height": 338,
            "width": 600
        }
    },
    "dataset": {
        "average_hash": "00e6efeffed61000",
        "split": "test",
        "version": "v3"
    },
    "regions": [
        {
            "boundingBox": {
                "height": 46.58333333333333,
                "left": 221.3381555153707,
                "top": 168.74609375,
                "width": 99.81916817359854
            },
            "id": "afQ6GrWfr",
            "points": [
                {
                    "x": 221.3381555153707,
                    "y": 168.74609375
                },
                {
                    "x": 321.15732368896926,
                    "y": 168.74609375
                },
                {
                    "x": 321.15732368896926,
                    "y": 215.32942708333331
                },
                {
                    "x": 221.3381555153707,
                    "y": 215.32942708333331
                }
            ]
        }
    ]
}