{
    "asset": {
        "format": "jpg",
        "id": "337a63815637117b99c1b73be78aba0b",
        "name": "71859685_p0_master1200.jpg",
        "size": {
            "height": 338,
            "width": 600
        }
    },
    "dataset": {
        "average_hash": "26667e7c7c5c3a38",
        "split": "train",
        "version": "v2"
    },
    "regions": [
        {
            "boundingBox": {
                "height": 51.20001220703125,
                "left": 211.79998779296875,
                "top": 127.20001220703125,
                "width": 68.800048828125
            },
            "id": "RAOqjZytR",
            "points": [
                {
                    "x": 211.79998779296875,
                    "y": 127.20001220703125
                },
                {
                    "x": 280.60003662109375,
                    "y": 127.20001220703125
                },
                {
                    "x": 280.60003662109375,
                    "y": 178.4000244140625
                },
                {
                    "x": 211.79998779296875,
                    "y": 178.4000244140625
                }
            ]
        },
        {
            "boundingBox": {
                "height": 68.79998779296875,
                "left": 279,
                "top": 122.4000244140625,
                "width": 131.2000732421875
            },
            "id": "4NMjJ-Xw5",
            "points": [
                {
                    "x": 279,
                    "y": 122.4000244140625
                },
                {
                    "x": 410.2000732421875,
                    "y": 122.4000244140625
                },
                {
                    "x": 410.2000732421875,
                    "y": 191.20001220703125
                },
                {
                    "x": 279,
                    "y": 191.20001220703125
                }
            ]
        }
    ]
}