{
    "asset": {
        "format": "jpg",
        "id": "d74715e1b6598ad8848db7357956c208",
        "name": "71857389_p0_master1200.jpg",
        "size": {
            "height": 724,
            "width": 600
        }
    },
    "dataset": {
        "average_hash": "3fe3c3db83e3c381",
        "split": "train",
        "version": "v2"
    },
    "regions": [
        {
            "boundingBox": {
                "height": 117.60000610351562,
                "left": 228.60003662109375,
                "top": 273.8000183105469,
                "width": 164.79998779296875
            },
            "id": "M6u8I5Gqx",
            "points": [
                {
                    "x": 228.60003662109375,
                    "y": 273.8000183105469
                },
                {
                    "x": 393.4000244140625,
                    "y": 273.8000183105469
                },
                {
                    "x": 393.4000244140625,
                    "y": 391.4000244140625
                },
                {
                    "x": 228.60003662109375,
                    "y": 391.4000244140625
                }
            ]
        }
    ]
}