{
    "asset": {
        "format": "jpg",
        "id": "8a4ceae71fba2b3f8cfdc190a82c37ef",
        "name": "71856541_p7_master1200.jpg",
        "size": {
            "height": 1000,
            "width": 500
        }
    },
    "dataset": {
        "average_hash": "b000218c7f9fdfc7",
        "split": "train",
        "version": "v3"
    },
    "regions": [
        {
            "boundingBox": {
                "height": 142.3841059602649,
                "left": 47.18543046357616,
                "top": 475.1655629139073,
                "width": 263.2450331125828
            },
            "id": "28DTJ4fzb",
            "points": [
                {
                    "x": 47.18543046357616,
                    "y": 475.1655629139073
                },
                {
                    "x": 310.43046357615896,
                    "y": 475.1655629139073
                },
                {
                    "x": 310.43046357615896,
                    "y": 617.5496688741722
                },
                {
                    "x": 47.18543046357616,
                    "y": 617.5496688741722
                }
            ]
        }
    ]
}