{
    "asset": {
        "format": "jpg",
        "id": "6f8314629a11acdaf0200f9b4374be51",
        "name": "71851164_p0_master1200.jpg",
        "size": {
            "height": 848,
            "width": 600
        }
    },
    "dataset": {
        "average_hash": "ffd9ecc881c120ef",
        "split": "train",
        "version": "v2"
    },
    "regions": [
        {
            "boundingBox": {
                "height": 92.80001831054688,
                "left": 305.5999755859375,
                "top": 248,
                "width": 184
            },
            "id": "bttJ8PM9q",
            "points": [
                {
                    "x": 305.5999755859375,
                    "y": 248
                },
                {
                    "x": 489.5999755859375,
                    "y": 248
                },
                {
                    "x": 489.5999755859375,
                    "y": 340.8000183105469
                },
                {
                    "x": 305.5999755859375,
                    "y": 340.8000183105469
                }
            ]
        }
    ]
}