{
    "asset": {
        "format": "jpg",
        "id": "7730dbeee1a9eeea69a344ad7d79468f",
        "name": "71859468_p3_master1200.jpg",
        "size": {
            "height": 338,
            "width": 600
        }
    },
    "dataset": {
        "average_hash": "e0ecffefc7070212",
        "split": "test",
        "version": "v3"
    },
    "regions": [
        {
            "boundingBox": {
                "height": 41.166666666666664,
                "left": 249.54792043399638,
                "top": 152.49609375,
                "width": 62.929475587703436
            },
            "id": "tV24chVqW",
            "points": [
                {
                    "x": 249.54792043399638,
                    "y": 152.49609375
                },
                {
                    "x": 312.4773960216998,
                    "y": 152.49609375
                },
                {
                    "x": 312.4773960216998,
                    "y": 193.66276041666666
                },
                {
                    "x": 249.54792043399638,
                    "y": 193.66276041666666
                }
            ]
        }
    ]
}