{
    "asset": {
        "format": "jpg",
        "id": "08e58402209ad88e1f5430c58f6efd3f",
        "name": "71859424_p0_master1200.jpg",
        "size": {
            "height": 1200,
            "width": 554
        }
    },
    "dataset": {
        "average_hash": "ffc3c181c3d1e9f9",
        "split": "train",
        "version": "v2"
    },
    "regions": [
        {
            "boundingBox": {
                "height": 237.50522795932955,
                "left": 43.172117765959314,
                "top": 419.12681912681916,
                "width": 394.28821213180953
            },
            "id": "Jej6PRPpK",
            "points": [
                {
                    "x": 43.172117765959314,
                    "y": 419.12681912681916
                },
                {
                    "x": 437.4603298977688,
                    "y": 419.12681912681916
                },
                {
                    "x": 437.4603298977688,
                    "y": 656.6320470861486
                },
                {
                    "x": 43.172117765959314,
                    "y": 656.6320470861486
                }
            ]
        }
    ]
}