{
    "asset": {
        "format": "jpg",
        "id": "2d152dc85f87fea01c9b505d359ea7cf",
        "name": "71859468_p4_master1200.jpg",
        "size": {
            "height": 338,
            "width": 600
        }
    },
    "dataset": {
        "average_hash": "222030101919efff",
        "split": "test",
        "version": "v3"
    },
    "regions": [
        {
            "boundingBox": {
                "height": 53.08333333333333,
                "left": 205.0632911392405,
                "top": 177.41276041666666,
                "width": 103.07414104882459
            },
            "id": "dvBG5sJSM",
            "points": [
                {
                    "x": 205.0632911392405,
                    "y": 177.41276041666666
                },
                {
                    "x": 308.1374321880651,
                    "y": 177.41276041666666
                },
                {
                    "x": 308.1374321880651,
                    "y": 230.49609374999997
                },
                {
                    "x": 205.0632911392405,
                    "y": 230.49609374999997
                }
            ]
        }
    ]
}