{
    "asset": {
        "format": "jpg",
        "id": "c2fa206a075f75adec9b3fb1636e4cd0",
        "name": "71859468_p6_master1200.jpg",
        "size": {
            "height": 338,
            "width": 600
        }
    },
    "dataset": {
        "average_hash": "efc7cfc108e8834f",
        "split": "test",
        "version": "v3"
    },
    "regions": [
        {
            "boundingBox": {
                "height": 118.08333333333333,
                "left": 276.67269439421335,
                "top": 178.49609375,
                "width": 152.98372513562387
            },
            "id": "c8OOk3tf0",
            "points": [
                {
                    "x": 276.67269439421335,
                    "y": 178.49609375
                },
                {
                    "x": 429.65641952983725,
                    "y": 178.49609375
                },
                {
                    "x": 429.65641952983725,
                    "y": 296.5794270833333
                },
                {
                    "x": 276.67269439421335,
                    "y": 296.5794270833333
                }
            ]
        }
    ]
}