{
    "asset": {
        "format": "jpg",
        "id": "99625e25bc3b3188e67a7c8236d3f47f",
        "name": "71859468_p2_master1200.jpg",
        "size": {
            "height": 338,
            "width": 600
        }
    },
    "dataset": {
        "average_hash": "e707071f1b019798",
        "split": "test",
        "version": "v3"
    },
    "regions": [
        {
            "boundingBox": {
                "height": 44.416666666666664,
                "left": 241.95298372513562,
                "top": 168.74609375,
                "width": 97.64918625678119
            },
            "id": "aTjipI102",
            "points": [
                {
                    "x": 241.95298372513562,
                    "y": 168.74609375
                },
                {
                    "x": 339.6021699819168,
                    "y": 168.74609375
                },
                {
                    "x": 339.6021699819168,
                    "y": 213.16276041666666
                },
                {
                    "x": 241.95298372513562,
                    "y": 213.16276041666666
                }
            ]
        }
    ]
}