{
    "asset": {
        "format": "jpg",
        "id": "b151a6e351dffe46578720d3d06a857f",
        "name": "71859103_p0_master1200.jpg",
        "size": {
            "height": 800,
            "width": 567
        }
    },
    "dataset": {
        "average_hash": "c381d1d1c7ffdf87",
        "split": "train",
        "version": "v2"
    },
    "regions": [
        {
            "boundingBox": {
                "height": 192,
                "left": 46.20001220703125,
                "top": 395,
                "width": 301.60003662109375
            },
            "id": "xrjTBcmu2",
            "points": [
                {
                    "x": 46.20001220703125,
                    "y": 395
                },
                {
                    "x": 347.800048828125,
                    "y": 395
                },
                {
                    "x": 347.800048828125,
                    "y": 587
                },
                {
                    "x": 46.20001220703125,
                    "y": 587
                }
            ]
        }
    ]
}