{
    "asset": {
        "format": "jpg",
        "id": "db009584b7349b39787e637a120cba8d",
        "name": "71856541_p4_master1200.jpg",
        "size": {
            "height": 300,
            "width": 600
        }
    },
    "dataset": {
        "average_hash": "cf8383cf87cfc9c9",
        "split": "train",
        "version": "v3"
    },
    "regions": [
        {
            "boundingBox": {
                "height": 40.07220216606498,
                "left": 215.9132007233273,
                "top": 116.15523465703971,
                "width": 88.96925858951175
            },
            "id": "yyJqdMEu9",
            "points": [
                {
                    "x": 215.9132007233273,
                    "y": 116.15523465703971
                },
                {
                    "x": 304.88245931283905,
                    "y": 116.15523465703971
                },
                {
                    "x": 304.88245931283905,
                    "y": 156.2274368231047
                },
                {
                    "x": 215.9132007233273,
                    "y": 156.2274368231047
                }
            ]
        }
    ]
}