{
    "asset": {
        "format": "jpg",
        "id": "d38046bd8c6bd0cbaeaf785c0ed92294",
        "name": "71856541_p1_master1200.jpg",
        "size": {
            "height": 1000,
            "width": 500
        }
    },
    "dataset": {
        "average_hash": "e0c1c1f9f7cffffd",
        "split": "train",
        "version": "v3"
    },
    "regions": [
        {
            "boundingBox": {
                "height": 104.30463576158941,
                "left": 182.94701986754967,
                "top": 288.0794701986755,
                "width": 187.08609271523179
            },
            "id": "S_OdR12pc",
            "points": [
                {
                    "x": 182.94701986754967,
                    "y": 288.0794701986755
                },
                {
                    "x": 370.0331125827815,
                    "y": 288.0794701986755
                },
                {
                    "x": 370.0331125827815,
                    "y": 392.3841059602649
                },
                {
                    "x": 182.94701986754967,
                    "y": 392.3841059602649
                }
            ]
        }
    ]
}