{
    "asset": {
        "format": "jpg",
        "id": "10014ee9ec4083e0e3de8322b1b86302",
        "name": "71857257_p0_master1200.jpg",
        "size": {
            "height": 745,
            "width": 600
        }
    },
    "dataset": {
        "average_hash": "fff79337f3e5e1e0",
        "split": "test",
        "version": "v2"
    },
    "regions": [
        {
            "boundingBox": {
                "height": 108.80001831054688,
                "left": 318.2000732421875,
                "top": 309.8999938964844,
                "width": 170.39990234375
            },
            "id": "fQN7FqRfy",
            "points": [
                {
                    "x": 318.2000732421875,
                    "y": 309.8999938964844
                },
                {
                    "x": 488.5999755859375,
                    "y": 309.8999938964844
                },
                {
                    "x": 488.5999755859375,
                    "y": 418.70001220703125
                },
                {
                    "x": 318.2000732421875,
                    "y": 418.70001220703125
                }
            ]
        }
    ]
}