{
    "asset": {
        "format": "jpg",
        "id": "658df1d28f30fdbb65512936c4bfb258",
        "name": "71859468_p0_master1200.jpg",
        "size": {
            "height": 338,
            "width": 600
        }
    },
    "dataset": {
        "average_hash": "e7663a3a36262160",
        "split": "test",
        "version": "v2"
    },
    "regions": [
        {
            "boundingBox": {
                "height": 62.4000244140625,
                "left": 239,
                "top": 183.20001220703125,
                "width": 127.2000732421875
            },
            "id": "_MYNgut66",
            "points": [
                {
                    "x": 239,
                    "y": 183.20001220703125
                },
                {
                    "x": 366.2000732421875,
                    "y": 183.20001220703125
                },
                {
                    "x": 366.2000732421875,
                    "y": 245.60003662109375
                },
                {
                    "x": 239,
                    "y": 245.60003662109375
                }
            ]
        }
    ]
}