{
    "asset": {
        "format": "jpg",
        "id": "c9284d912933b61b530d4257d88c611d",
        "name": "71854271_p0_master1200.jpg",
        "size": {
            "height": 800,
            "width": 600
        }
    },
    "dataset": {
        "average_hash": "c3c3c0cbc3c3e3e3",
        "split": "test",
        "version": "v2"
    },
    "regions": [
        {
            "boundingBox": {
                "height": 173.5999755859375,
                "left": 106.20001220703125,
                "top": 384.60003662109375,
                "width": 297.60003662109375
            },
            "id": "A33Lb1vrh",
            "points": [
                {
                    "x": 106.20001220703125,
                    "y": 384.60003662109375
                },
                {
                    "x": 403.800048828125,
                    "y": 384.60003662109375
                },
                {
                    "x": 403.800048828125,
                    "y": 558.2000122070312
                },
                {
                    "x": 106.20001220703125,
                    "y": 558.2000122070312
                }
            ]
        }
    ]
}