{
    "asset": {
        "format": "jpg",
        "id": "ccd8d4df1d2b104ff392a5a105e43503",
        "name": "71851661_p0_master1200.jpg",
        "size": {
            "height": 833,
            "width": 600
        }
    },
    "dataset": {
        "average_hash": "0f07df6773711316",
        "split": "train",
        "version": "v2"
    },
    "regions": [
        {
            "boundingBox": {
                "height": 100.00003051757812,
                "left": 288.60003662109375,
                "top": 341.8999938964844,
                "width": 184.79998779296875
            },
            "id": "-UdytVMje",
            "points": [
                {
                    "x": 288.60003662109375,
                    "y": 341.8999938964844
                },
                {
                    "x": 473.4000244140625,
                    "y": 341.8999938964844
                },
                {
                    "x": 473.4000244140625,
                    "y": 441.9000244140625
                },
                {
                    "x": 288.60003662109375,
                    "y": 441.9000244140625
                }
            ]
        }
    ]
}