{
    "asset": {
        "format": "jpg",
        "id": "a74f14da43ac141877b495a58a53ef1b",
        "name": "71859416_p0_master1200.jpg",
        "size": {
            "height": 400,
            "width": 540
        }
    },
    "dataset": {
        "average_hash": "c080a0e6bfbdbcc0",
        "split": "train",
        "version": "v2"
    },
    "regions": [
        {
            "boundingBox": {
                "height": 116.800048828125,
                "left": 109.79998779296875,
                "top": 251.79998779296875,
                "width": 311.20001220703125
            },
            "id": "gQtE_TpKZ",
            "points": [
                {
                    "x": 109.79998779296875,
                    "y": 251.79998779296875
                },
                {
                    "x": 421,
                    "y": 251.79998779296875
                },
                {
                    "x": 421,
                    "y": 368.60003662109375
                },
                {
                    "x": 109.79998779296875,
                    "y": 368.60003662109375
                }
            ]
        }
    ]
}