{
    "asset": {
        "format": "jpg",
        "id": "22bf2b076e6dd532fd401b51e20abab2",
        "name": "71858459_p0_master1200.jpg",
        "size": {
            "height": 800,
            "width": 581
        }
    },
    "dataset": {
        "average_hash": "07031048de0e3e3e",
        "split": "train",
        "version": "v2"
    },
    "regions": [
        {
            "boundingBox": {
                "height": 146.39996337890625,
                "left": 92.4000244140625,
                "top": 376.60003662109375,
                "width": 218.4000244140625
            },
            "id": "MSnRzVb5F",
            "points": [
                {
                    "x": 92.4000244140625,
                    "y": 376.60003662109375
                },
                {
                    "x": 310.800048828125,
                    "y": 376.60003662109375
                },
                {
                    "x": 310.800048828125,
                    "y": 523
                },
                {
                    "x": 92.4000244140625,
                    "y": 523
                }
            ]
        }
    ]
}