{
    "asset": {
        "format": "jpg",
        "id": "cbd7e54ff20436ce79874affb49a3df4",
        "name": "71855388_p0_master1200.jpg",
        "size": {
            "height": 751,
            "width": 600
        }
    },
    "dataset": {
        "average_hash": "7071f7e0004e179f",
        "split": "train",
        "version": "v2"
    },
    "regions": [
        {
            "boundingBox": {
                "height": 142.58986055501302,
                "left": 263.8522293014399,
                "top": 311.21441833496095,
                "width": 240.40072891668405
            },
            "id": "8KaVtj0tB",
            "points": [
                {
                    "x": 263.8522293014399,
                    "y": 311.21441833496095
                },
                {
                    "x": 504.252958218124,
                    "y": 311.21441833496095
                },
                {
                    "x": 504.252958218124,
                    "y": 453.804278889974
                },
                {
                    "x": 263.8522293014399,
                    "y": 453.804278889974
                }
            ]
        }
    ]
}