{
    "asset": {
        "format": "jpg",
        "id": "4369b189bed8532cee4040de4581d36f",
        "name": "71860699_p0_master1200.jpg",
        "size": {
            "height": 464,
            "width": 600
        }
    },
    "dataset": {
        "average_hash": "38e0cc9c182c3c3a",
        "split": "test",
        "version": "v2"
    },
    "regions": [
        {
            "boundingBox": {
                "height": 114.20001220703125,
                "left": 147.20001220703125,
                "top": 342.79998779296875,
                "width": 389.79998779296875
            },
            "id": "6FArXIxiz",
            "points": [
                {
                    "x": 147.20001220703125,
                    "y": 342.79998779296875
                },
                {
                    "x": 537,
                    "y": 342.79998779296875
                },
                {
                    "x": 537,
                    "y": 457
                },
                {
                    "x": 147.20001220703125,
                    "y": 457
                }
            ]
        }
    ]
}