{
    "asset": {
        "format": "jpg",
        "id": "b31657c6ec1b5081e4815006e0de0bb7",
        "name": "71869048_p0_master1200.jpg",
        "size": {
            "height": 400,
            "width": 600
        }
    },
    "dataset": {
        "average_hash": "ffdfc783019a8e8f",
        "split": "train",
        "version": "v2"
    },
    "regions": [
        {
            "boundingBox": {
                "height": 72,
                "left": 113.4000244140625,
                "top": 139.79998779296875,
                "width": 125.5999755859375
            },
            "id": "4IJesh8DB",
            "points": [
                {
                    "x": 113.4000244140625,
                    "y": 139.79998779296875
                },
                {
                    "x": 239,
                    "y": 139.79998779296875
                },
                {
                    "x": 239,
                    "y": 211.79998779296875
                },
                {
                    "x": 113.4000244140625,
                    "y": 211.79998779296875
                }
            ]
        }
    ]
}