{
    "asset": {
        "format": "jpg",
        "id": "4b56256770d27d07ad81f91f6cc8c53e",
        "name": "71869927_p0_master1200.jpg",
        "size": {
            "height": 323,
            "width": 600
        }
    },
    "dataset": {
        "average_hash": "3f3efefb5b181800",
        "split": "train",
        "version": "v2"
    },
    "regions": [
        {
            "boundingBox": {
                "height": 28,
                "left": 274.20001220703125,
                "top": 169,
                "width": 49.60003662109375
            },
            "id": "foWKxOFqE",
            "points": [
                {
                    "x": 274.20001220703125,
                    "y": 169
                },
                {
                    "x": 323.800048828125,
                    "y": 169
                },
                {
                    "x": 323.800048828125,
                    "y": 197
                },
                {
                    "x": 274.20001220703125,
                    "y": 197
                }
            ]
        }
    ]
}