{
    "asset": {
        "format": "jpg",
        "id": "0d75e1300e672def0fb2931655b5b30c",
        "name": "71869570_p0_master1200.jpg",
        "size": {
            "height": 848,
            "width": 600
        }
    },
    "dataset": {
        "average_hash": "43c3c2dbff8183ff",
        "split": "test",
        "version": "v2"
    },
    "regions": [
        {
            "boundingBox": {
                "height": 144.80001831054688,
                "left": 136.60003662109375,
                "top": 351.8000183105469,
                "width": 206.39996337890625
            },
            "id": "KWTmHWkNU",
            "points": [
                {
                    "x": 136.60003662109375,
                    "y": 351.8000183105469
                },
                {
                    "x": 343,
                    "y": 351.8000183105469
                },
                {
                    "x": 343,
                    "y": 496.60003662109375
                },
                {
                    "x": 136.60003662109375,
                    "y": 496.60003662109375
                }
            ]
        }
    ]
}