{
    "asset": {
        "format": "jpg",
        "id": "58cdc23ab38f5ebd1dc87bc2de3e348f",
        "name": "71862284_p0_master1200.jpg",
        "size": {
            "height": 600,
            "width": 600
        }
    },
    "dataset": {
        "average_hash": "00efe7f3f3cbd9ff",
        "split": "train",
        "version": "v2"
    },
    "regions": [
        {
            "boundingBox": {
                "height": 52.79998779296875,
                "left": 267,
                "top": 240.60003662109375,
                "width": 108.800048828125
            },
            "id": "jtEEwf_ew",
            "points": [
                {
                    "x": 267,
                    "y": 240.60003662109375
                },
                {
                    "x": 375.800048828125,
                    "y": 240.60003662109375
                },
                {
                    "x": 375.800048828125,
                    "y": 293.4000244140625
                },
                {
                    "x": 267,
                    "y": 293.4000244140625
                }
            ]
        }
    ]
}