{
    "asset": {
        "format": "jpg",
        "id": "44dd7385acd480c56478a59ab58baf1d",
        "name": "71869428_p0_master1200.jpg",
        "size": {
            "height": 720,
            "width": 600
        }
    },
    "dataset": {
        "average_hash": "ffe7e7e7e2c80000",
        "split": "train",
        "version": "v2"
    },
    "regions": [
        {
            "boundingBox": {
                "height": 88.79998779296875,
                "left": 178.20001220703125,
                "top": 279,
                "width": 180.00006103515625
            },
            "id": "KTDUa5uv6",
            "points": [
                {
                    "x": 178.20001220703125,
                    "y": 279
                },
                {
                    "x": 358.2000732421875,
                    "y": 279
                },
                {
                    "x": 358.2000732421875,
                    "y": 367.79998779296875
                },
                {
                    "x": 178.20001220703125,
                    "y": 367.79998779296875
                }
            ]
        }
    ]
}