{
    "asset": {
        "format": "jpg",
        "id": "67cd57c5ad05ba8c3f82f5da7bf2863b",
        "name": "71864796_p0_master1200.jpg",
        "size": {
            "height": 700,
            "width": 500
        }
    },
    "dataset": {
        "average_hash": "ef8787e3c3f1c1c7",
        "split": "train",
        "version": "v2"
    },
    "regions": [
        {
            "boundingBox": {
                "height": 163.20001220703125,
                "left": 67.4000244140625,
                "top": 489.79998779296875,
                "width": 240.800048828125
            },
            "id": "25aQ86JSO",
            "points": [
                {
                    "x": 67.4000244140625,
                    "y": 489.79998779296875
                },
                {
                    "x": 308.2000732421875,
                    "y": 489.79998779296875
                },
                {
                    "x": 308.2000732421875,
                    "y": 653
                },
                {
                    "x": 67.4000244140625,
                    "y": 653
                }
            ]
        }
    ]
}