{
    "asset": {
        "format": "jpg",
        "id": "b2b1e2559994df02d29d2f6a92382b32",
        "name": "71864467_p0_master1200.jpg",
        "size": {
            "height": 833,
            "width": 600
        }
    },
    "dataset": {
        "average_hash": "fb7f3b3b4721687c",
        "split": "train",
        "version": "v2"
    },
    "regions": [
        {
            "boundingBox": {
                "height": 208.79998779296875,
                "left": 127,
                "top": 526.7000122070312,
                "width": 140
            },
            "id": "kq-uKDl2S",
            "points": [
                {
                    "x": 127,
                    "y": 526.7000122070312
                },
                {
                    "x": 267,
                    "y": 526.7000122070312
                },
                {
                    "x": 267,
                    "y": 735.5
                },
                {
                    "x": 127,
                    "y": 735.5
                }
            ]
        }
    ]
}