{
    "asset": {
        "format": "jpg",
        "id": "714b8c113526b7f9c88093a2d866eef7",
        "name": "71861282_p0_master1200.jpg",
        "size": {
            "height": 884,
            "width": 400
        }
    },
    "dataset": {
        "average_hash": "c7c787c7ebc0c080",
        "split": "train",
        "version": "v2"
    },
    "regions": [
        {
            "boundingBox": {
                "height": 76,
                "left": 134.20001220703125,
                "top": 201.80001831054688,
                "width": 135.20001220703125
            },
            "id": "_2EQD7tuh",
            "points": [
                {
                    "x": 134.20001220703125,
                    "y": 201.80001831054688
                },
                {
                    "x": 269.4000244140625,
                    "y": 201.80001831054688
                },
                {
                    "x": 269.4000244140625,
                    "y": 277.8000183105469
                },
                {
                    "x": 134.20001220703125,
                    "y": 277.8000183105469
                }
            ]
        }
    ]
}