{
    "asset": {
        "format": "jpg",
        "id": "2160398722afb53ff0612a7c94c3ad68",
        "name": "71863227_p0_master1200.jpg",
        "size": {
            "height": 1132,
            "width": 600
        }
    },
    "dataset": {
        "average_hash": "8787838f8797fff7",
        "split": "train",
        "version": "v2"
    },
    "regions": [
        {
            "boundingBox": {
                "height": 172.2710946890024,
                "left": 56.94120519301471,
                "top": 374.66610508401277,
                "width": 185.41173598345588
            },
            "id": "DVG7vVvvN",
            "points": [
                {
                    "x": 56.94120519301471,
                    "y": 374.66610508401277
                },
                {
                    "x": 242.3529411764706,
                    "y": 374.66610508401277
                },
                {
                    "x": 242.3529411764706,
                    "y": 546.9371997730152
                },
                {
                    "x": 56.94120519301471,
                    "y": 546.9371997730152
                }
            ]
        }
    ]
}