{
    "asset": {
        "format": "jpg",
        "id": "f05909ca92b0cf28129461eb0e68b49b",
        "name": "71861295_p0_master1200.jpg",
        "size": {
            "height": 857,
            "width": 600
        }
    },
    "dataset": {
        "average_hash": "00033bbffba9c464",
        "split": "train",
        "version": "v2"
    },
    "regions": [
        {
            "boundingBox": {
                "height": 131.20004272460938,
                "left": 183,
                "top": 333.8999938964844,
                "width": 202.4000244140625
            },
            "id": "rRL4XqWH6",
            "points": [
                {
                    "x": 183,
                    "y": 333.8999938964844
                },
                {
                    "x": 385.4000244140625,
                    "y": 333.8999938964844
                },
                {
                    "x": 385.4000244140625,
                    "y": 465.10003662109375
                },
                {
                    "x": 183,
                    "y": 465.10003662109375
                }
            ]
        }
    ]
}