{
    "asset": {
        "format": "jpg",
        "id": "bc4db43802ea5893a9b34c683791ef69",
        "name": "71869268_p0_master1200.jpg",
        "size": {
            "height": 848,
            "width": 600
        }
    },
    "dataset": {
        "average_hash": "f3f9c0d8fd21f110",
        "split": "test",
        "version": "v2"
    },
    "regions": [
        {
            "boundingBox": {
                "height": 294.5999755859375,
                "left": 27,
                "top": 553.4000244140625,
                "width": 361.5999755859375
            },
            "id": "tQuzX1gTf",
            "points": [
                {
                    "x": 27,
                    "y": 553.4000244140625
                },
                {
                    "x": 388.5999755859375,
                    "y": 553.4000244140625
                },
                {
                    "x": 388.5999755859375,
                    "y": 848
                },
                {
                    "x": 27,
                    "y": 848
                }
            ]
        }
    ]
}