{
    "asset": {
        "format": "jpg",
        "id": "bb2668e447c8050cd0b63d327f434117",
        "name": "71867535_p0_master1200.jpg",
        "size": {
            "height": 683,
            "width": 600
        }
    },
    "dataset": {
        "average_hash": "0c181838180d0868",
        "split": "test",
        "version": "v2"
    },
    "regions": [
        {
            "boundingBox": {
                "height": 111.20004272460938,
                "left": 170.20001220703125,
                "top": 247.39999389648438,
                "width": 157.60003662109375
            },
            "id": "LGTeyRB77",
            "points": [
                {
                    "x": 170.20001220703125,
                    "y": 247.39999389648438
                },
                {
                    "x": 327.800048828125,
                    "y": 247.39999389648438
                },
                {
                    "x": 327.800048828125,
                    "y": 358.60003662109375
                },
                {
                    "x": 170.20001220703125,
                    "y": 358.60003662109375
                }
            ]
        }
    ]
}