{
    "asset": {
        "format": "jpg",
        "id": "d560d2d36cbce93718a5c809a76a10f5",
        "name": "71868685_p0_master1200.jpg",
        "size": {
            "height": 767,
            "width": 600
        }
    },
    "dataset": {
        "average_hash": "00707071f8980010",
        "split": "train",
        "version": "v2"
    },
    "regions": [
        {
            "boundingBox": {
                "height": 100.93158046632772,
                "left": 72.2125244140625,
                "top": 426.556135770235,
                "width": 196.79998779296875
            },
            "id": "pU6Ysp6Qa",
            "points": [
                {
                    "x": 72.2125244140625,
                    "y": 426.556135770235
                },
                {
                    "x": 269.01251220703125,
                    "y": 426.556135770235
                },
                {
                    "x": 269.01251220703125,
                    "y": 527.4877162365627
                },
                {
                    "x": 72.2125244140625,
                    "y": 527.4877162365627
                }
            ]
        }
    ]
}