{
    "asset": {
        "format": "jpg",
        "id": "a135e8bb8efd32cc6fb0f44ed1152378",
        "name": "71868543_p0_master1200.jpg",
        "size": {
            "height": 954,
            "width": 410
        }
    },
    "dataset": {
        "average_hash": "e7c381c7efffd700",
        "split": "train",
        "version": "v2"
    },
    "regions": [
        {
            "boundingBox": {
                "height": 65.5999755859375,
                "left": 108.79998779296875,
                "top": 280.8000183105469,
                "width": 127.20001220703125
            },
            "id": "C9PBVLHTY",
            "points": [
                {
                    "x": 108.79998779296875,
                    "y": 280.8000183105469
                },
                {
                    "x": 236,
                    "y": 280.8000183105469
                },
                {
                    "x": 236,
                    "y": 346.3999938964844
                },
                {
                    "x": 108.79998779296875,
                    "y": 346.3999938964844
                }
            ]
        }
    ]
}