{
    "asset": {
        "format": "jpg",
        "id": "c9639c96b6d8af14c9bf8facb78bd083",
        "name": "71864467_p1_master1200.jpg",
        "size": {
            "height": 833,
            "width": 600
        }
    },
    "dataset": {
        "average_hash": "e7c3d3d3c1e1c1db",
        "split": "train",
        "version": "v3"
    },
    "regions": [
        {
            "boundingBox": {
                "height": 165.49668874172187,
                "left": 150.38793103448276,
                "top": 544.7599337748345,
                "width": 135.17241379310346
            },
            "id": "P4t78up-r",
            "points": [
                {
                    "x": 150.38793103448276,
                    "y": 544.7599337748345
                },
                {
                    "x": 285.5603448275862,
                    "y": 544.7599337748345
                },
                {
                    "x": 285.5603448275862,
                    "y": 710.2566225165564
                },
                {
                    "x": 150.38793103448276,
                    "y": 710.2566225165564
                }
            ]
        }
    ]
}