{
    "asset": {
        "format": "jpg",
        "id": "9525a4cf67c0bb9e63236b3f47179d3a",
        "name": "71872209_p1_master1200.jpg",
        "size": {
            "height": 425,
            "width": 600
        }
    },
    "dataset": {
        "average_hash": "b7a78f0f0f000cff",
        "split": "train",
        "version": "v3"
    },
    "regions": [
        {
            "boundingBox": {
                "height": 44.451530612244895,
                "left": 486.0759493670886,
                "top": 160.30672034438774,
                "width": 88.96925858951175
            },
            "id": "yLkfla2yb",
            "points": [
                {
                    "x": 486.0759493670886,
                    "y": 160.30672034438774
                },
                {
                    "x": 575.0452079566003,
                    "y": 160.30672034438774
                },
                {
                    "x": 575.0452079566003,
                    "y": 204.75825095663265
                },
                {
                    "x": 486.0759493670886,
                    "y": 204.75825095663265
                }
            ]
        },
        {
            "boundingBox": {
                "height": 42.28316326530612,
                "left": 248.46292947558769,
                "top": 151.63325095663265,
                "width": 79.20433996383363
            },
            "id": "Wfp9ZE6p8",
            "points": [
                {
                    "x": 248.46292947558769,
                    "y": 151.63325095663265
                },
                {
                    "x": 327.6672694394213,
                    "y": 151.63325095663265
                },
                {
                    "x": 327.6672694394213,
                    "y": 193.91641422193877
                },
                {
                    "x": 248.46292947558769,
                    "y": 193.91641422193877
                }
            ]
        },
        {
            "boundingBox": {
                "height": 44.451530612244895,
                "left": 57.504520795660035,
                "top": 158.13835299744898,
                "width": 87.88426763110307
            },
            "id": "orihSFj5P",
            "points": [
                {
                    "x": 57.504520795660035,
                    "y": 158.13835299744898
                },
                {
                    "x": 145.3887884267631,
                    "y": 158.13835299744898
                },
                {
                    "x": 145.3887884267631,
                    "y": 202.58988360969386
                },
                {
                    "x": 57.504520795660035,
                    "y": 202.58988360969386
                }
            ]
        }
    ]
}