{
    "asset": {
        "format": "jpg",
        "id": "7cf3d764ec0071f93be96319df18c23e",
        "name": "71875860_p0_master1200.jpg",
        "size": {
            "height": 600,
            "width": 600
        }
    },
    "dataset": {
        "average_hash": "e7c70f4783e2e1f5",
        "split": "train",
        "version": "v2"
    },
    "regions": [
        {
            "boundingBox": {
                "height": 75.99996948242188,
                "left": 195.79998779296875,
                "top": 223.80001831054688,
                "width": 150.40008544921875
            },
            "id": "6iL1WWKFI",
            "points": [
                {
                    "x": 195.79998779296875,
                    "y": 223.80001831054688
                },
                {
                    "x": 346.2000732421875,
                    "y": 223.80001831054688
                },
                {
                    "x": 346.2000732421875,
                    "y": 299.79998779296875
                },
                {
                    "x": 195.79998779296875,
                    "y": 299.79998779296875
                }
            ]
        }
    ]
}