{
    "asset": {
        "format": "jpg",
        "id": "ced81f99c74c490f455e8936d8bd07b2",
        "name": "71873012_p0_master1200.jpg",
        "size": {
            "height": 847,
            "width": 600
        }
    },
    "dataset": {
        "average_hash": "e5c590bb80c8fded",
        "split": "train",
        "version": "v2"
    },
    "regions": [
        {
            "boundingBox": {
                "height": 137.7626233112164,
                "left": 138.64996337890625,
                "top": 333.59386564935636,
                "width": 232.800048828125
            },
            "id": "K3oCmz27o",
            "points": [
                {
                    "x": 138.64996337890625,
                    "y": 333.59386564935636
                },
                {
                    "x": 371.45001220703125,
                    "y": 333.59386564935636
                },
                {
                    "x": 371.45001220703125,
                    "y": 471.35648896057273
                },
                {
                    "x": 138.64996337890625,
                    "y": 471.35648896057273
                }
            ]
        },
        {
            "boundingBox": {
                "height": 30.435927695416392,
                "left": 469.85003662109375,
                "top": 119.74137726912262,
                "width": 50.39990234375
            },
            "id": "Q3L5BNm0P",
            "points": [
                {
                    "x": 469.85003662109375,
                    "y": 119.74137726912262
                },
                {
                    "x": 520.2499389648438,
                    "y": 119.74137726912262
                },
                {
                    "x": 520.2499389648438,
                    "y": 150.17730496453902
                },
                {
                    "x": 469.85003662109375,
                    "y": 150.17730496453902
                }
            ]
        }
    ]
}