{
    "asset": {
        "format": "jpg",
        "id": "2068e1ecbc73de69705b3c48f647fb8f",
        "name": "71872039_p0_master1200.jpg",
        "size": {
            "height": 450,
            "width": 600
        }
    },
    "dataset": {
        "average_hash": "008000c3d7cbdfe5",
        "split": "train",
        "version": "v2"
    },
    "regions": [
        {
            "boundingBox": {
                "height": 81.5999755859375,
                "left": 19.79998779296875,
                "top": 359.20001220703125,
                "width": 111.20001220703125
            },
            "id": "yz3-ep1Dv",
            "points": [
                {
                    "x": 19.79998779296875,
                    "y": 359.20001220703125
                },
                {
                    "x": 131,
                    "y": 359.20001220703125
                },
                {
                    "x": 131,
                    "y": 440.79998779296875
                },
                {
                    "x": 19.79998779296875,
                    "y": 440.79998779296875
                }
            ]
        },
        {
            "boundingBox": {
                "height": 82.4000244140625,
                "left": 215.79998779296875,
                "top": 360,
                "width": 168.00006103515625
            },
            "id": "i_ojsXGdF",
            "points": [
                {
                    "x": 215.79998779296875,
                    "y": 360
                },
                {
                    "x": 383.800048828125,
                    "y": 360
                },
                {
                    "x": 383.800048828125,
                    "y": 442.4000244140625
                },
                {
                    "x": 215.79998779296875,
                    "y": 442.4000244140625
                }
            ]
        },
        {
            "boundingBox": {
                "height": 77.60003662109375,
                "left": 436.5999755859375,
                "top": 344,
                "width": 113.4000244140625
            },
            "id": "5TkBYMgb9",
            "points": [
                {
                    "x": 436.5999755859375,
                    "y": 344
                },
                {
                    "x": 550,
                    "y": 344
                },
                {
                    "x": 550,
                    "y": 421.60003662109375
                },
                {
                    "x": 436.5999755859375,
                    "y": 421.60003662109375
                }
            ]
        }
    ]
}