{
    "asset": {
        "format": "jpg",
        "id": "64961c11fbabf403caab30a071d9e93f",
        "name": "71872075_p0_master1200.jpg",
        "size": {
            "height": 428,
            "width": 600
        }
    },
    "dataset": {
        "average_hash": "000212d9f9e6c5e3",
        "split": "train",
        "version": "v2"
    },
    "regions": [
        {
            "boundingBox": {
                "height": 56.800048828125,
                "left": 210.20001220703125,
                "top": 229.79998779296875,
                "width": 103.20001220703125
            },
            "id": "PwsW5Ccw4",
            "points": [
                {
                    "x": 210.20001220703125,
                    "y": 229.79998779296875
                },
                {
                    "x": 313.4000244140625,
                    "y": 229.79998779296875
                },
                {
                    "x": 313.4000244140625,
                    "y": 286.60003662109375
                },
                {
                    "x": 210.20001220703125,
                    "y": 286.60003662109375
                }
            ]
        }
    ]
}