{
    "asset": {
        "format": "jpg",
        "id": "4d5e62bbda56ce2f40e998b5de7f1ab8",
        "name": "71877485_p0_master1200.jpg",
        "size": {
            "height": 792,
            "width": 600
        }
    },
    "dataset": {
        "average_hash": "df8d8cc7c5fc2303",
        "split": "train",
        "version": "v2"
    },
    "regions": [
        {
            "boundingBox": {
                "height": 147.20001220703125,
                "left": 153.20001220703125,
                "top": 332.79998779296875,
                "width": 260.00006103515625
            },
            "id": "WGCk126AN",
            "points": [
                {
                    "x": 153.20001220703125,
                    "y": 332.79998779296875
                },
                {
                    "x": 413.2000732421875,
                    "y": 332.79998779296875
                },
                {
                    "x": 413.2000732421875,
                    "y": 480
                },
                {
                    "x": 153.20001220703125,
                    "y": 480
                }
            ]
        }
    ]
}