{
    "asset": {
        "format": "jpg",
        "id": "1466a705c94211b7be9c49f95e111abe",
        "name": "71879304_p0_master1200.jpg",
        "size": {
            "height": 600,
            "width": 600
        }
    },
    "dataset": {
        "average_hash": "7f3b21292921e3e6",
        "split": "train",
        "version": "v2"
    },
    "regions": [
        {
            "boundingBox": {
                "height": 173.79998779296875,
                "left": 115.79998779296875,
                "top": 426.20001220703125,
                "width": 370.40008544921875
            },
            "id": "CbhSE96fk",
            "points": [
                {
                    "x": 115.79998779296875,
                    "y": 426.20001220703125
                },
                {
                    "x": 486.2000732421875,
                    "y": 426.20001220703125
                },
                {
                    "x": 486.2000732421875,
                    "y": 600
                },
                {
                    "x": 115.79998779296875,
                    "y": 600
                }
            ]
        }
    ]
}