{
    "asset": {
        "format": "jpg",
        "id": "cc576145e97f6f6ec9d5578ef01d9c3a",
        "name": "71871082_p0_master1200.jpg",
        "size": {
            "height": 837,
            "width": 600
        }
    },
    "dataset": {
        "average_hash": "60fbf3d363606320",
        "split": "train",
        "version": "v2"
    },
    "regions": [
        {
            "boundingBox": {
                "height": 77.5999755859375,
                "left": 243,
                "top": 278.8000183105469,
                "width": 166.4000244140625
            },
            "id": "MNZhkXh_F",
            "points": [
                {
                    "x": 243,
                    "y": 278.8000183105469
                },
                {
                    "x": 409.4000244140625,
                    "y": 278.8000183105469
                },
                {
                    "x": 409.4000244140625,
                    "y": 356.3999938964844
                },
                {
                    "x": 243,
                    "y": 356.3999938964844
                }
            ]
        }
    ]
}