{
    "asset": {
        "format": "jpg",
        "id": "0d078cefd114811ea7474a15564e6bd7",
        "name": "71872861_p0_master1200.jpg",
        "size": {
            "height": 849,
            "width": 600
        }
    },
    "dataset": {
        "average_hash": "ffc3c1c1ccc0d918",
        "split": "train",
        "version": "v2"
    },
    "regions": [
        {
            "boundingBox": {
                "height": 196.79998779296875,
                "left": 140.60003662109375,
                "top": 497.10003662109375,
                "width": 294.39996337890625
            },
            "id": "VeQdgfDJT",
            "points": [
                {
                    "x": 140.60003662109375,
                    "y": 497.10003662109375
                },
                {
                    "x": 435,
                    "y": 497.10003662109375
                },
                {
                    "x": 435,
                    "y": 693.9000244140625
                },
                {
                    "x": 140.60003662109375,
                    "y": 693.9000244140625
                }
            ]
        }
    ]
}