{
    "asset": {
        "format": "jpg",
        "id": "4fbae0a2f2672bcd56c0c225d35b5c6a",
        "name": "71875234_p0_master1200.jpg",
        "size": {
            "height": 800,
            "width": 600
        }
    },
    "dataset": {
        "average_hash": "c1c1cd7df9d948ea",
        "split": "train",
        "version": "v2"
    },
    "regions": [
        {
            "boundingBox": {
                "height": 155.19998168945312,
                "left": 154.20001220703125,
                "top": 336.6000061035156,
                "width": 248.00006103515625
            },
            "id": "WwS6iSxOa",
            "points": [
                {
                    "x": 154.20001220703125,
                    "y": 336.6000061035156
                },
                {
                    "x": 402.2000732421875,
                    "y": 336.6000061035156
                },
                {
                    "x": 402.2000732421875,
                    "y": 491.79998779296875
                },
                {
                    "x": 154.20001220703125,
                    "y": 491.79998779296875
                }
            ]
        }
    ]
}