{
    "asset": {
        "format": "jpg",
        "id": "5bf974ad91662b4e63aeb188efdbcfdc",
        "name": "71874997_p0_master1200.jpg",
        "size": {
            "height": 300,
            "width": 600
        }
    },
    "dataset": {
        "average_hash": "e3e381020101c3c3",
        "split": "train",
        "version": "v2"
    },
    "regions": [
        {
            "boundingBox": {
                "height": 27.199951171875,
                "left": 256.60003662109375,
                "top": 130.60003662109375,
                "width": 53.60003662109375
            },
            "id": "iaOPnlHdw",
            "points": [
                {
                    "x": 256.60003662109375,
                    "y": 130.60003662109375
                },
                {
                    "x": 310.2000732421875,
                    "y": 130.60003662109375
                },
                {
                    "x": 310.2000732421875,
                    "y": 157.79998779296875
                },
                {
                    "x": 256.60003662109375,
                    "y": 157.79998779296875
                }
            ]
        },
        {
            "boundingBox": {
                "height": 34.39996337890625,
                "left": 335,
                "top": 99.4000244140625,
                "width": 67.2000732421875
            },
            "id": "Tncqigp8t",
            "points": [
                {
                    "x": 335,
                    "y": 99.4000244140625
                },
                {
                    "x": 402.2000732421875,
                    "y": 99.4000244140625
                },
                {
                    "x": 402.2000732421875,
                    "y": 133.79998779296875
                },
                {
                    "x": 335,
                    "y": 133.79998779296875
                }
            ]
        },
        {
            "boundingBox": {
                "height": 41.600006103515625,
                "left": 450.2000732421875,
                "top": 77.80001831054688,
                "width": 74.39990234375
            },
            "id": "QnrDUktbI",
            "points": [
                {
                    "x": 450.2000732421875,
                    "y": 77.80001831054688
                },
                {
                    "x": 524.5999755859375,
                    "y": 77.80001831054688
                },
                {
                    "x": 524.5999755859375,
                    "y": 119.4000244140625
                },
                {
                    "x": 450.2000732421875,
                    "y": 119.4000244140625
                }
            ]
        }
    ]
}