{
    "asset": {
        "format": "jpg",
        "id": "69976c90b84d84a71893ef81e2a53ff2",
        "name": "71879304_p1_master1200.jpg",
        "size": {
            "height": 600,
            "width": 600
        }
    },
    "dataset": {
        "average_hash": "fef3e1e9e9c1e3e7",
        "split": "train",
        "version": "v3"
    },
    "regions": [
        {
            "boundingBox": {
                "height": 152.44122965641952,
                "left": 118.2640144665461,
                "top": 447.5587703435804,
                "width": 360.21699819168174
            },
            "id": "cCHcM1nat",
            "points": [
                {
                    "x": 118.2640144665461,
                    "y": 447.5587703435804
                },
                {
                    "x": 478.4810126582278,
                    "y": 447.5587703435804
                },
                {
                    "x": 478.4810126582278,
                    "y": 600
                },
                {
                    "x": 118.2640144665461,
                    "y": 600
                }
            ]
        }
    ]
}