{
    "asset": {
        "format": "jpg",
        "id": "15291683550282b924d34bbd3fe237ec",
        "name": "71875234_p2_master1200.jpg",
        "size": {
            "height": 800,
            "width": 600
        }
    },
    "dataset": {
        "average_hash": "e7c3c3999303c3f3",
        "split": "train",
        "version": "v3"
    },
    "regions": [
        {
            "boundingBox": {
                "height": 141.72185430463577,
                "left": 189.4039735099338,
                "top": 272.84768211920533,
                "width": 180.13245033112585
            },
            "id": "eIbBr_IPV",
            "points": [
                {
                    "x": 189.4039735099338,
                    "y": 272.84768211920533
                },
                {
                    "x": 369.5364238410596,
                    "y": 272.84768211920533
                },
                {
                    "x": 369.5364238410596,
                    "y": 414.5695364238411
                },
                {
                    "x": 189.4039735099338,
                    "y": 414.5695364238411
                }
            ]
        }
    ]
}