{
    "asset": {
        "format": "jpg",
        "id": "0f1eeb0541798fcfbc56b7ffce7e741a",
        "name": "71875800_p0_master1200.jpg",
        "size": {
            "height": 834,
            "width": 600
        }
    },
    "dataset": {
        "average_hash": "1cbc7e7f3b97c3c0",
        "split": "train",
        "version": "v2"
    },
    "regions": [
        {
            "boundingBox": {
                "height": 106.39999389648438,
                "left": 195.79998779296875,
                "top": 300.8000183105469,
                "width": 191.20001220703125
            },
            "id": "5DhFItw0k",
            "points": [
                {
                    "x": 195.79998779296875,
                    "y": 300.8000183105469
                },
                {
                    "x": 387,
                    "y": 300.8000183105469
                },
                {
                    "x": 387,
                    "y": 407.20001220703125
                },
                {
                    "x": 195.79998779296875,
                    "y": 407.20001220703125
                }
            ]
        }
    ]
}