{
    "asset": {
        "format": "jpg",
        "id": "4bd538ded9a7de47e029ee74702e8352",
        "name": "71871082_p1_master1200.jpg",
        "size": {
            "height": 1067,
            "width": 600
        }
    },
    "dataset": {
        "average_hash": "d018d81807ffffff",
        "split": "train",
        "version": "v3"
    },
    "regions": [
        {
            "boundingBox": {
                "height": 74.19536423841059,
                "left": 184.10845588235293,
                "top": 307.38079470198676,
                "width": 180
            },
            "id": "83oNtwkU3",
            "points": [
                {
                    "x": 184.10845588235293,
                    "y": 307.38079470198676
                },
                {
                    "x": 364.1084558823529,
                    "y": 307.38079470198676
                },
                {
                    "x": 364.1084558823529,
                    "y": 381.57615894039736
                },
                {
                    "x": 184.10845588235293,
                    "y": 381.57615894039736
                }
            ]
        }
    ]
}