{
    "asset": {
        "format": "jpg",
        "id": "e02ee88c1e381379cc32e7aa4a44cde8",
        "name": "71871139_p0_master1200.jpg",
        "size": {
            "height": 750,
            "width": 600
        }
    },
    "dataset": {
        "average_hash": "2060f03c5cbf67e6",
        "split": "train",
        "version": "v2"
    },
    "regions": [
        {
            "boundingBox": {
                "height": 151.199951171875,
                "left": 176.79998779296875,
                "top": 399.60003662109375,
                "width": 275.20001220703125
            },
            "id": "xyiyolqcE",
            "points": [
                {
                    "x": 176.79998779296875,
                    "y": 399.60003662109375
                },
                {
                    "x": 452,
                    "y": 399.60003662109375
                },
                {
                    "x": 452,
                    "y": 550.7999877929688
                },
                {
                    "x": 176.79998779296875,
                    "y": 550.7999877929688
                }
            ]
        }
    ]
}