{
    "asset": {
        "format": "jpg",
        "id": "526377b8f765cb463d3f2bd521408d39",
        "name": "71870613_p0_master1200.jpg",
        "size": {
            "height": 849,
            "width": 600
        }
    },
    "dataset": {
        "average_hash": "f3a1c1e1c1a1e9fb",
        "split": "train",
        "version": "v2"
    },
    "regions": [
        {
            "boundingBox": {
                "height": 47.20001220703125,
                "left": 208.60003662109375,
                "top": 229.10000610351562,
                "width": 113.60003662109375
            },
            "id": "3kxHfpdQF",
            "points": [
                {
                    "x": 208.60003662109375,
                    "y": 229.10000610351562
                },
                {
                    "x": 322.2000732421875,
                    "y": 229.10000610351562
                },
                {
                    "x": 322.2000732421875,
                    "y": 276.3000183105469
                },
                {
                    "x": 208.60003662109375,
                    "y": 276.3000183105469
                }
            ]
        }
    ]
}