{
    "asset": {
        "format": "jpg",
        "id": "ea4aeed1219588c20794acde0c822fd8",
        "name": "71872209_p0_master1200.jpg",
        "size": {
            "height": 425,
            "width": 600
        }
    },
    "dataset": {
        "average_hash": "83435d031310de5f",
        "split": "train",
        "version": "v2"
    },
    "regions": [
        {
            "boundingBox": {
                "height": 40.800048828125,
                "left": 55.79998779296875,
                "top": 156.29998779296875,
                "width": 80.800048828125
            },
            "id": "CILMPkj-f",
            "points": [
                {
                    "x": 55.79998779296875,
                    "y": 156.29998779296875
                },
                {
                    "x": 136.60003662109375,
                    "y": 156.29998779296875
                },
                {
                    "x": 136.60003662109375,
                    "y": 197.10003662109375
                },
                {
                    "x": 55.79998779296875,
                    "y": 197.10003662109375
                }
            ]
        },
        {
            "boundingBox": {
                "height": 44.79998779296875,
                "left": 243.79998779296875,
                "top": 150.70001220703125,
                "width": 87.20001220703125
            },
            "id": "vrVY1Pj54",
            "points": [
                {
                    "x": 243.79998779296875,
                    "y": 150.70001220703125
                },
                {
                    "x": 331,
                    "y": 150.70001220703125
                },
                {
                    "x": 331,
                    "y": 195.5
                },
                {
                    "x": 243.79998779296875,
                    "y": 195.5
                }
            ]
        },
        {
            "boundingBox": {
                "height": 49.5999755859375,
                "left": 493.4000244140625,
                "top": 153.9000244140625,
                "width": 76.800048828125
            },
            "id": "xJFmT-AjL",
            "points": [
                {
                    "x": 493.4000244140625,
                    "y": 153.9000244140625
                },
                {
                    "x": 570.2000732421875,
                    "y": 153.9000244140625
                },
                {
                    "x": 570.2000732421875,
                    "y": 203.5
                },
                {
                    "x": 493.4000244140625,
                    "y": 203.5
                }
            ]
        }
    ]
}