{
    "asset": {
        "format": "jpg",
        "id": "3bc7b5226df867f3396c626ee8210aa2",
        "name": "71879528_p0_master1200.jpg",
        "size": {
            "height": 800,
            "width": 600
        }
    },
    "dataset": {
        "average_hash": "ffc3c3d3e3dbc5c1",
        "split": "train",
        "version": "v2"
    },
    "regions": [
        {
            "boundingBox": {
                "height": 256.79998779296875,
                "left": 41.4000244140625,
                "top": 418.20001220703125,
                "width": 328
            },
            "id": "LR3sO1M8z",
            "points": [
                {
                    "x": 41.4000244140625,
                    "y": 418.20001220703125
                },
                {
                    "x": 369.4000244140625,
                    "y": 418.20001220703125
                },
                {
                    "x": 369.4000244140625,
                    "y": 675
                },
                {
                    "x": 41.4000244140625,
                    "y": 675
                }
            ]
        }
    ]
}