{
    "asset": {
        "format": "jpg",
        "id": "34e9b8605f00e2b2bd89e82ebbf89c23",
        "name": "71876349_p0_master1200.jpg",
        "size": {
            "height": 900,
            "width": 600
        }
    },
    "dataset": {
        "average_hash": "00181818dbfb8981",
        "split": "train",
        "version": "v2"
    },
    "regions": [
        {
            "boundingBox": {
                "height": 70.39999389648438,
                "left": 240.60003662109375,
                "top": 249,
                "width": 127.99993896484375
            },
            "id": "zxuWnW3Gj",
            "points": [
                {
                    "x": 240.60003662109375,
                    "y": 249
                },
                {
                    "x": 368.5999755859375,
                    "y": 249
                },
                {
                    "x": 368.5999755859375,
                    "y": 319.3999938964844
                },
                {
                    "x": 240.60003662109375,
                    "y": 319.3999938964844
                }
            ]
        }
    ]
}