{
    "asset": {
        "format": "jpg",
        "id": "821def82367c65d64c938286150a3274",
        "name": "71876665_p0_master1200.jpg",
        "size": {
            "height": 877,
            "width": 600
        }
    },
    "dataset": {
        "average_hash": "00be3e1f3bf5ffbd",
        "split": "train",
        "version": "v2"
    },
    "regions": [
        {
            "boundingBox": {
                "height": 86.39999389648438,
                "left": 428.5999755859375,
                "top": 307.6000061035156,
                "width": 128
            },
            "id": "oWkFZWbP6",
            "points": [
                {
                    "x": 428.5999755859375,
                    "y": 307.6000061035156
                },
                {
                    "x": 556.5999755859375,
                    "y": 307.6000061035156
                },
                {
                    "x": 556.5999755859375,
                    "y": 394
                },
                {
                    "x": 428.5999755859375,
                    "y": 394
                }
            ]
        }
    ]
}