{
    "asset": {
        "format": "jpg",
        "id": "c00f305c551b490798e6786dd2824cca",
        "name": "71876468_p0_master1200.jpg",
        "size": {
            "height": 899,
            "width": 600
        }
    },
    "dataset": {
        "average_hash": "bf83c3c38381efef",
        "split": "train",
        "version": "v2"
    },
    "regions": [
        {
            "boundingBox": {
                "height": 62.399993896484375,
                "left": 179.79998779296875,
                "top": 220.20001220703125,
                "width": 131.20001220703125
            },
            "id": "1Xs9gMIUr",
            "points": [
                {
                    "x": 179.79998779296875,
                    "y": 220.20001220703125
                },
                {
                    "x": 311,
                    "y": 220.20001220703125
                },
                {
                    "x": 311,
                    "y": 282.6000061035156
                },
                {
                    "x": 179.79998779296875,
                    "y": 282.6000061035156
                }
            ]
        }
    ]
}