{
    "asset": {
        "format": "jpg",
        "id": "f9768310ae9d74e2ca0b0cae2059257c",
        "name": "71870740_p0_master1200.jpg",
        "size": {
            "height": 483,
            "width": 600
        }
    },
    "dataset": {
        "average_hash": "08787830103f3f3f",
        "split": "test",
        "version": "v2"
    },
    "regions": [
        {
            "boundingBox": {
                "height": 130.79998779296875,
                "left": 107.79998779296875,
                "top": 352.20001220703125,
                "width": 209.60003662109375
            },
            "id": "7kaKtq4Jg",
            "points": [
                {
                    "x": 107.79998779296875,
                    "y": 352.20001220703125
                },
                {
                    "x": 317.4000244140625,
                    "y": 352.20001220703125
                },
                {
                    "x": 317.4000244140625,
                    "y": 483
                },
                {
                    "x": 107.79998779296875,
                    "y": 483
                }
            ]
        }
    ]
}