{
    "asset": {
        "format": "jpg",
        "id": "de04d31cc85f28c0139c1e3a4de003ba",
        "name": "71878742_p0_master1200.jpg",
        "size": {
            "height": 759,
            "width": 600
        }
    },
    "dataset": {
        "average_hash": "fa18391121978198",
        "split": "train",
        "version": "v2"
    },
    "regions": [
        {
            "boundingBox": {
                "height": 117.75518178814005,
                "left": 45.08765830420492,
                "top": 294.38786279683376,
                "width": 213.1552465371974
            },
            "id": "jtf2X7Cg1",
            "points": [
                {
                    "x": 45.08765830420492,
                    "y": 294.38786279683376
                },
                {
                    "x": 258.2429048414023,
                    "y": 294.38786279683376
                },
                {
                    "x": 258.2429048414023,
                    "y": 412.1430445849738
                },
                {
                    "x": 45.08765830420492,
                    "y": 412.1430445849738
                }
            ]
        },
        {
            "boundingBox": {
                "height": 124.16355783266253,
                "left": 258.2429048414023,
                "top": 263.14672018166897,
                "width": 72.12026147094114
            },
            "id": "lvFNWd4mH",
            "points": [
                {
                    "x": 258.2429048414023,
                    "y": 263.14672018166897
                },
                {
                    "x": 330.3631663123435,
                    "y": 263.14672018166897
                },
                {
                    "x": 330.3631663123435,
                    "y": 387.3102780143315
                },
                {
                    "x": 258.2429048414023,
                    "y": 387.3102780143315
                }
            ]
        }
    ]
}