{
    "asset": {
        "format": "jpg",
        "id": "bef7c8ee70be3e6f1b7a53203476b0af",
        "name": "71875234_p8_master1200.jpg",
        "size": {
            "height": 850,
            "width": 600
        }
    },
    "dataset": {
        "average_hash": "ecf0d0f1839f0b0f",
        "split": "train",
        "version": "v3"
    },
    "regions": [
        {
            "boundingBox": {
                "height": 181.53973509933775,
                "left": 272.7992957746479,
                "top": 605.1324503311258,
                "width": 242.25352112676055
            },
            "id": "OCDWSxoc3",
            "points": [
                {
                    "x": 272.7992957746479,
                    "y": 605.1324503311258
                },
                {
                    "x": 515.0528169014084,
                    "y": 605.1324503311258
                },
                {
                    "x": 515.0528169014084,
                    "y": 786.6721854304635
                },
                {
                    "x": 272.7992957746479,
                    "y": 786.6721854304635
                }
            ]
        }
    ]
}