{
    "asset": {
        "format": "jpg",
        "id": "5847396e0b7a2770acc12c7e8be4e640",
        "name": "71885574_p0_master1200.jpg",
        "size": {
            "height": 419,
            "width": 600
        }
    },
    "dataset": {
        "average_hash": "ffe78381c3c3d7ff",
        "split": "train",
        "version": "v2"
    },
    "regions": [
        {
            "boundingBox": {
                "height": 27.79998779296875,
                "left": 300.4000244140625,
                "top": 143.20001220703125,
                "width": 64.5999755859375
            },
            "id": "7_dnr7X4A",
            "points": [
                {
                    "x": 300.4000244140625,
                    "y": 143.20001220703125
                },
                {
                    "x": 365,
                    "y": 143.20001220703125
                },
                {
                    "x": 365,
                    "y": 171
                },
                {
                    "x": 300.4000244140625,
                    "y": 171
                }
            ]
        }
    ]
}