{
    "asset": {
        "format": "jpg",
        "id": "ff741e7e6a16933c0a848378b3456913",
        "name": "71884039_p1_master1200.jpg",
        "size": {
            "height": 600,
            "width": 600
        }
    },
    "dataset": {
        "average_hash": "fff7ffff9f002020",
        "split": "train",
        "version": "v3"
    },
    "regions": [
        {
            "boundingBox": {
                "height": 111.75406871609403,
                "left": 231.1030741410488,
                "top": 409.58408679927663,
                "width": 230.01808318264014
            },
            "id": "4o0Y8AuQi",
            "points": [
                {
                    "x": 231.1030741410488,
                    "y": 409.58408679927663
                },
                {
                    "x": 461.1211573236889,
                    "y": 409.58408679927663
                },
                {
                    "x": 461.1211573236889,
                    "y": 521.3381555153707
                },
                {
                    "x": 231.1030741410488,
                    "y": 521.3381555153707
                }
            ]
        }
    ]
}