{
    "asset": {
        "format": "jpg",
        "id": "1fdc24247abedd095fe07c09cd5ed2ce",
        "name": "71886373_p0_master1200.jpg",
        "size": {
            "height": 800,
            "width": 600
        }
    },
    "dataset": {
        "average_hash": "6733f3c3c1e3c99d",
        "split": "train",
        "version": "v2"
    },
    "regions": [
        {
            "boundingBox": {
                "height": 100.79998779296875,
                "left": 263.79998779296875,
                "top": 348.60003662109375,
                "width": 185.60003662109375
            },
            "id": "RliaQczwN",
            "points": [
                {
                    "x": 263.79998779296875,
                    "y": 348.60003662109375
                },
                {
                    "x": 449.4000244140625,
                    "y": 348.60003662109375
                },
                {
                    "x": 449.4000244140625,
                    "y": 449.4000244140625
                },
                {
                    "x": 263.79998779296875,
                    "y": 449.4000244140625
                }
            ]
        }
    ]
}