{
    "asset": {
        "format": "jpg",
        "id": "a482ef37bc6159882a6e10b1cca4352c",
        "name": "71886473_p4_master1200.jpg",
        "size": {
            "height": 339,
            "width": 600
        }
    },
    "dataset": {
        "average_hash": "9f9b9b1f1f1f0f0b",
        "split": "train",
        "version": "v3"
    },
    "regions": [
        {
            "boundingBox": {
                "height": 42.375,
                "left": 328.75226039783,
                "top": 174.1008112980769,
                "width": 88.96925858951175
            },
            "id": "AfblcgF9i",
            "points": [
                {
                    "x": 328.75226039783,
                    "y": 174.1008112980769
                },
                {
                    "x": 417.72151898734177,
                    "y": 174.1008112980769
                },
                {
                    "x": 417.72151898734177,
                    "y": 216.4758112980769
                },
                {
                    "x": 328.75226039783,
                    "y": 216.4758112980769
                }
            ]
        },
        {
            "boundingBox": {
                "height": 44.54807692307692,
                "left": 139.9638336347197,
                "top": 165.40850360576923,
                "width": 101.9891500904159
            },
            "id": "Fg2afJyE_",
            "points": [
                {
                    "x": 139.9638336347197,
                    "y": 165.40850360576923
                },
                {
                    "x": 241.95298372513562,
                    "y": 165.40850360576923
                },
                {
                    "x": 241.95298372513562,
                    "y": 209.95658052884613
                },
                {
                    "x": 139.9638336347197,
                    "y": 209.95658052884613
                }
            ]
        }
    ]
}