{
    "asset": {
        "format": "jpg",
        "id": "d8d61d42e5e2b9ca1327957ce420ec0a",
        "name": "71884039_p0_master1200.jpg",
        "size": {
            "height": 450,
            "width": 600
        }
    },
    "dataset": {
        "average_hash": "fffff0222860273f",
        "split": "train",
        "version": "v2"
    },
    "regions": [
        {
            "boundingBox": {
                "height": 78.39996337890625,
                "left": 57.4000244140625,
                "top": 302.4000244140625,
                "width": 113.5999755859375
            },
            "id": "M8__7sKp_",
            "points": [
                {
                    "x": 57.4000244140625,
                    "y": 302.4000244140625
                },
                {
                    "x": 171,
                    "y": 302.4000244140625
                },
                {
                    "x": 171,
                    "y": 380.79998779296875
                },
                {
                    "x": 57.4000244140625,
                    "y": 380.79998779296875
                }
            ]
        }
    ]
}