{
    "asset": {
        "format": "jpg",
        "id": "1b68c1031fcb73f13fb1b13771db7bc9",
        "name": "71886473_p3_master1200.jpg",
        "size": {
            "height": 339,
            "width": 600
        }
    },
    "dataset": {
        "average_hash": "fffd9cb898991818",
        "split": "train",
        "version": "v3"
    },
    "regions": [
        {
            "boundingBox": {
                "height": 51.067307692307686,
                "left": 406.871609403255,
                "top": 137.15850360576923,
                "width": 106.32911392405063
            },
            "id": "jNGTuHf9O",
            "points": [
                {
                    "x": 406.871609403255,
                    "y": 137.15850360576923
                },
                {
                    "x": 513.2007233273056,
                    "y": 137.15850360576923
                },
                {
                    "x": 513.2007233273056,
                    "y": 188.2258112980769
                },
                {
                    "x": 406.871609403255,
                    "y": 188.2258112980769
                }
            ]
        }
    ]
}