{
    "asset": {
        "format": "jpg",
        "id": "1cbab0bf2d0dcefacdd4d4029aa46b16",
        "name": "71884539_p0_master1200.jpg",
        "size": {
            "height": 848,
            "width": 600
        }
    },
    "dataset": {
        "average_hash": "f7e7e7e3c3e3e3c3",
        "split": "train",
        "version": "v2"
    },
    "regions": [
        {
            "boundingBox": {
                "height": 88,
                "left": 173.4000244140625,
                "top": 395,
                "width": 157.5999755859375
            },
            "id": "n3EX6r0dE",
            "points": [
                {
                    "x": 173.4000244140625,
                    "y": 395
                },
                {
                    "x": 331,
                    "y": 395
                },
                {
                    "x": 331,
                    "y": 483
                },
                {
                    "x": 173.4000244140625,
                    "y": 483
                }
            ]
        }
    ]
}