{
    "asset": {
        "format": "jpg",
        "id": "82d9a6f4e19a6e4b621e5fa516ca7f27",
        "name": "71886473_p0_master1200.jpg",
        "size": {
            "height": 339,
            "width": 600
        }
    },
    "dataset": {
        "average_hash": "ff5f038787830303",
        "split": "train",
        "version": "v2"
    },
    "regions": [
        {
            "boundingBox": {
                "height": 67.199951171875,
                "left": 207.79998779296875,
                "top": 162.60003662109375,
                "width": 116.00006103515625
            },
            "id": "MWDupm0eF",
            "points": [
                {
                    "x": 207.79998779296875,
                    "y": 162.60003662109375
                },
                {
                    "x": 323.800048828125,
                    "y": 162.60003662109375
                },
                {
                    "x": 323.800048828125,
                    "y": 229.79998779296875
                },
                {
                    "x": 207.79998779296875,
                    "y": 229.79998779296875
                }
            ]
        }
    ]
}