{
    "asset": {
        "format": "jpg",
        "id": "8673743943da21cb2b1c0ce88461a170",
        "name": "71885490_p1_master1200.jpg",
        "size": {
            "height": 399,
            "width": 600
        }
    },
    "dataset": {
        "average_hash": "dfdf8f8738e07071",
        "split": "train",
        "version": "v3"
    },
    "regions": [
        {
            "boundingBox": {
                "height": 111.67663043478262,
                "left": 13.019891500904158,
                "top": 230.80740489130437,
                "width": 260.39783001808314
            },
            "id": "Dg4vjqGun",
            "points": [
                {
                    "x": 13.019891500904158,
                    "y": 230.80740489130437
                },
                {
                    "x": 273.4177215189873,
                    "y": 230.80740489130437
                },
                {
                    "x": 273.4177215189873,
                    "y": 342.484035326087
                },
                {
                    "x": 13.019891500904158,
                    "y": 342.484035326087
                }
            ]
        }
    ]
}