{
    "asset": {
        "format": "jpg",
        "id": "f25abf167ff65b9f00323082c4f27d73",
        "name": "71886473_p2_master1200.jpg",
        "size": {
            "height": 339,
            "width": 600
        }
    },
    "dataset": {
        "average_hash": "9f8fc7cfcfc78783",
        "split": "train",
        "version": "v3"
    },
    "regions": [
        {
            "boundingBox": {
                "height": 63.851111778846146,
                "left": 222.42314647377938,
                "top": 275.1488882211538,
                "width": 215.9132007233273
            },
            "id": "wRjXbh-hW",
            "points": [
                {
                    "x": 222.42314647377938,
                    "y": 275.1488882211538
                },
                {
                    "x": 438.33634719710665,
                    "y": 275.1488882211538
                },
                {
                    "x": 438.33634719710665,
                    "y": 339
                },
                {
                    "x": 222.42314647377938,
                    "y": 339
                }
            ]
        }
    ]
}