{
    "asset": {
        "format": "jpg",
        "id": "e4410f29cd76115c88b9d8160bc53241",
        "name": "71886473_p11_master1200.jpg",
        "size": {
            "height": 339,
            "width": 600
        }
    },
    "dataset": {
        "average_hash": "f7e7f7e7e7c3c3c3",
        "split": "train",
        "version": "v3"
    },
    "regions": [
        {
            "boundingBox": {
                "height": 97.78846153846153,
                "left": 200.72332730560578,
                "top": 224.08158052884613,
                "width": 182.27848101265823
            },
            "id": "x_BhFKT69",
            "points": [
                {
                    "x": 200.72332730560578,
                    "y": 224.08158052884613
                },
                {
                    "x": 383.001808318264,
                    "y": 224.08158052884613
                },
                {
                    "x": 383.001808318264,
                    "y": 321.8700420673077
                },
                {
                    "x": 200.72332730560578,
                    "y": 321.8700420673077
                }
            ]
        }
    ]
}