{
    "asset": {
        "format": "jpg",
        "id": "bc696202052071d7cf2e0c900ad68b50",
        "name": "71884087_p0_master1200.jpg",
        "size": {
            "height": 796,
            "width": 600
        }
    },
    "dataset": {
        "average_hash": "c1f1dffbe3810104",
        "split": "train",
        "version": "v2"
    },
    "regions": [
        {
            "boundingBox": {
                "height": 252,
                "left": 45.4000244140625,
                "top": 513.7999877929688,
                "width": 303.199951171875
            },
            "id": "UJuP0UF8r",
            "points": [
                {
                    "x": 45.4000244140625,
                    "y": 513.7999877929688
                },
                {
                    "x": 348.5999755859375,
                    "y": 513.7999877929688
                },
                {
                    "x": 348.5999755859375,
                    "y": 765.7999877929688
                },
                {
                    "x": 45.4000244140625,
                    "y": 765.7999877929688
                }
            ]
        }
    ]
}