{
    "asset": {
        "format": "jpg",
        "id": "cf7dba35a800aeeec65e9c3ffbbcc07e",
        "name": "71886473_p5_master1200.jpg",
        "size": {
            "height": 339,
            "width": 600
        }
    },
    "dataset": {
        "average_hash": "cf8f8f9f8f0f0f07",
        "split": "train",
        "version": "v3"
    },
    "regions": [
        {
            "boundingBox": {
                "height": 54.07226562499999,
                "left": 139.9638336347197,
                "top": 284.927734375,
                "width": 198.55334538878841
            },
            "id": "h5_xf4SW5",
            "points": [
                {
                    "x": 139.9638336347197,
                    "y": 284.927734375
                },
                {
                    "x": 338.5171790235081,
                    "y": 284.927734375
                },
                {
                    "x": 338.5171790235081,
                    "y": 339
                },
                {
                    "x": 139.9638336347197,
                    "y": 339
                }
            ]
        }
    ]
}