{
    "asset": {
        "format": "jpg",
        "id": "b261964bac66e8397c34a2f370a23fe7",
        "name": "71886473_p6_master1200.jpg",
        "size": {
            "height": 339,
            "width": 600
        }
    },
    "dataset": {
        "average_hash": "3c1c1c1c9cdecefa",
        "split": "train",
        "version": "v3"
    },
    "regions": [
        {
            "boundingBox": {
                "height": 42.375,
                "left": 115.00904159132006,
                "top": 159.9758112980769,
                "width": 57.504520795660035
            },
            "id": "qbU7be-gd",
            "points": [
                {
                    "x": 115.00904159132006,
                    "y": 159.9758112980769
                },
                {
                    "x": 172.5135623869801,
                    "y": 159.9758112980769
                },
                {
                    "x": 172.5135623869801,
                    "y": 202.35081129807688
                },
                {
                    "x": 115.00904159132006,
                    "y": 202.35081129807688
                }
            ]
        }
    ]
}