{
    "asset": {
        "format": "jpg",
        "id": "f2df8a42546cb94e3a995ef18fd29c45",
        "name": "71886473_p10_master1200.jpg",
        "size": {
            "height": 339,
            "width": 600
        }
    },
    "dataset": {
        "average_hash": "efefcfc7c7c7c4c4",
        "split": "train",
        "version": "v3"
    },
    "regions": [
        {
            "boundingBox": {
                "height": 53.24038461538458,
                "left": 202.89330922242314,
                "top": 132.5576923076923,
                "width": 116.09403254972875
            },
            "id": "rLidq0fbd",
            "points": [
                {
                    "x": 202.89330922242314,
                    "y": 132.5576923076923
                },
                {
                    "x": 318.98734177215186,
                    "y": 132.5576923076923
                },
                {
                    "x": 318.98734177215186,
                    "y": 185.79807692307688
                },
                {
                    "x": 202.89330922242314,
                    "y": 185.79807692307688
                }
            ]
        }
    ]
}