{
    "asset": {
        "format": "jpg",
        "id": "0d004f6b7afdb94dcbb4cd3825820c0c",
        "name": "71886473_p8_master1200.jpg",
        "size": {
            "height": 339,
            "width": 600
        }
    },
    "dataset": {
        "average_hash": "f9f1f0f4f4f0f1f1",
        "split": "train",
        "version": "v3"
    },
    "regions": [
        {
            "boundingBox": {
                "height": 44.29341947115384,
                "left": 315.73236889692583,
                "top": 294.70658052884613,
                "width": 198.55334538878841
            },
            "id": "2tmwYw5dY",
            "points": [
                {
                    "x": 315.73236889692583,
                    "y": 294.70658052884613
                },
                {
                    "x": 514.2857142857142,
                    "y": 294.70658052884613
                },
                {
                    "x": 514.2857142857142,
                    "y": 339
                },
                {
                    "x": 315.73236889692583,
                    "y": 339
                }
            ]
        }
    ]
}