{
    "asset": {
        "format": "jpg",
        "id": "b4ffbd016932a4dba1894c7280551771",
        "name": "71880910_p0_master1200.jpg",
        "size": {
            "height": 841,
            "width": 600
        }
    },
    "dataset": {
        "average_hash": "0200383afff3f161",
        "split": "test",
        "version": "v2"
    },
    "regions": [
        {
            "boundingBox": {
                "height": 65.5999755859375,
                "left": 191.79998779296875,
                "top": 354.70001220703125,
                "width": 114.40008544921875
            },
            "id": "jbTP8zKsl",
            "points": [
                {
                    "x": 191.79998779296875,
                    "y": 354.70001220703125
                },
                {
                    "x": 306.2000732421875,
                    "y": 354.70001220703125
                },
                {
                    "x": 306.2000732421875,
                    "y": 420.29998779296875
                },
                {
                    "x": 191.79998779296875,
                    "y": 420.29998779296875
                }
            ]
        }
    ]
}