{
    "asset": {
        "format": "jpg",
        "id": "ab744912d8fc5eb36aaa5a591d669bce",
        "name": "71884039_p2_master1200.jpg",
        "size": {
            "height": 600,
            "width": 600
        }
    },
    "dataset": {
        "average_hash": "fffffc7c3c4cc881",
        "split": "train",
        "version": "v3"
    },
    "regions": [
        {
            "boundingBox": {
                "height": 91.13924050632912,
                "left": 288.60759493670884,
                "top": 357.50452079566,
                "width": 110.66907775768534
            },
            "id": "3Qztj958B",
            "points": [
                {
                    "x": 288.60759493670884,
                    "y": 357.50452079566
                },
                {
                    "x": 399.27667269439416,
                    "y": 357.50452079566
                },
                {
                    "x": 399.27667269439416,
                    "y": 448.6437613019891
                },
                {
                    "x": 288.60759493670884,
                    "y": 448.6437613019891
                }
            ]
        }
    ]
}