{
    "asset": {
        "format": "jpg",
        "id": "015e3cdfde01c5a2eb17c7fa9ee5696b",
        "name": "71887625_p0_master1200.jpg",
        "size": {
            "height": 679,
            "width": 600
        }
    },
    "dataset": {
        "average_hash": "e767059b93e7ef81",
        "split": "train",
        "version": "v2"
    },
    "regions": [
        {
            "boundingBox": {
                "height": 113.76752717234743,
                "left": 111.73493758491848,
                "top": 565.2324728276525,
                "width": 320.26757077628554
            },
            "id": "aB-mVawcL",
            "points": [
                {
                    "x": 111.73493758491848,
                    "y": 565.2324728276525
                },
                {
                    "x": 432.00250836120404,
                    "y": 565.2324728276525
                },
                {
                    "x": 432.00250836120404,
                    "y": 679
                },
                {
                    "x": 111.73493758491848,
                    "y": 679
                }
            ]
        }
    ]
}