{
    "asset": {
        "format": "jpg",
        "id": "50f9aeb8db965c27b06e50f505371c40",
        "name": "71886473_p9_master1200.jpg",
        "size": {
            "height": 339,
            "width": 600
        }
    },
    "dataset": {
        "average_hash": "cbc3cfe7c7c38305",
        "split": "train",
        "version": "v3"
    },
    "regions": [
        {
            "boundingBox": {
                "height": 45.37995793269231,
                "left": 173.59855334538878,
                "top": 293.6200420673077,
                "width": 156.2386980108499
            },
            "id": "0RnHf_O25",
            "points": [
                {
                    "x": 173.59855334538878,
                    "y": 293.6200420673077
                },
                {
                    "x": 329.83725135623865,
                    "y": 293.6200420673077
                },
                {
                    "x": 329.83725135623865,
                    "y": 339
                },
                {
                    "x": 173.59855334538878,
                    "y": 339
                }
            ]
        }
    ]
}