{
    "asset": {
        "format": "jpg",
        "id": "fe678fee612d0d49e4ee432f6e87bab5",
        "name": "71885490_p0_master1200.jpg",
        "size": {
            "height": 727,
            "width": 600
        }
    },
    "dataset": {
        "average_hash": "fcfcdfc0c4f8f8d8",
        "split": "train",
        "version": "v2"
    },
    "regions": [
        {
            "boundingBox": {
                "height": 106.54658092151988,
                "left": 161.52590748458402,
                "top": 249.54326291255057,
                "width": 220.73578595317727
            },
            "id": "Nh68a1XAy",
            "points": [
                {
                    "x": 161.52590748458402,
                    "y": 249.54326291255057
                },
                {
                    "x": 382.26169343776127,
                    "y": 249.54326291255057
                },
                {
                    "x": 382.26169343776127,
                    "y": 356.08984383407045
                },
                {
                    "x": 161.52590748458402,
                    "y": 356.08984383407045
                }
            ]
        },
        {
            "boundingBox": {
                "height": 76.10468319559229,
                "left": 407.14468557300376,
                "top": 368.9074624642196,
                "width": 133.244073670046
            },
            "id": "rKc3m1jH8",
            "points": [
                {
                    "x": 407.14468557300376,
                    "y": 368.9074624642196
                },
                {
                    "x": 540.3887592430498,
                    "y": 368.9074624642196
                },
                {
                    "x": 540.3887592430498,
                    "y": 445.0121456598119
                },
                {
                    "x": 407.14468557300376,
                    "y": 445.0121456598119
                }
            ]
        }
    ]
}