{
    "asset": {
        "format": "jpg",
        "id": "4edef46cb5c14a9f345a117b43c6b782",
        "name": "71884039_p4_master1200.jpg",
        "size": {
            "height": 399,
            "width": 600
        }
    },
    "dataset": {
        "average_hash": "ffe7c6e3e1676713",
        "split": "train",
        "version": "v3"
    },
    "regions": [
        {
            "boundingBox": {
                "height": 60.71739130434783,
                "left": 84.62929475587703,
                "top": 299.1144701086957,
                "width": 117.17902350813742
            },
            "id": "6fsiHNRGh",
            "points": [
                {
                    "x": 84.62929475587703,
                    "y": 299.1144701086957
                },
                {
                    "x": 201.80831826401445,
                    "y": 299.1144701086957
                },
                {
                    "x": 201.80831826401445,
                    "y": 359.8318614130435
                },
                {
                    "x": 84.62929475587703,
                    "y": 359.8318614130435
                }
            ]
        }
    ]
}