{
    "asset": {
        "format": "jpg",
        "id": "d5c40ee01f25a316883ade5f7b429462",
        "name": "71885574_p1_master1200.jpg",
        "size": {
            "height": 419,
            "width": 600
        }
    },
    "dataset": {
        "average_hash": "ffe78381c3c3d7ff",
        "split": "train",
        "version": "v3"
    },
    "regions": [
        {
            "boundingBox": {
                "height": 24.966321243523318,
                "left": 308.1374321880651,
                "top": 144.47223121761658,
                "width": 46.65461121157323
            },
            "id": "XK45OZ2Y-",
            "points": [
                {
                    "x": 308.1374321880651,
                    "y": 144.47223121761658
                },
                {
                    "x": 354.7920433996383,
                    "y": 144.47223121761658
                },
                {
                    "x": 354.7920433996383,
                    "y": 169.43855246113992
                },
                {
                    "x": 308.1374321880651,
                    "y": 169.43855246113992
                }
            ]
        }
    ]
}