{
    "asset": {
        "format": "jpg",
        "id": "362c51c63d6d61054eedd34e0a9dd934",
        "name": "71881802_p0_master1200.jpg",
        "size": {
            "height": 455,
            "width": 269
        }
    },
    "dataset": {
        "average_hash": "001f1f1f1f000000",
        "split": "train",
        "version": "v2"
    },
    "regions": [
        {
            "boundingBox": {
                "height": 56.12334801762114,
                "left": 132.11248779296875,
                "top": 88.59470753942817,
                "width": 48
            },
            "id": "AdoU12tza",
            "points": [
                {
                    "x": 132.11248779296875,
                    "y": 88.59470753942817
                },
                {
                    "x": 180.11248779296875,
                    "y": 88.59470753942817
                },
                {
                    "x": 180.11248779296875,
                    "y": 144.7180555570493
                },
                {
                    "x": 132.11248779296875,
                    "y": 144.7180555570493
                }
            ]
        }
    ]
}