{
    "asset": {
        "format": "jpg",
        "id": "e621d873f8a9fb7648535d09f4e146f9",
        "name": "71884039_p5_master1200.jpg",
        "size": {
            "height": 399,
            "width": 600
        }
    },
    "dataset": {
        "average_hash": "ffffcee6e2022020",
        "split": "train",
        "version": "v3"
    },
    "regions": [
        {
            "boundingBox": {
                "height": 49.87500000000001,
                "left": 174.68354430379745,
                "top": 241.6497961956522,
                "width": 83.54430379746834
            },
            "id": "8gZRLQaWE",
            "points": [
                {
                    "x": 174.68354430379745,
                    "y": 241.6497961956522
                },
                {
                    "x": 258.2278481012658,
                    "y": 241.6497961956522
                },
                {
                    "x": 258.2278481012658,
                    "y": 291.5247961956522
                },
                {
                    "x": 174.68354430379745,
                    "y": 291.5247961956522
                }
            ]
        }
    ]
}