{
    "asset": {
        "format": "jpg",
        "id": "4cf4187b5a5c7c02938ed12e397e7986",
        "name": "71884133_p0_master1200.jpg",
        "size": {
            "height": 169,
            "width": 600
        }
    },
    "dataset": {
        "average_hash": "bd8181bf998181c3",
        "split": "train",
        "version": "v2"
    },
    "regions": [
        {
            "boundingBox": {
                "height": 72.800048828125,
                "left": 169.4000244140625,
                "top": 56.29998779296875,
                "width": 81.5999755859375
            },
            "id": "po_OhfWq8",
            "points": [
                {
                    "x": 169.4000244140625,
                    "y": 56.29998779296875
                },
                {
                    "x": 251,
                    "y": 56.29998779296875
                },
                {
                    "x": 251,
                    "y": 129.10003662109375
                },
                {
                    "x": 169.4000244140625,
                    "y": 129.10003662109375
                }
            ]
        },
        {
            "boundingBox": {
                "height": 59.199951171875,
                "left": 338.800048828125,
                "top": 63.10003662109375,
                "width": 100
            },
            "id": "ZPIWfc_TA",
            "points": [
                {
                    "x": 338.800048828125,
                    "y": 63.10003662109375
                },
                {
                    "x": 438.800048828125,
                    "y": 63.10003662109375
                },
                {
                    "x": 438.800048828125,
                    "y": 122.29998779296875
                },
                {
                    "x": 338.800048828125,
                    "y": 122.29998779296875
                }
            ]
        }
    ]
}