{
    "asset": {
        "format": "jpg",
        "id": "8363340b43fb4f655cc49b9c5a2067e5",
        "name": "71886473_p7_master1200.jpg",
        "size": {
            "height": 339,
            "width": 600
        }
    },
    "dataset": {
        "average_hash": "c2c2c3c7d7d7cf07",
        "split": "train",
        "version": "v3"
    },
    "regions": [
        {
            "boundingBox": {
                "height": 56.24534254807692,
                "left": 116.09403254972875,
                "top": 282.75465745192304,
                "width": 180.10849909584087
            },
            "id": "_ig9FGE2n",
            "points": [
                {
                    "x": 116.09403254972875,
                    "y": 282.75465745192304
                },
                {
                    "x": 296.2025316455696,
                    "y": 282.75465745192304
                },
                {
                    "x": 296.2025316455696,
                    "y": 339
                },
                {
                    "x": 116.09403254972875,
                    "y": 339
                }
            ]
        }
    ]
}