{
    "asset": {
        "format": "jpg",
        "id": "3b904fbe596dcf846145d8a804dd2e18",
        "name": "71880792_p0_master1200.jpg",
        "size": {
            "height": 845,
            "width": 600
        }
    },
    "dataset": {
        "average_hash": "ffffe90286c09983",
        "split": "train",
        "version": "v2"
    },
    "regions": [
        {
            "boundingBox": {
                "height": 159.20001220703125,
                "left": 32.60003662109375,
                "top": 298,
                "width": 288.79998779296875
            },
            "id": "cP3hijIpp",
            "points": [
                {
                    "x": 32.60003662109375,
                    "y": 298
                },
                {
                    "x": 321.4000244140625,
                    "y": 298
                },
                {
                    "x": 321.4000244140625,
                    "y": 457.20001220703125
                },
                {
                    "x": 32.60003662109375,
                    "y": 457.20001220703125
                }
            ]
        }
    ]
}