{
    "asset": {
        "format": "jpg",
        "id": "ef2ed29355ab03f828ca615cf3e44ddd",
        "name": "71884592_p0_master1200.jpg",
        "size": {
            "height": 848,
            "width": 600
        }
    },
    "dataset": {
        "average_hash": "181818383c383c20",
        "split": "train",
        "version": "v2"
    },
    "regions": [
        {
            "boundingBox": {
                "height": 89.60003662109375,
                "left": 174.20001220703125,
                "top": 395.79998779296875,
                "width": 166.39996337890625
            },
            "id": "MsnmvWpGE",
            "points": [
                {
                    "x": 174.20001220703125,
                    "y": 395.79998779296875
                },
                {
                    "x": 340.5999755859375,
                    "y": 395.79998779296875
                },
                {
                    "x": 340.5999755859375,
                    "y": 485.4000244140625
                },
                {
                    "x": 174.20001220703125,
                    "y": 485.4000244140625
                }
            ]
        }
    ]
}