{
    "asset": {
        "format": "jpg",
        "id": "28066d66ec5b7aed090578db23765d45",
        "name": "71886473_p1_master1200.jpg",
        "size": {
            "height": 339,
            "width": 600
        }
    },
    "dataset": {
        "average_hash": "7f7f37b3b3a09001",
        "split": "train",
        "version": "v3"
    },
    "regions": [
        {
            "boundingBox": {
                "height": 43.46153846153846,
                "left": 342.85714285714283,
                "top": 221.90850360576923,
                "width": 85.71428571428571
            },
            "id": "DxW2jc_Rw",
            "points": [
                {
                    "x": 342.85714285714283,
                    "y": 221.90850360576923
                },
                {
                    "x": 428.57142857142856,
                    "y": 221.90850360576923
                },
                {
                    "x": 428.57142857142856,
                    "y": 265.3700420673077
                },
                {
                    "x": 342.85714285714283,
                    "y": 265.3700420673077
                }
            ]
        },
        {
            "boundingBox": {
                "height": 33.68269230769231,
                "left": 207.23327305605787,
                "top": 237.12004206730768,
                "width": 79.20433996383363
            },
            "id": "2rLiWYTfp",
            "points": [
                {
                    "x": 207.23327305605787,
                    "y": 237.12004206730768
                },
                {
                    "x": 286.4376130198915,
                    "y": 237.12004206730768
                },
                {
                    "x": 286.4376130198915,
                    "y": 270.802734375
                },
                {
                    "x": 207.23327305605787,
                    "y": 270.802734375
                }
            ]
        },
        {
            "boundingBox": {
                "height": 39.11538461538461,
                "left": 468.7160940325497,
                "top": 240.37965745192307,
                "width": 94.39421338155515
            },
            "id": "jkMTFk3sN",
            "points": [
                {
                    "x": 468.7160940325497,
                    "y": 240.37965745192307
                },
                {
                    "x": 563.1103074141049,
                    "y": 240.37965745192307
                },
                {
                    "x": 563.1103074141049,
                    "y": 279.4950420673077
                },
                {
                    "x": 468.7160940325497,
                    "y": 279.4950420673077
                }
            ]
        }
    ]
}